Property ID,Property name,Final URL,Image URL,Destination name,Price,Star rating,Score,Max score,Facilities
96111954696,Объект У Валечки,https://sutochno.ru/front/searchapp/hotels/9611,https://pumpons.github.io/sutochno-feeds/images/2f3cfea8e5a0cb3e.png,Адлер,6500 RUB,0,5.0,5.0,
1401181807346,Объект Южный дворик,https://sutochno.ru/front/searchapp/hotels/140118,https://pumpons.github.io/sutochno-feeds/images/994012d62acbf6c1.png,Адлер,3000 RUB,0,5.0,5.0,трансфер
1401181807370,Объект Южный дворик,https://sutochno.ru/front/searchapp/hotels/140118,https://pumpons.github.io/sutochno-feeds/images/634c5e39a4e99b96.png,Адлер,3600 RUB,0,5.0,5.0,трансфер
1552622014515,Объект Гостевой дом на Чкалова,https://sutochno.ru/front/searchapp/hotels/155262,https://pumpons.github.io/sutochno-feeds/images/7ca6fbf1f524c5f6.png,Адлер,2400 RUB,0,5.0,5.0,
1653752130598,Объект Sonata & SPA,https://sutochno.ru/front/searchapp/hotels/165375,https://pumpons.github.io/sutochno-feeds/images/8e88b243ad616005.png,Адлер,12000 RUB,0,5.0,5.0,
1568082037999,Гостевой дом Аэлита,https://sutochno.ru/front/searchapp/hotels/156808,https://pumpons.github.io/sutochno-feeds/images/fee21c97a56d2469.png,Адлер,8400 RUB,0,5.0,5.0,трансфер
928811255743,Объект Сибиряк,https://sutochno.ru/front/searchapp/hotels/92881,https://pumpons.github.io/sutochno-feeds/images/dfa4f47790234c30.png,Адлер,2500 RUB,0,5.0,5.0,трансфер;Терраса;Бассейн (открытый);бассейн с подогревом
1487531927242,Объект Королевых,https://sutochno.ru/front/searchapp/hotels/148753,https://pumpons.github.io/sutochno-feeds/images/78581fbd6a6c726a.png,Адлер,4720 RUB,0,5.0,5.0,круглосуточная стойка;сауна;Терраса;Бассейн (крытый)
1635142111351,Объект Сан Сочи Делина.Адлер,https://sutochno.ru/front/searchapp/hotels/163514,https://pumpons.github.io/sutochno-feeds/images/c3d994d396a94f1f.png,Адлер,3500 RUB,0,5.0,5.0,трансфер;круглосуточная стойка;сауна;Терраса;бассейн с подогревом;прачечная
928811255733,Объект Сибиряк,https://sutochno.ru/front/searchapp/hotels/92881,https://pumpons.github.io/sutochno-feeds/images/85fc467a99470f5f.png,Адлер,2000 RUB,0,5.0,5.0,трансфер;Терраса;Бассейн (открытый);бассейн с подогревом
1568082038019,Гостевой дом Аэлита,https://sutochno.ru/front/searchapp/hotels/156808,https://pumpons.github.io/sutochno-feeds/images/fee21c97a56d2469.png,Адлер,8400 RUB,0,5.0,5.0,трансфер
1546962106738,Объект Экосад,https://sutochno.ru/front/searchapp/hotels/154696,https://pumpons.github.io/sutochno-feeds/images/3ca156401ada38f5.png,Адлер,6000 RUB,0,5.0,5.0,трансфер;круглосуточная стойка;сад;Терраса;Игровая площадка для детей;переговорная;камера хранения;прачечная
1487531927227,Объект Королевых,https://sutochno.ru/front/searchapp/hotels/148753,https://pumpons.github.io/sutochno-feeds/images/6ad52b54be6a0d80.png,Адлер,2360 RUB,0,5.0,5.0,круглосуточная стойка;сауна;Терраса;Бассейн (крытый)
1594652069532,Гостевой дом Papaya Рark,https://sutochno.ru/front/searchapp/hotels/159465,https://pumpons.github.io/sutochno-feeds/images/75b1cb0174256f42.png,Адлер,7000 RUB,0,5.0,5.0,круглосуточная стойка;Терраса;Бассейн (открытый);прачечная;заказ экскурсий
1600412076270,Объект Карина,https://sutochno.ru/front/searchapp/hotels/160041,https://pumpons.github.io/sutochno-feeds/images/7f43fc2c26c3df65.png,Адлер,2300 RUB,0,5.0,5.0,
51083926179,Объект ArtRoomSochi,https://sutochno.ru/front/searchapp/hotels/51083,https://pumpons.github.io/sutochno-feeds/images/89ad91abe4e68388.png,Адлер,3500 RUB,0,5.0,5.0,трансфер;доставка в номер;Бассейн (открытый)
1594652069485,Гостевой дом Papaya Рark,https://sutochno.ru/front/searchapp/hotels/159465,https://pumpons.github.io/sutochno-feeds/images/e4ba7cbc1e2d9fc8.png,Адлер,5500 RUB,0,5.0,5.0,круглосуточная стойка;Терраса;Бассейн (открытый);прачечная;заказ экскурсий
1153541610344,Отель AC,https://sutochno.ru/front/searchapp/hotels/115354,https://pumpons.github.io/sutochno-feeds/images/99c8d3cacd73e1de.png,Адлер,6100 RUB,0,5.0,5.0,ресторан;доставка в номер;круглосуточная стойка;сауна;Спа;лифт
150664894169,Гостиница Престиж,https://sutochno.ru/front/searchapp/hotels/150664,https://pumpons.github.io/sutochno-feeds/images/f0dee81d0df48528.png,Адлер,11760 RUB,4,5.0,5.0,трансфер;ресторан;доставка в номер;бар;круглосуточная стойка;сауна;Спа;Бассейн (открытый);Собственный пляж;Игровая площадка для детей;лифт;пандус;детский бассейн;бассейн с подогревом;переговорная;камера хранения;бизнес-центр
1642722118785,Объект В самом центре Курортного городка,https://sutochno.ru/front/searchapp/hotels/164272,https://pumpons.github.io/sutochno-feeds/images/2a4459bc9db690dd.png,Адлер,2375 RUB,0,5.0,5.0,
1642722118798,Объект В самом центре Курортного городка,https://sutochno.ru/front/searchapp/hotels/164272,https://pumpons.github.io/sutochno-feeds/images/2a4459bc9db690dd.png,Адлер,2375 RUB,0,5.0,5.0,
1526751980934,Объект У Валентины,https://sutochno.ru/front/searchapp/hotels/152675,https://pumpons.github.io/sutochno-feeds/images/0603b5b826ca110e.png,Адлер,1000 RUB,0,5.0,5.0,трансфер;Терраса;прачечная
1691272186997,Гостевой дом Вилла Таурус,https://sutochno.ru/front/searchapp/hotels/169127,https://pumpons.github.io/sutochno-feeds/images/2b8795e411f8a62a.png,Адлер,4950 RUB,0,5.0,5.0,трансфер;круглосуточная стойка;прачечная
1730782258444,Гостевой дом Комфорт,https://sutochno.ru/front/searchapp/hotels/173078,https://pumpons.github.io/sutochno-feeds/images/d586b1c3aef46c9c.png,Адлер,1840 RUB,0,5.0,5.0,
1546962089385,Объект Экосад,https://sutochno.ru/front/searchapp/hotels/154696,https://pumpons.github.io/sutochno-feeds/images/1763dc1d2fd80f4b.png,Адлер,5525 RUB,0,5.0,5.0,трансфер;круглосуточная стойка;сад;Терраса;Игровая площадка для детей;переговорная;камера хранения;прачечная
1405391811765,Отель Грейс Глобал,https://sutochno.ru/front/searchapp/hotels/140539,https://pumpons.github.io/sutochno-feeds/images/000210d60e8ace43.png,Адлер,9200 RUB,4,5.0,5.0,трансфер;ресторан;круглосуточная стойка;Спа;Бассейн (открытый);лифт;бассейн с подогревом;камера хранения;прачечная
1591232067265,Объект Домик Феи,https://sutochno.ru/front/searchapp/hotels/159123,https://pumpons.github.io/sutochno-feeds/images/a19148b4f3f87f7c.png,Адлер,4000 RUB,0,5.0,5.0,Терраса
1199081987182,Гостевой дом Джина,https://sutochno.ru/front/searchapp/hotels/119908,https://pumpons.github.io/sutochno-feeds/images/a1351e21f37ab963.png,Адлер,1000 RUB,0,5.0,5.0,круглосуточная стойка;Бассейн (открытый)
1693982193751,Гостевой дом Магнолия,https://sutochno.ru/front/searchapp/hotels/169398,https://pumpons.github.io/sutochno-feeds/images/d51a6d67565d0aa0.png,Адлер,2500 RUB,0,5.0,5.0,круглосуточная стойка;Терраса
1693982192282,Гостевой дом Магнолия,https://sutochno.ru/front/searchapp/hotels/169398,https://pumpons.github.io/sutochno-feeds/images/a6e4dffd23137da5.png,Адлер,1900 RUB,0,5.0,5.0,круглосуточная стойка;Терраса
1465771882666,Объект Виктор и Я,https://sutochno.ru/front/searchapp/hotels/146577,https://pumpons.github.io/sutochno-feeds/images/6c7da70f548e0d7f.png,Адлер,4275 RUB,0,5.0,5.0,прачечная
1709952245488,Отель Бриз,https://sutochno.ru/front/searchapp/hotels/170995,https://pumpons.github.io/sutochno-feeds/images/d9e18d2c9ec6381d.png,Адлер,950 RUB,0,5.0,5.0,трансфер;круглосуточная стойка;сад
1153541804093,Отель AC,https://sutochno.ru/front/searchapp/hotels/115354,https://pumpons.github.io/sutochno-feeds/images/3c8c071ebc289f01.png,Адлер,5100 RUB,0,5.0,5.0,ресторан;доставка в номер;круглосуточная стойка;сауна;Спа;лифт
1709952245586,Отель Бриз,https://sutochno.ru/front/searchapp/hotels/170995,https://pumpons.github.io/sutochno-feeds/images/6cfe86c8be969d2b.png,Адлер,1000 RUB,0,5.0,5.0,трансфер;круглосуточная стойка;сад
1709952280846,Отель Бриз,https://sutochno.ru/front/searchapp/hotels/170995,https://pumpons.github.io/sutochno-feeds/images/317ec9a6007aeb02.png,Адлер,600 RUB,0,5.0,5.0,трансфер;круглосуточная стойка;сад
1730782258436,Гостевой дом Комфорт,https://sutochno.ru/front/searchapp/hotels/173078,https://pumpons.github.io/sutochno-feeds/images/2da973590e11e18e.png,Адлер,2127 RUB,0,5.0,5.0,
1524361977179,Объект Диана,https://sutochno.ru/front/searchapp/hotels/152436,https://pumpons.github.io/sutochno-feeds/images/44abeed651abb5f6.png,Адлер,3000 RUB,0,5.0,5.0,Терраса;камера хранения;прачечная
1730782254036,Гостевой дом Комфорт,https://sutochno.ru/front/searchapp/hotels/173078,https://pumpons.github.io/sutochno-feeds/images/d586b1c3aef46c9c.png,Адлер,1840 RUB,0,5.0,5.0,
1199081547543,Гостевой дом Джина,https://sutochno.ru/front/searchapp/hotels/119908,https://pumpons.github.io/sutochno-feeds/images/a6c46590de8eced9.png,Адлер,1250 RUB,0,5.0,5.0,круглосуточная стойка;Бассейн (открытый)
1308001696936,Гостевой дом Аквариум,https://sutochno.ru/front/searchapp/hotels/130800,https://pumpons.github.io/sutochno-feeds/images/4269d7d22359ff1a.png,Адлер,2000 RUB,0,5.0,5.0,трансфер;ресторан;круглосуточная стойка;Бассейн (открытый);Игровая площадка для детей;переговорная;камера хранения;прачечная
1709952245523,Отель Бриз,https://sutochno.ru/front/searchapp/hotels/170995,https://pumpons.github.io/sutochno-feeds/images/d9e18d2c9ec6381d.png,Адлер,950 RUB,0,5.0,5.0,трансфер;круглосуточная стойка;сад
350751685098,Объект Екатерина ,https://sutochno.ru/front/searchapp/hotels/35075,https://pumpons.github.io/sutochno-feeds/images/e9769ae41cb7bc97.png,Адлер,5000 RUB,0,5.0,5.0,сад;Терраса
350751685088,Объект Екатерина ,https://sutochno.ru/front/searchapp/hotels/35075,https://pumpons.github.io/sutochno-feeds/images/d75a3e7c9364ce8a.png,Адлер,6875 RUB,0,5.0,5.0,сад;Терраса
1709952223564,Отель Бриз,https://sutochno.ru/front/searchapp/hotels/170995,https://pumpons.github.io/sutochno-feeds/images/f35dd3f3ad64e87b.png,Адлер,750 RUB,0,5.0,5.0,трансфер;круглосуточная стойка;сад
350751685032,Объект Екатерина ,https://sutochno.ru/front/searchapp/hotels/35075,https://pumpons.github.io/sutochno-feeds/images/6539e761aa754949.png,Адлер,5250 RUB,0,5.0,5.0,сад;Терраса
350751685060,Объект Екатерина ,https://sutochno.ru/front/searchapp/hotels/35075,https://pumpons.github.io/sutochno-feeds/images/3c510a5dadf83b54.png,Адлер,6250 RUB,0,5.0,5.0,сад;Терраса
350751685045,Объект Екатерина ,https://sutochno.ru/front/searchapp/hotels/35075,https://pumpons.github.io/sutochno-feeds/images/e9769ae41cb7bc97.png,Адлер,5000 RUB,0,5.0,5.0,сад;Терраса
1691272186995,Гостевой дом Вилла Таурус,https://sutochno.ru/front/searchapp/hotels/169127,https://pumpons.github.io/sutochno-feeds/images/fa387555aff79f7a.png,Адлер,4180 RUB,0,5.0,5.0,трансфер;круглосуточная стойка;прачечная
1653752130507,Объект Sonata & SPA,https://sutochno.ru/front/searchapp/hotels/165375,https://pumpons.github.io/sutochno-feeds/images/f0582ca0dd3da4f4.png,Адлер,7000 RUB,0,5.0,5.0,
1392721798863,Объект Маргарита,https://sutochno.ru/front/searchapp/hotels/139272,https://pumpons.github.io/sutochno-feeds/images/839e7de10993589b.png,Адлер,13000 RUB,0,5.0,5.0,
1552622014381,Объект Гостевой дом на Чкалова,https://sutochno.ru/front/searchapp/hotels/155262,https://pumpons.github.io/sutochno-feeds/images/8440611f8c63ee76.png,Адлер,2500 RUB,0,5.0,5.0,
1653752130584,Объект Sonata & SPA,https://sutochno.ru/front/searchapp/hotels/165375,https://pumpons.github.io/sutochno-feeds/images/26d7e6218dcdf34a.png,Адлер,9000 RUB,0,5.0,5.0,
1552622014426,Объект Гостевой дом на Чкалова,https://sutochno.ru/front/searchapp/hotels/155262,https://pumpons.github.io/sutochno-feeds/images/44b68132b10cfd82.png,Адлер,3600 RUB,0,5.0,5.0,
1546962006464,Объект Экосад,https://sutochno.ru/front/searchapp/hotels/154696,https://pumpons.github.io/sutochno-feeds/images/4e5ba81f78a3607e.png,Адлер,6600 RUB,0,5.0,5.0,трансфер;круглосуточная стойка;сад;Терраса;Игровая площадка для детей;переговорная;камера хранения;прачечная
1401181807395,Объект Южный дворик,https://sutochno.ru/front/searchapp/hotels/140118,https://pumpons.github.io/sutochno-feeds/images/df5e2c4eeaf79145.png,Адлер,4200 RUB,0,5.0,5.0,трансфер
1552622014407,Объект Гостевой дом на Чкалова,https://sutochno.ru/front/searchapp/hotels/155262,https://pumpons.github.io/sutochno-feeds/images/ad87de3eba523a22.png,Адлер,3000 RUB,0,5.0,5.0,
1487531927230,Объект Королевых,https://sutochno.ru/front/searchapp/hotels/148753,https://pumpons.github.io/sutochno-feeds/images/91dd1b90ab3a03d2.png,Адлер,5900 RUB,0,5.0,5.0,круглосуточная стойка;сауна;Терраса;Бассейн (крытый)
1195121559358,Объект Взлётная ,https://sutochno.ru/front/searchapp/hotels/119512,https://pumpons.github.io/sutochno-feeds/images/28a6bb5e4e6f5561.png,Адлер,4200 RUB,0,5.0,5.0,Игровая площадка для детей
1591232065442,Объект Домик Феи,https://sutochno.ru/front/searchapp/hotels/159123,https://pumpons.github.io/sutochno-feeds/images/68ed8f66c8b6f4cc.png,Адлер,2000 RUB,0,5.0,5.0,Терраса
1536592232698,Объект Континенталь Адлер,https://sutochno.ru/front/searchapp/hotels/153659,https://pumpons.github.io/sutochno-feeds/images/affaac9d76a1de6f.png,Адлер,3800 RUB,0,5.0,5.0,трансфер;Игровая площадка для детей;прачечная
1600412076298,Объект Карина,https://sutochno.ru/front/searchapp/hotels/160041,https://pumpons.github.io/sutochno-feeds/images/c87f7983a2545151.png,Адлер,4800 RUB,0,5.0,5.0,
1487531927248,Объект Королевых,https://sutochno.ru/front/searchapp/hotels/148753,https://pumpons.github.io/sutochno-feeds/images/5cb715d820fe0479.png,Адлер,2950 RUB,0,5.0,5.0,круглосуточная стойка;сауна;Терраса;Бассейн (крытый)
1635142146867,Объект Сан Сочи Делина.Адлер,https://sutochno.ru/front/searchapp/hotels/163514,https://pumpons.github.io/sutochno-feeds/images/2e330f860e6eb718.png,Адлер,2500 RUB,0,5.0,5.0,трансфер;круглосуточная стойка;сауна;Терраса;бассейн с подогревом;прачечная
708311075913,Объект Алина,https://sutochno.ru/front/searchapp/hotels/70831,https://pumpons.github.io/sutochno-feeds/images/86a61cec53ee9a7f.png,Адлер,1800 RUB,0,5.0,5.0,Игровая площадка для детей
1635141377465,Объект Сан Сочи Делина.Адлер,https://sutochno.ru/front/searchapp/hotels/163514,https://pumpons.github.io/sutochno-feeds/images/8674bf7838e64e92.png,Адлер,4500 RUB,0,5.0,5.0,трансфер;круглосуточная стойка;сауна;Терраса;бассейн с подогревом;прачечная
1513341962185,Отель Ромашка,https://sutochno.ru/front/searchapp/hotels/151334,https://pumpons.github.io/sutochno-feeds/images/75d809e1819ca829.png,Адлер,10000 RUB,0,5.0,5.0,круглосуточная стойка;сад;Терраса;камера хранения;прачечная
1513341962186,Отель Ромашка,https://sutochno.ru/front/searchapp/hotels/151334,https://pumpons.github.io/sutochno-feeds/images/9a93b9c82de36cd2.png,Адлер,900 RUB,0,5.0,5.0,круглосуточная стойка;сад;Терраса;камера хранения;прачечная
1546962096295,Объект Экосад,https://sutochno.ru/front/searchapp/hotels/154696,https://pumpons.github.io/sutochno-feeds/images/f3327b02610769a2.png,Адлер,5000 RUB,0,5.0,5.0,трансфер;круглосуточная стойка;сад;Терраса;Игровая площадка для детей;переговорная;камера хранения;прачечная
1635142111338,Объект Сан Сочи Делина.Адлер,https://sutochno.ru/front/searchapp/hotels/163514,https://pumpons.github.io/sutochno-feeds/images/ae4a9bd97037662e.png,Адлер,3800 RUB,0,5.0,5.0,трансфер;круглосуточная стойка;сауна;Терраса;бассейн с подогревом;прачечная
51083957083,Объект ArtRoomSochi,https://sutochno.ru/front/searchapp/hotels/51083,https://pumpons.github.io/sutochno-feeds/images/446701dbe32813ff.png,Адлер,3000 RUB,0,5.0,5.0,трансфер;доставка в номер;Бассейн (открытый)
1513341962809,Отель Ромашка,https://sutochno.ru/front/searchapp/hotels/151334,https://pumpons.github.io/sutochno-feeds/images/8bdc1cab259ee9c5.png,Адлер,1000 RUB,0,5.0,5.0,круглосуточная стойка;сад;Терраса;камера хранения;прачечная
1199081547553,Гостевой дом Джина,https://sutochno.ru/front/searchapp/hotels/119908,https://pumpons.github.io/sutochno-feeds/images/65b81aa527832154.png,Адлер,1500 RUB,0,5.0,5.0,круглосуточная стойка;Бассейн (открытый)
1308001696937,Гостевой дом Аквариум,https://sutochno.ru/front/searchapp/hotels/130800,https://pumpons.github.io/sutochno-feeds/images/e9aeb9c9db19587c.png,Адлер,3000 RUB,0,5.0,5.0,трансфер;ресторан;круглосуточная стойка;Бассейн (открытый);Игровая площадка для детей;переговорная;камера хранения;прачечная
1526751980829,Объект У Валентины,https://sutochno.ru/front/searchapp/hotels/152675,https://pumpons.github.io/sutochno-feeds/images/0603b5b826ca110e.png,Адлер,1000 RUB,0,5.0,5.0,трансфер;Терраса;прачечная
1693982193744,Гостевой дом Магнолия,https://sutochno.ru/front/searchapp/hotels/169398,https://pumpons.github.io/sutochno-feeds/images/d51a6d67565d0aa0.png,Адлер,2500 RUB,0,5.0,5.0,круглосуточная стойка;Терраса
1709952245590,Отель Бриз,https://sutochno.ru/front/searchapp/hotels/170995,https://pumpons.github.io/sutochno-feeds/images/8d2548294fded65c.png,Адлер,1500 RUB,0,5.0,5.0,трансфер;круглосуточная стойка;сад
1153541804044,Отель AC,https://sutochno.ru/front/searchapp/hotels/115354,https://pumpons.github.io/sutochno-feeds/images/3c8c071ebc289f01.png,Адлер,5100 RUB,0,5.0,5.0,ресторан;доставка в номер;круглосуточная стойка;сауна;Спа;лифт
1405391909253,Отель Грейс Глобал,https://sutochno.ru/front/searchapp/hotels/140539,https://pumpons.github.io/sutochno-feeds/images/7d8a6a3c99f7a9c6.png,Адлер,7188 RUB,4,5.0,5.0,трансфер;ресторан;круглосуточная стойка;Спа;Бассейн (открытый);лифт;бассейн с подогревом;камера хранения;прачечная
1513341962331,Отель Ромашка,https://sutochno.ru/front/searchapp/hotels/151334,https://pumpons.github.io/sutochno-feeds/images/974350365be6581f.png,Адлер,1375 RUB,0,5.0,5.0,круглосуточная стойка;сад;Терраса;камера хранения;прачечная
1634802111001,Объект На Православной 14В,https://sutochno.ru/front/searchapp/hotels/163480,https://pumpons.github.io/sutochno-feeds/images/2f8dcef1209c6898.png,Адлер,6000 RUB,0,5.0,5.0,
1691272187002,Гостевой дом Вилла Таурус,https://sutochno.ru/front/searchapp/hotels/169127,https://pumpons.github.io/sutochno-feeds/images/d0822495058d031d.png,Адлер,5720 RUB,0,5.0,5.0,трансфер;круглосуточная стойка;прачечная
897691912708,Объект АкваМария,https://sutochno.ru/front/searchapp/hotels/89769,https://pumpons.github.io/sutochno-feeds/images/e7fcbd1eaccba955.png,Адлер,1840 RUB,0,5.0,5.0,трансфер;круглосуточная стойка;Бассейн (открытый);Игровая площадка для детей;прачечная
1526751980922,Объект У Валентины,https://sutochno.ru/front/searchapp/hotels/152675,https://pumpons.github.io/sutochno-feeds/images/fb18a3eb76d46863.png,Адлер,800 RUB,0,5.0,5.0,трансфер;Терраса;прачечная
1642722118778,Объект В самом центре Курортного городка,https://sutochno.ru/front/searchapp/hotels/164272,https://pumpons.github.io/sutochno-feeds/images/2a4459bc9db690dd.png,Адлер,2375 RUB,0,5.0,5.0,
1203571575109,Гостевой дом Гавань-Адлер,https://sutochno.ru/front/searchapp/hotels/120357,https://pumpons.github.io/sutochno-feeds/images/8111863b6f05890f.png,Адлер,2800 RUB,0,5.0,5.0,доставка в номер;круглосуточная стойка;сауна;сад;Терраса
1594652069339,Гостевой дом Papaya Рark,https://sutochno.ru/front/searchapp/hotels/159465,https://pumpons.github.io/sutochno-feeds/images/b4914467f072689d.png,Адлер,5000 RUB,0,5.0,5.0,круглосуточная стойка;Терраса;Бассейн (открытый);прачечная;заказ экскурсий
1688412229554,Гостевой дом Эльбрус,https://sutochno.ru/front/searchapp/hotels/168841,https://pumpons.github.io/sutochno-feeds/images/37a63cee01328fd1.png,Адлер,1250 RUB,0,5.0,5.0,трансфер;круглосуточная стойка;сад;Терраса;Игровая площадка для детей;детский бассейн;камера хранения;прачечная
1199081547533,Гостевой дом Джина,https://sutochno.ru/front/searchapp/hotels/119908,https://pumpons.github.io/sutochno-feeds/images/a1351e21f37ab963.png,Адлер,1000 RUB,0,5.0,5.0,круглосуточная стойка;Бассейн (открытый)
150664894175,Гостиница Престиж,https://sutochno.ru/front/searchapp/hotels/150664,https://pumpons.github.io/sutochno-feeds/images/bb3f0059b57a3532.png,Адлер,8217 RUB,4,5.0,5.0,трансфер;ресторан;доставка в номер;бар;круглосуточная стойка;сауна;Спа;Бассейн (открытый);Собственный пляж;Игровая площадка для детей;лифт;пандус;детский бассейн;бассейн с подогревом;переговорная;камера хранения;бизнес-центр
1153541804086,Отель AC,https://sutochno.ru/front/searchapp/hotels/115354,https://pumpons.github.io/sutochno-feeds/images/f3a771a5e70308e6.png,Адлер,5600 RUB,0,5.0,5.0,ресторан;доставка в номер;круглосуточная стойка;сауна;Спа;лифт
150664894177,Гостиница Престиж,https://sutochno.ru/front/searchapp/hotels/150664,https://pumpons.github.io/sutochno-feeds/images/17ab7de76be9f08d.png,Адлер,9739 RUB,4,5.0,5.0,трансфер;ресторан;доставка в номер;бар;круглосуточная стойка;сауна;Спа;Бассейн (открытый);Собственный пляж;Игровая площадка для детей;лифт;пандус;детский бассейн;бассейн с подогревом;переговорная;камера хранения;бизнес-центр
1693982193753,Гостевой дом Магнолия,https://sutochno.ru/front/searchapp/hotels/169398,https://pumpons.github.io/sutochno-feeds/images/bcf92e2da65e4fb8.png,Адлер,3100 RUB,0,5.0,5.0,круглосуточная стойка;Терраса
1203571573798,Гостевой дом Гавань-Адлер,https://sutochno.ru/front/searchapp/hotels/120357,https://pumpons.github.io/sutochno-feeds/images/599ef168d9a5b67d.png,Адлер,2000 RUB,0,5.0,5.0,доставка в номер;круглосуточная стойка;сауна;сад;Терраса
1405391936028,Отель Грейс Глобал,https://sutochno.ru/front/searchapp/hotels/140539,https://pumpons.github.io/sutochno-feeds/images/42c8b56c71c05375.png,Адлер,7763 RUB,4,5.0,5.0,трансфер;ресторан;круглосуточная стойка;Спа;Бассейн (открытый);лифт;бассейн с подогревом;камера хранения;прачечная
1405391811749,Отель Грейс Глобал,https://sutochno.ru/front/searchapp/hotels/140539,https://pumpons.github.io/sutochno-feeds/images/b049aaa8d50eeab8.png,Адлер,8625 RUB,4,5.0,5.0,трансфер;ресторан;круглосуточная стойка;Спа;Бассейн (открытый);лифт;бассейн с подогревом;камера хранения;прачечная
1688412181319,Гостевой дом Эльбрус,https://sutochno.ru/front/searchapp/hotels/168841,https://pumpons.github.io/sutochno-feeds/images/f3da8f8df3c2bc4a.png,Адлер,1300 RUB,0,5.0,5.0,трансфер;круглосуточная стойка;сад;Терраса;Игровая площадка для детей;детский бассейн;камера хранения;прачечная
1709952245469,Отель Бриз,https://sutochno.ru/front/searchapp/hotels/170995,https://pumpons.github.io/sutochno-feeds/images/f35dd3f3ad64e87b.png,Адлер,750 RUB,0,5.0,5.0,трансфер;круглосуточная стойка;сад
1524361977145,Объект Диана,https://sutochno.ru/front/searchapp/hotels/152436,https://pumpons.github.io/sutochno-feeds/images/ac23bd9f9a6ba956.png,Адлер,3500 RUB,0,5.0,5.0,Терраса;камера хранения;прачечная
350751685042,Объект Екатерина ,https://sutochno.ru/front/searchapp/hotels/35075,https://pumpons.github.io/sutochno-feeds/images/aad28c44d3c6aa6b.png,Адлер,3750 RUB,0,5.0,5.0,сад;Терраса
798791224625,Гостевой дом Блисс Хаус,https://sutochno.ru/front/searchapp/hotels/79879,https://pumpons.github.io/sutochno-feeds/images/8a180c150a6d7e49.png,Адлер,5500 RUB,0,5.0,5.0,трансфер;ресторан;доставка в номер;сауна;сад;Терраса;Бассейн (открытый)
350751685079,Объект Екатерина ,https://sutochno.ru/front/searchapp/hotels/35075,https://pumpons.github.io/sutochno-feeds/images/3c510a5dadf83b54.png,Адлер,6250 RUB,0,5.0,5.0,сад;Терраса
1691272187004,Гостевой дом Вилла Таурус,https://sutochno.ru/front/searchapp/hotels/169127,https://pumpons.github.io/sutochno-feeds/images/cfaf11e186f8b027.png,Адлер,6050 RUB,0,5.0,5.0,трансфер;круглосуточная стойка;прачечная
163790314084,Объект На Бамбуковой,https://sutochno.ru/front/searchapp/hotels/163790,https://pumpons.github.io/sutochno-feeds/images/0e072b2a0611cd6d.png,Сочи,3800 RUB,0,5.0,5.0,
1577412050961,Объект Порт Кудепста,https://sutochno.ru/front/searchapp/hotels/157741,https://pumpons.github.io/sutochno-feeds/images/1cf528db82491893.png,Сочи,5600 RUB,0,5.0,5.0,трансфер;ресторан;доставка в номер;Терраса;камера хранения;прачечная
1582642055653,Объект Никос,https://sutochno.ru/front/searchapp/hotels/158264,https://pumpons.github.io/sutochno-feeds/images/127ee400a2439878.png,Сочи,2000 RUB,0,5.0,5.0,трансфер;Терраса;Бассейн (открытый)
1622662102563,Объект На Азалий,https://sutochno.ru/front/searchapp/hotels/162266,https://pumpons.github.io/sutochno-feeds/images/409deea288190c63.png,Сочи,3500 RUB,0,5.0,5.0,
55335962519,Объект В Чемитоквадже,https://sutochno.ru/front/searchapp/hotels/55335,https://pumpons.github.io/sutochno-feeds/images/4ae110db63fdc0c6.png,Сочи,1600 RUB,0,5.0,5.0,трансфер;сад;Терраса
950631272957,Гостевой дом Романтика,https://sutochno.ru/front/searchapp/hotels/95063,https://pumpons.github.io/sutochno-feeds/images/13e060eec576e37f.png,Сочи,12000 RUB,0,5.0,5.0,
1582642055646,Объект Никос,https://sutochno.ru/front/searchapp/hotels/158264,https://pumpons.github.io/sutochno-feeds/images/5a0ba652cf1b8276.png,Сочи,3500 RUB,0,5.0,5.0,трансфер;Терраса;Бассейн (открытый)
1618992136639,Объект Лазурный,https://sutochno.ru/front/searchapp/hotels/161899,https://pumpons.github.io/sutochno-feeds/images/6e0d3196bd8eee61.png,Сочи,3000 RUB,0,5.0,5.0,круглосуточная стойка;сад;Терраса
1618852132876,Объект Черномор,https://sutochno.ru/front/searchapp/hotels/161885,https://pumpons.github.io/sutochno-feeds/images/f5a2b49651ac6c3f.png,Сочи,5000 RUB,0,5.0,5.0,трансфер
866191212281,Гостевой дом На Яблочной,https://sutochno.ru/front/searchapp/hotels/86619,https://pumpons.github.io/sutochno-feeds/images/db6798c02c641c7d.png,Сочи,5000 RUB,0,5.0,5.0,
29363745059,Объект Панорама,https://sutochno.ru/front/searchapp/hotels/29363,https://pumpons.github.io/sutochno-feeds/images/d371dde253fdae0c.png,Сочи,3000 RUB,0,5.0,5.0,трансфер;Терраса
1497551936661,Объект Король Лев,https://sutochno.ru/front/searchapp/hotels/149755,https://pumpons.github.io/sutochno-feeds/images/c0fa356c5e6b4529.png,Сочи,1250 RUB,0,5.0,5.0,трансфер;сад;Бассейн (открытый);Игровая площадка для детей;прачечная
736151419225,Гостевой дом Мария,https://sutochno.ru/front/searchapp/hotels/73615,https://pumpons.github.io/sutochno-feeds/images/be5e9cd894fa73c5.png,Сочи,4800 RUB,0,5.0,5.0,ресторан;бар;круглосуточная стойка;Терраса;Игровая площадка для детей
1437031831653,Апартаменты На Горького,https://sutochno.ru/front/searchapp/hotels/143703,https://pumpons.github.io/sutochno-feeds/images/b73bd5bf206c82ca.png,Сочи,3000 RUB,0,5.0,5.0,
1107931450425,Гостевой дом Атлантик,https://sutochno.ru/front/searchapp/hotels/110793,https://pumpons.github.io/sutochno-feeds/images/3d0f75fe84099604.png,Сочи,8000 RUB,0,5.0,5.0,трансфер;сад;Игровая площадка для детей;прачечная
1678242163861,Объект Чайка,https://sutochno.ru/front/searchapp/hotels/167824,https://pumpons.github.io/sutochno-feeds/images/d7fd499d3d53934c.png,Сочи,3250 RUB,0,5.0,5.0,Бассейн (крытый)
684531057855,Объект СоЛа,https://sutochno.ru/front/searchapp/hotels/68453,https://pumpons.github.io/sutochno-feeds/images/d64a4c00008cf82a.png,Сочи,3500 RUB,0,5.0,5.0,трансфер;бар;Терраса;пандус;прачечная
716011082559,Объект Панорама,https://sutochno.ru/front/searchapp/hotels/71601,https://pumpons.github.io/sutochno-feeds/images/6ce7cdfcdef8c639.png,Сочи,1900 RUB,0,5.0,5.0,сад
937032221637,Гостевой дом Вишневка,https://sutochno.ru/front/searchapp/hotels/93703,https://pumpons.github.io/sutochno-feeds/images/c5bce2b880473fad.png,Сочи,2500 RUB,0,5.0,5.0,трансфер;ресторан;круглосуточная стойка;Терраса;Бассейн (открытый)
736151419199,Гостевой дом Мария,https://sutochno.ru/front/searchapp/hotels/73615,https://pumpons.github.io/sutochno-feeds/images/82f3d89aff238ac8.png,Сочи,3850 RUB,0,5.0,5.0,ресторан;бар;круглосуточная стойка;Терраса;Игровая площадка для детей
1543852002145,Объект Вавилон,https://sutochno.ru/front/searchapp/hotels/154385,https://pumpons.github.io/sutochno-feeds/images/9e46e296d45085aa.png,Сочи,1740 RUB,0,5.0,5.0,трансфер;доставка в номер;круглосуточная стойка;Терраса;Бассейн (открытый);Игровая площадка для детей;детский бассейн;бассейн с подогревом;прачечная
638331025269,Объект Winnie House,https://sutochno.ru/front/searchapp/hotels/63833,https://pumpons.github.io/sutochno-feeds/images/20be95fe2d40fdc6.png,Сочи,5300 RUB,0,5.0,5.0,трансфер;круглосуточная стойка;сад;Бассейн (открытый)
1538391995743,Объект Мечта,https://sutochno.ru/front/searchapp/hotels/153839,https://pumpons.github.io/sutochno-feeds/images/1e5434ea40226c10.png,Сочи,3500 RUB,0,5.0,5.0,трансфер;Бассейн (открытый);детский бассейн
937032012950,Гостевой дом Вишневка,https://sutochno.ru/front/searchapp/hotels/93703,https://pumpons.github.io/sutochno-feeds/images/8e7221418240a73e.png,Сочи,4500 RUB,0,5.0,5.0,трансфер;ресторан;круглосуточная стойка;Терраса;Бассейн (открытый)
1228511594917,Хостел SaFit,https://sutochno.ru/front/searchapp/hotels/122851,https://pumpons.github.io/sutochno-feeds/images/663e3c9f2050e6ee.png,Сочи,1800 RUB,2,5.0,5.0,круглосуточная стойка
1654982132102,Хостел Прокофьев,https://sutochno.ru/front/searchapp/hotels/165498,https://pumpons.github.io/sutochno-feeds/images/26b121f6433f2112.png,Сочи,1200 RUB,0,5.0,5.0,камера хранения
736151419237,Гостевой дом Мария,https://sutochno.ru/front/searchapp/hotels/73615,https://pumpons.github.io/sutochno-feeds/images/a488857398ef45d4.png,Сочи,6450 RUB,0,5.0,5.0,ресторан;бар;круглосуточная стойка;Терраса;Игровая площадка для детей
1228511593291,Хостел SaFit,https://sutochno.ru/front/searchapp/hotels/122851,https://pumpons.github.io/sutochno-feeds/images/663e3c9f2050e6ee.png,Сочи,1800 RUB,2,5.0,5.0,круглосуточная стойка
1754042283762,Гостевой дом Софанна,https://sutochno.ru/front/searchapp/hotels/175404,https://pumpons.github.io/sutochno-feeds/images/f095c252ed75178d.png,Сочи,4000 RUB,0,5.0,5.0,
638331024927,Объект Winnie House,https://sutochno.ru/front/searchapp/hotels/63833,https://pumpons.github.io/sutochno-feeds/images/32ac35da6f2f25b1.png,Сочи,5500 RUB,0,5.0,5.0,трансфер;круглосуточная стойка;сад;Бассейн (открытый)
1543852294531,Объект Вавилон,https://sutochno.ru/front/searchapp/hotels/154385,https://pumpons.github.io/sutochno-feeds/images/f8630ecfc19e10de.png,Сочи,1450 RUB,0,5.0,5.0,трансфер;доставка в номер;круглосуточная стойка;Терраса;Бассейн (открытый);Игровая площадка для детей;детский бассейн;бассейн с подогревом;прачечная
51407928579,Мини-гостиница Simple Hotel,https://sutochno.ru/front/searchapp/hotels/51407,https://pumpons.github.io/sutochno-feeds/images/24ce1b1aa5eddb99.png,Сочи,6800 RUB,0,5.0,5.0,круглосуточная стойка;Терраса
696551067179,Объект Комнаты в коттедже,https://sutochno.ru/front/searchapp/hotels/69655,https://pumpons.github.io/sutochno-feeds/images/abd20dd3ec8b65a7.png,Сочи,1800 RUB,0,5.0,5.0,трансфер;сауна;сад;Терраса
933931259785,Гостевой дом Сиар,https://sutochno.ru/front/searchapp/hotels/93393,https://pumpons.github.io/sutochno-feeds/images/c732bb733892061f.png,Сочи,2750 RUB,0,5.0,5.0,трансфер;круглосуточная стойка;сад;Терраса;Бассейн (открытый);Игровая площадка для детей;бассейн с подогревом;прачечная
1256651620682,Гостевой дом Грей,https://sutochno.ru/front/searchapp/hotels/125665,https://pumpons.github.io/sutochno-feeds/images/ae133beaa60949d2.png,Сочи,4500 RUB,0,5.0,5.0,круглосуточная стойка
1660782138787,Объект На Фермерской,https://sutochno.ru/front/searchapp/hotels/166078,https://pumpons.github.io/sutochno-feeds/images/ec3621f301829d7e.png,Сочи,3125 RUB,0,5.0,5.0,
713531082653,Объект Жемчуг,https://sutochno.ru/front/searchapp/hotels/71353,https://pumpons.github.io/sutochno-feeds/images/70d3ce12d64c2dd3.png,Сочи,11200 RUB,0,5.0,5.0,ресторан;доставка в номер;бар;круглосуточная стойка
1300001687949,"База отдыха База семейного отдыха ""Лунная поляна""",https://sutochno.ru/front/searchapp/hotels/130000,https://pumpons.github.io/sutochno-feeds/images/796ea8a006218378.png,Сочи,4600 RUB,0,5.0,5.0,ресторан;сауна
1660782138806,Объект На Фермерской,https://sutochno.ru/front/searchapp/hotels/166078,https://pumpons.github.io/sutochno-feeds/images/089c2756a0b52f20.png,Сочи,2500 RUB,0,5.0,5.0,
1678242163478,Объект Чайка,https://sutochno.ru/front/searchapp/hotels/167824,https://pumpons.github.io/sutochno-feeds/images/5a0199cd77a8bb2c.png,Сочи,2375 RUB,0,5.0,5.0,Бассейн (крытый)
1588152061608,Гостевой дом Бриз-Адлер,https://sutochno.ru/front/searchapp/hotels/158815,https://pumpons.github.io/sutochno-feeds/images/12c25749e50dd486.png,Сочи,7000 RUB,0,5.0,5.0,
1738302270968,Гостевой дом Лазурный,https://sutochno.ru/front/searchapp/hotels/173830,https://pumpons.github.io/sutochno-feeds/images/02816926eedd758e.png,Сочи,990 RUB,0,5.0,5.0,трансфер;бар
1300001687912,"База отдыха База семейного отдыха ""Лунная поляна""",https://sutochno.ru/front/searchapp/hotels/130000,https://pumpons.github.io/sutochno-feeds/images/c97e37641611836c.png,Сочи,3600 RUB,0,5.0,5.0,ресторан;сауна
1566602078089,Объект Лазурный берег,https://sutochno.ru/front/searchapp/hotels/156660,https://pumpons.github.io/sutochno-feeds/images/0bbfaf84f3363863.png,Сочи,1899 RUB,0,5.0,5.0,
993191319569,Гостевой дом Уютный Дворик,https://sutochno.ru/front/searchapp/hotels/99319,https://pumpons.github.io/sutochno-feeds/images/140cfd5f43cd1900.png,Сочи,1900 RUB,0,5.0,5.0,Бассейн (открытый);Игровая площадка для детей;детский бассейн
1148091980791,Гостиница Аквариум,https://sutochno.ru/front/searchapp/hotels/114809,https://pumpons.github.io/sutochno-feeds/images/b9e964e872f5dd0a.png,Сочи,3600 RUB,0,5.0,5.0,трансфер;круглосуточная стойка;сад;анимация;камера хранения;прачечная
1682432170798,Отель Золотой дельфин,https://sutochno.ru/front/searchapp/hotels/168243,https://pumpons.github.io/sutochno-feeds/images/e9fb261c9c289899.png,Сочи,7000 RUB,4,5.0,5.0,ресторан;бар;круглосуточная стойка;Бассейн (открытый);камера хранения
1698072258845,Отель Arboria SPA Hotel by Morskoy Resort,https://sutochno.ru/front/searchapp/hotels/169807,https://pumpons.github.io/sutochno-feeds/images/50575543efcd769d.png,Сочи,6000 RUB,0,5.0,5.0,ресторан;доставка в номер;круглосуточная стойка;Терраса;Бассейн (открытый);джакузи общего пользования;Игровая площадка для детей;лифт;бассейн с подогревом
1682432170791,Отель Золотой дельфин,https://sutochno.ru/front/searchapp/hotels/168243,https://pumpons.github.io/sutochno-feeds/images/8da3ea0ae056bcf1.png,Сочи,5500 RUB,4,5.0,5.0,ресторан;бар;круглосуточная стойка;Бассейн (открытый);камера хранения
1707022225842,Отель Aqua DeLuxe,https://sutochno.ru/front/searchapp/hotels/170702,https://pumpons.github.io/sutochno-feeds/images/ff61f3f828e29c39.png,Сочи,3200 RUB,0,5.0,5.0,Бассейн (открытый);Игровая площадка для детей
1754042285821,Гостевой дом Софанна,https://sutochno.ru/front/searchapp/hotels/175404,https://pumpons.github.io/sutochno-feeds/images/635bfd1a14b73194.png,Сочи,8000 RUB,0,5.0,5.0,
1740952267564,Гостевой дом София,https://sutochno.ru/front/searchapp/hotels/174095,https://pumpons.github.io/sutochno-feeds/images/6908eb5c4331f32f.png,Сочи,1050 RUB,0,5.0,5.0,круглосуточная стойка
1532951995759,Отель Grand Cascade,https://sutochno.ru/front/searchapp/hotels/153295,https://pumpons.github.io/sutochno-feeds/images/1f3bcffc3e77502d.png,Сочи,32700 RUB,5,5.0,5.0,трансфер;ресторан;доставка в номер;круглосуточная стойка;сауна;Фитнес/спортзал;сад;Терраса;Спа;Бассейн (крытый);джакузи общего пользования;Игровая площадка для детей;лифт;детский бассейн;бассейн с подогревом;конференц-зал;камера хранения;прачечная
880931215379,Апартаменты Райский островок,https://sutochno.ru/front/searchapp/hotels/88093,https://pumpons.github.io/sutochno-feeds/images/b1f582ada0887956.png,Сочи,1500 RUB,0,5.0,5.0,ресторан;круглосуточная стойка;сад;Терраса;лифт
1682432170781,Отель Золотой дельфин,https://sutochno.ru/front/searchapp/hotels/168243,https://pumpons.github.io/sutochno-feeds/images/400bd03f5f62cd5d.png,Сочи,3800 RUB,4,5.0,5.0,ресторан;бар;круглосуточная стойка;Бассейн (открытый);камера хранения
1148091764671,Гостиница Аквариум,https://sutochno.ru/front/searchapp/hotels/114809,https://pumpons.github.io/sutochno-feeds/images/3ca259c7dc99d5f6.png,Сочи,2970 RUB,0,5.0,5.0,трансфер;круглосуточная стойка;сад;анимация;камера хранения;прачечная
1754042283792,Гостевой дом Софанна,https://sutochno.ru/front/searchapp/hotels/175404,https://pumpons.github.io/sutochno-feeds/images/8d932810fe9706a8.png,Сочи,5000 RUB,0,5.0,5.0,
54387952121,Объект Голубая Лагуна,https://sutochno.ru/front/searchapp/hotels/54387,https://pumpons.github.io/sutochno-feeds/images/04f2670bf618ddee.png,Сочи,1500 RUB,0,5.0,5.0,Бассейн (открытый)
1715882247992,Гостиница Натали,https://sutochno.ru/front/searchapp/hotels/171588,https://pumpons.github.io/sutochno-feeds/images/0c08823c5b878d6c.png,Сочи,1099 RUB,0,5.0,5.0,ресторан;круглосуточная стойка;Терраса;Бассейн (открытый);камера хранения
1738302268254,Гостевой дом Лазурный,https://sutochno.ru/front/searchapp/hotels/173830,https://pumpons.github.io/sutochno-feeds/images/916d171d315fed3e.png,Сочи,2245 RUB,0,5.0,5.0,трансфер;бар
1715882234294,Гостиница Натали,https://sutochno.ru/front/searchapp/hotels/171588,https://pumpons.github.io/sutochno-feeds/images/320ec2f8b686d5a3.png,Сочи,1500 RUB,0,5.0,5.0,ресторан;круглосуточная стойка;Терраса;Бассейн (открытый);камера хранения
1738302266987,Гостевой дом Лазурный,https://sutochno.ru/front/searchapp/hotels/173830,https://pumpons.github.io/sutochno-feeds/images/a7897584925039ec.png,Сочи,1700 RUB,0,5.0,5.0,трансфер;бар
1738302265686,Гостевой дом Лазурный,https://sutochno.ru/front/searchapp/hotels/173830,https://pumpons.github.io/sutochno-feeds/images/a3e5e4bb0a377b35.png,Сочи,1500 RUB,0,5.0,5.0,трансфер;бар
1568832044506,Отель Sochi Beach,https://sutochno.ru/front/searchapp/hotels/156883,https://pumpons.github.io/sutochno-feeds/images/475df017cb948fd1.png,Сочи,3500 RUB,3,5.0,5.0,ресторан;доставка в номер;бар;круглосуточная стойка;сауна;Терраса;джакузи общего пользования;прачечная
1715882233102,Гостиница Натали,https://sutochno.ru/front/searchapp/hotels/171588,https://pumpons.github.io/sutochno-feeds/images/ca33373c11ac2786.png,Сочи,1399 RUB,0,5.0,5.0,ресторан;круглосуточная стойка;Терраса;Бассейн (открытый);камера хранения
1738302267260,Гостевой дом Лазурный,https://sutochno.ru/front/searchapp/hotels/173830,https://pumpons.github.io/sutochno-feeds/images/bebc10b06d9a2287.png,Сочи,1690 RUB,0,5.0,5.0,трансфер;бар
1661742140256,Объект Дача,https://sutochno.ru/front/searchapp/hotels/166174,https://pumpons.github.io/sutochno-feeds/images/c4e7265d5e7671ed.png,Сочи,3000 RUB,0,5.0,5.0,трансфер;сауна;Бассейн (открытый)
29147742173,Объект Катюша,https://sutochno.ru/front/searchapp/hotels/29147,https://pumpons.github.io/sutochno-feeds/images/e0893bfcc77c70a0.png,Сочи,4500 RUB,0,5.0,5.0,трансфер;доставка в номер;бар;круглосуточная стойка;сад;Терраса;Бассейн (открытый);Собственный пляж;Игровая площадка для детей;прачечная
23137692375,Мини-гостиница Вилла Полианна,https://sutochno.ru/front/searchapp/hotels/23137,https://pumpons.github.io/sutochno-feeds/images/4483775934ae6d89.png,Сочи,7665 RUB,0,5.0,5.0,трансфер;ресторан;доставка в номер;бар;круглосуточная стойка;сауна;Терраса;Спа;Бассейн (открытый);Бассейн (крытый);джакузи общего пользования;Собственный пляж;Игровая площадка для детей
1474071896643,Хостел Как дома,https://sutochno.ru/front/searchapp/hotels/147407,https://pumpons.github.io/sutochno-feeds/images/844c8105cf556083.png,Сочи,1200 RUB,0,5.0,5.0,круглосуточная стойка
1660782138798,Объект На Фермерской,https://sutochno.ru/front/searchapp/hotels/166078,https://pumpons.github.io/sutochno-feeds/images/ec3621f301829d7e.png,Сочи,3125 RUB,0,5.0,5.0,
995311388031,Бутик-отель Усадьба Хлудова,https://sutochno.ru/front/searchapp/hotels/99531,https://pumpons.github.io/sutochno-feeds/images/fe0e29f2694be796.png,Сочи,28431 RUB,5,5.0,5.0,трансфер;ресторан;доставка в номер;круглосуточная стойка;сауна;Фитнес/спортзал;сад;Терраса;Бассейн (открытый)
1474071896088,Хостел Как дома,https://sutochno.ru/front/searchapp/hotels/147407,https://pumpons.github.io/sutochno-feeds/images/844c8105cf556083.png,Сочи,1200 RUB,0,5.0,5.0,круглосуточная стойка
1661742140234,Объект Дача,https://sutochno.ru/front/searchapp/hotels/166174,https://pumpons.github.io/sutochno-feeds/images/cf47b1d4ce6773dc.png,Сочи,4000 RUB,0,5.0,5.0,трансфер;сауна;Бассейн (открытый)
1565192033821,Объект Маракуйя,https://sutochno.ru/front/searchapp/hotels/156519,https://pumpons.github.io/sutochno-feeds/images/be992cc5f105a902.png,Сочи,1500 RUB,0,5.0,5.0,трансфер;круглосуточная стойка
1365432043544,Объект Лиана,https://sutochno.ru/front/searchapp/hotels/136543,https://pumpons.github.io/sutochno-feeds/images/e73ec6f4dc8d5c81.png,Сочи,5000 RUB,0,5.0,5.0,трансфер;круглосуточная стойка;прачечная
1582642055999,Объект Никос,https://sutochno.ru/front/searchapp/hotels/158264,https://pumpons.github.io/sutochno-feeds/images/aedfc72c83785a99.png,Сочи,7200 RUB,0,5.0,5.0,трансфер;Терраса;Бассейн (открытый)
55335962441,Объект В Чемитоквадже,https://sutochno.ru/front/searchapp/hotels/55335,https://pumpons.github.io/sutochno-feeds/images/bf372f4e7f300b44.png,Сочи,2260 RUB,0,5.0,5.0,трансфер;сад;Терраса
950632251409,Гостевой дом Романтика,https://sutochno.ru/front/searchapp/hotels/95063,https://pumpons.github.io/sutochno-feeds/images/2568be71937d1c79.png,Сочи,8000 RUB,0,5.0,5.0,
1617562095509,Объект Ной-отель (Южный вайб),https://sutochno.ru/front/searchapp/hotels/161756,https://pumpons.github.io/sutochno-feeds/images/795a90a6ab94d4bb.png,Сочи,6500 RUB,0,5.0,5.0,сауна
950631273043,Гостевой дом Романтика,https://sutochno.ru/front/searchapp/hotels/95063,https://pumpons.github.io/sutochno-feeds/images/2568be71937d1c79.png,Сочи,8000 RUB,0,5.0,5.0,
1618852095458,Объект Черномор,https://sutochno.ru/front/searchapp/hotels/161885,https://pumpons.github.io/sutochno-feeds/images/e38a8228229b3ba9.png,Сочи,4000 RUB,0,5.0,5.0,трансфер
1618992137722,Объект Лазурный,https://sutochno.ru/front/searchapp/hotels/161899,https://pumpons.github.io/sutochno-feeds/images/3e69d61e5b1cc811.png,Сочи,4000 RUB,0,5.0,5.0,круглосуточная стойка;сад;Терраса
866191755297,Гостевой дом На Яблочной,https://sutochno.ru/front/searchapp/hotels/86619,https://pumpons.github.io/sutochno-feeds/images/3ce03dc5f2d4abf3.png,Сочи,9000 RUB,0,5.0,5.0,
1618852132928,Объект Черномор,https://sutochno.ru/front/searchapp/hotels/161885,https://pumpons.github.io/sutochno-feeds/images/e38a8228229b3ba9.png,Сочи,4000 RUB,0,5.0,5.0,трансфер
29363758495,Объект Панорама,https://sutochno.ru/front/searchapp/hotels/29363,https://pumpons.github.io/sutochno-feeds/images/d371dde253fdae0c.png,Сочи,3000 RUB,0,5.0,5.0,трансфер;Терраса
1497551936605,Объект Король Лев,https://sutochno.ru/front/searchapp/hotels/149755,https://pumpons.github.io/sutochno-feeds/images/c0fa356c5e6b4529.png,Сочи,1250 RUB,0,5.0,5.0,трансфер;сад;Бассейн (открытый);Игровая площадка для детей;прачечная
937031262461,Гостевой дом Вишневка,https://sutochno.ru/front/searchapp/hotels/93703,https://pumpons.github.io/sutochno-feeds/images/8e7221418240a73e.png,Сочи,4500 RUB,0,5.0,5.0,трансфер;ресторан;круглосуточная стойка;Терраса;Бассейн (открытый)
1107931450373,Гостевой дом Атлантик,https://sutochno.ru/front/searchapp/hotels/110793,https://pumpons.github.io/sutochno-feeds/images/08c32ecf91784121.png,Сочи,6200 RUB,0,5.0,5.0,трансфер;сад;Игровая площадка для детей;прачечная
937032013517,Гостевой дом Вишневка,https://sutochno.ru/front/searchapp/hotels/93703,https://pumpons.github.io/sutochno-feeds/images/8e7221418240a73e.png,Сочи,4500 RUB,0,5.0,5.0,трансфер;ресторан;круглосуточная стойка;Терраса;Бассейн (открытый)
1474071896096,Хостел Как дома,https://sutochno.ru/front/searchapp/hotels/147407,https://pumpons.github.io/sutochno-feeds/images/424336e3561b8bda.png,Сочи,3600 RUB,0,5.0,5.0,круглосуточная стойка
1594002095810,Апартаменты Светлана парк,https://sutochno.ru/front/searchapp/hotels/159400,https://pumpons.github.io/sutochno-feeds/images/fbf199c4af227aab.png,Сочи,16000 RUB,0,5.0,5.0,трансфер;ресторан;доставка в номер;лифт;заказ экскурсий
866191755445,Гостевой дом На Яблочной,https://sutochno.ru/front/searchapp/hotels/86619,https://pumpons.github.io/sutochno-feeds/images/576ce73bb2546e86.png,Сочи,4000 RUB,0,5.0,5.0,
1538391995733,Объект Мечта,https://sutochno.ru/front/searchapp/hotels/153839,https://pumpons.github.io/sutochno-feeds/images/db70801a98e736ff.png,Сочи,2500 RUB,0,5.0,5.0,трансфер;Бассейн (открытый);детский бассейн
1678242163842,Объект Чайка,https://sutochno.ru/front/searchapp/hotels/167824,https://pumpons.github.io/sutochno-feeds/images/d7fd499d3d53934c.png,Сочи,3250 RUB,0,5.0,5.0,Бассейн (крытый)
1654982132100,Хостел Прокофьев,https://sutochno.ru/front/searchapp/hotels/165498,https://pumpons.github.io/sutochno-feeds/images/26b121f6433f2112.png,Сочи,1200 RUB,0,5.0,5.0,камера хранения
684531057903,Объект СоЛа,https://sutochno.ru/front/searchapp/hotels/68453,https://pumpons.github.io/sutochno-feeds/images/d64a4c00008cf82a.png,Сочи,3500 RUB,0,5.0,5.0,трансфер;бар;Терраса;пандус;прачечная
1474071947855,Хостел Как дома,https://sutochno.ru/front/searchapp/hotels/147407,https://pumpons.github.io/sutochno-feeds/images/c23a6b166070c587.png,Сочи,1080 RUB,0,5.0,5.0,круглосуточная стойка
1678242163486,Объект Чайка,https://sutochno.ru/front/searchapp/hotels/167824,https://pumpons.github.io/sutochno-feeds/images/5a0199cd77a8bb2c.png,Сочи,2375 RUB,0,5.0,5.0,Бассейн (крытый)
1105711448541,Гостевой дом Виктория,https://sutochno.ru/front/searchapp/hotels/110571,https://pumpons.github.io/sutochno-feeds/images/5cfd772ff702b079.png,Сочи,2220 RUB,0,5.0,5.0,
716011082561,Объект Панорама,https://sutochno.ru/front/searchapp/hotels/71601,https://pumpons.github.io/sutochno-feeds/images/30d74cacefe738a1.png,Сочи,2880 RUB,0,5.0,5.0,сад
1437031831891,Апартаменты На Горького,https://sutochno.ru/front/searchapp/hotels/143703,https://pumpons.github.io/sutochno-feeds/images/b73bd5bf206c82ca.png,Сочи,3000 RUB,0,5.0,5.0,
1474071896617,Хостел Как дома,https://sutochno.ru/front/searchapp/hotels/147407,https://pumpons.github.io/sutochno-feeds/images/c23a6b166070c587.png,Сочи,1080 RUB,0,5.0,5.0,круглосуточная стойка
1543852002318,Объект Вавилон,https://sutochno.ru/front/searchapp/hotels/154385,https://pumpons.github.io/sutochno-feeds/images/5351622160ddbfd6.png,Сочи,2900 RUB,0,5.0,5.0,трансфер;доставка в номер;круглосуточная стойка;Терраса;Бассейн (открытый);Игровая площадка для детей;детский бассейн;бассейн с подогревом;прачечная
937032014222,Гостевой дом Вишневка,https://sutochno.ru/front/searchapp/hotels/93703,https://pumpons.github.io/sutochno-feeds/images/8e7221418240a73e.png,Сочи,4500 RUB,0,5.0,5.0,трансфер;ресторан;круглосуточная стойка;Терраса;Бассейн (открытый)
1543852002226,Объект Вавилон,https://sutochno.ru/front/searchapp/hotels/154385,https://pumpons.github.io/sutochno-feeds/images/a9922adb6b11e2b7.png,Сочи,2030 RUB,0,5.0,5.0,трансфер;доставка в номер;круглосуточная стойка;Терраса;Бассейн (открытый);Игровая площадка для детей;детский бассейн;бассейн с подогревом;прачечная
638331024309,Объект Winnie House,https://sutochno.ru/front/searchapp/hotels/63833,https://pumpons.github.io/sutochno-feeds/images/0216f1925b662e2b.png,Сочи,2950 RUB,0,5.0,5.0,трансфер;круглосуточная стойка;сад;Бассейн (открытый)
937032013526,Гостевой дом Вишневка,https://sutochno.ru/front/searchapp/hotels/93703,https://pumpons.github.io/sutochno-feeds/images/538bab4f87e3b723.png,Сочи,3000 RUB,0,5.0,5.0,трансфер;ресторан;круглосуточная стойка;Терраса;Бассейн (открытый)
1228511594909,Хостел SaFit,https://sutochno.ru/front/searchapp/hotels/122851,https://pumpons.github.io/sutochno-feeds/images/663e3c9f2050e6ee.png,Сочи,1800 RUB,2,5.0,5.0,круглосуточная стойка
1506961954857,Гостевой дом У Чехова,https://sutochno.ru/front/searchapp/hotels/150696,https://pumpons.github.io/sutochno-feeds/images/3926dd04b656864e.png,Сочи,3500 RUB,0,5.0,5.0,доставка в номер;круглосуточная стойка
1506961954834,Гостевой дом У Чехова,https://sutochno.ru/front/searchapp/hotels/150696,https://pumpons.github.io/sutochno-feeds/images/8c0a86aacb0855e0.png,Сочи,3000 RUB,0,5.0,5.0,доставка в номер;круглосуточная стойка
1543852002246,Объект Вавилон,https://sutochno.ru/front/searchapp/hotels/154385,https://pumpons.github.io/sutochno-feeds/images/0c5dcd040214fd79.png,Сочи,2610 RUB,0,5.0,5.0,трансфер;доставка в номер;круглосуточная стойка;Терраса;Бассейн (открытый);Игровая площадка для детей;детский бассейн;бассейн с подогревом;прачечная
1310991701359,Гостевой дом SunMania,https://sutochno.ru/front/searchapp/hotels/131099,https://pumpons.github.io/sutochno-feeds/images/5e9483729d67378f.png,Сочи,4200 RUB,0,5.0,5.0,трансфер;Бассейн (открытый);Игровая площадка для детей;детский бассейн;бассейн с подогревом
1107931450367,Гостевой дом Атлантик,https://sutochno.ru/front/searchapp/hotels/110793,https://pumpons.github.io/sutochno-feeds/images/0d39b4bb111450bf.png,Сочи,5800 RUB,0,5.0,5.0,трансфер;сад;Игровая площадка для детей;прачечная
1543852002234,Объект Вавилон,https://sutochno.ru/front/searchapp/hotels/154385,https://pumpons.github.io/sutochno-feeds/images/0c5dcd040214fd79.png,Сочи,2610 RUB,0,5.0,5.0,трансфер;доставка в номер;круглосуточная стойка;Терраса;Бассейн (открытый);Игровая площадка для детей;детский бассейн;бассейн с подогревом;прачечная
638331025831,Объект Winnie House,https://sutochno.ru/front/searchapp/hotels/63833,https://pumpons.github.io/sutochno-feeds/images/5a16dfda8b2ebca8.png,Сочи,3400 RUB,0,5.0,5.0,трансфер;круглосуточная стойка;сад;Бассейн (открытый)
696551037971,Объект Комнаты в коттедже,https://sutochno.ru/front/searchapp/hotels/69655,https://pumpons.github.io/sutochno-feeds/images/11f65d3becad9909.png,Сочи,2000 RUB,0,5.0,5.0,трансфер;сауна;сад;Терраса
713531082075,Объект Жемчуг,https://sutochno.ru/front/searchapp/hotels/71353,https://pumpons.github.io/sutochno-feeds/images/7e40a00c2c4a39be.png,Сочи,6000 RUB,0,5.0,5.0,ресторан;доставка в номер;бар;круглосуточная стойка
1107931450467,Гостевой дом Атлантик,https://sutochno.ru/front/searchapp/hotels/110793,https://pumpons.github.io/sutochno-feeds/images/d5dc9f81ba6be9b5.png,Сочи,5400 RUB,0,5.0,5.0,трансфер;сад;Игровая площадка для детей;прачечная
1654982132099,Хостел Прокофьев,https://sutochno.ru/front/searchapp/hotels/165498,https://pumpons.github.io/sutochno-feeds/images/26b121f6433f2112.png,Сочи,1200 RUB,0,5.0,5.0,камера хранения
1506961954179,Гостевой дом У Чехова,https://sutochno.ru/front/searchapp/hotels/150696,https://pumpons.github.io/sutochno-feeds/images/b0420cbb5b8494c7.png,Сочи,2000 RUB,0,5.0,5.0,доставка в номер;круглосуточная стойка
51407928501,Мини-гостиница Simple Hotel,https://sutochno.ru/front/searchapp/hotels/51407,https://pumpons.github.io/sutochno-feeds/images/6ec39258da10cc2a.png,Сочи,5500 RUB,0,5.0,5.0,круглосуточная стойка;Терраса
1256651620679,Гостевой дом Грей,https://sutochno.ru/front/searchapp/hotels/125665,https://pumpons.github.io/sutochno-feeds/images/d4b0cf5fc76438d4.png,Сочи,3300 RUB,0,5.0,5.0,круглосуточная стойка
713531082611,Объект Жемчуг,https://sutochno.ru/front/searchapp/hotels/71353,https://pumpons.github.io/sutochno-feeds/images/fe3bd630766a23c7.png,Сочи,13200 RUB,0,5.0,5.0,ресторан;доставка в номер;бар;круглосуточная стойка
1256651620669,Гостевой дом Грей,https://sutochno.ru/front/searchapp/hotels/125665,https://pumpons.github.io/sutochno-feeds/images/98665f16fbb3f6ee.png,Сочи,3800 RUB,0,5.0,5.0,круглосуточная стойка
1577412050966,Объект Порт Кудепста,https://sutochno.ru/front/searchapp/hotels/157741,https://pumpons.github.io/sutochno-feeds/images/1cf528db82491893.png,Сочи,5600 RUB,0,5.0,5.0,трансфер;ресторан;доставка в номер;Терраса;камера хранения;прачечная
1660782138790,Объект На Фермерской,https://sutochno.ru/front/searchapp/hotels/166078,https://pumpons.github.io/sutochno-feeds/images/ec3621f301829d7e.png,Сочи,3125 RUB,0,5.0,5.0,
1707022225851,Отель Aqua DeLuxe,https://sutochno.ru/front/searchapp/hotels/170702,https://pumpons.github.io/sutochno-feeds/images/2b98cb453d5a2e7a.png,Сочи,3800 RUB,0,5.0,5.0,Бассейн (открытый);Игровая площадка для детей
1738302270908,Гостевой дом Лазурный,https://sutochno.ru/front/searchapp/hotels/173830,https://pumpons.github.io/sutochno-feeds/images/45224bbadc6f2b2a.png,Сочи,1450 RUB,0,5.0,5.0,трансфер;бар
1698072258833,Отель Arboria SPA Hotel by Morskoy Resort,https://sutochno.ru/front/searchapp/hotels/169807,https://pumpons.github.io/sutochno-feeds/images/5b3beafc57e39ea1.png,Сочи,4800 RUB,0,5.0,5.0,ресторан;доставка в номер;круглосуточная стойка;Терраса;Бассейн (открытый);джакузи общего пользования;Игровая площадка для детей;лифт;бассейн с подогревом
1707022225857,Отель Aqua DeLuxe,https://sutochno.ru/front/searchapp/hotels/170702,https://pumpons.github.io/sutochno-feeds/images/8c319b26292d092e.png,Сочи,4900 RUB,0,5.0,5.0,Бассейн (открытый);Игровая площадка для детей
1310991701337,Гостевой дом SunMania,https://sutochno.ru/front/searchapp/hotels/131099,https://pumpons.github.io/sutochno-feeds/images/b746278551a98bef.png,Сочи,3600 RUB,0,5.0,5.0,трансфер;Бассейн (открытый);Игровая площадка для детей;детский бассейн;бассейн с подогревом
1588152061670,Гостевой дом Бриз-Адлер,https://sutochno.ru/front/searchapp/hotels/158815,https://pumpons.github.io/sutochno-feeds/images/e71fdaa58d53773f.png,Сочи,5000 RUB,0,5.0,5.0,
1682432170794,Отель Золотой дельфин,https://sutochno.ru/front/searchapp/hotels/168243,https://pumpons.github.io/sutochno-feeds/images/95774e69c356fc24.png,Сочи,6500 RUB,4,5.0,5.0,ресторан;бар;круглосуточная стойка;Бассейн (открытый);камера хранения
933931259805,Гостевой дом Сиар,https://sutochno.ru/front/searchapp/hotels/93393,https://pumpons.github.io/sutochno-feeds/images/0600800cc29239e1.png,Сочи,3410 RUB,0,5.0,5.0,трансфер;круглосуточная стойка;сад;Терраса;Бассейн (открытый);Игровая площадка для детей;бассейн с подогревом;прачечная
1660782138810,Объект На Фермерской,https://sutochno.ru/front/searchapp/hotels/166078,https://pumpons.github.io/sutochno-feeds/images/ec3621f301829d7e.png,Сочи,3125 RUB,0,5.0,5.0,
713531082375,Объект Жемчуг,https://sutochno.ru/front/searchapp/hotels/71353,https://pumpons.github.io/sutochno-feeds/images/e063a1c020ab0a38.png,Сочи,9270 RUB,0,5.0,5.0,ресторан;доставка в номер;бар;круглосуточная стойка
1532951995720,Отель Grand Cascade,https://sutochno.ru/front/searchapp/hotels/153295,https://pumpons.github.io/sutochno-feeds/images/83c8cfa0be6b467a.png,Сочи,20200 RUB,5,5.0,5.0,трансфер;ресторан;доставка в номер;круглосуточная стойка;сауна;Фитнес/спортзал;сад;Терраса;Спа;Бассейн (крытый);джакузи общего пользования;Игровая площадка для детей;лифт;детский бассейн;бассейн с подогревом;конференц-зал;камера хранения;прачечная
713531082565,Объект Жемчуг,https://sutochno.ru/front/searchapp/hotels/71353,https://pumpons.github.io/sutochno-feeds/images/f3336f7bcbe19163.png,Сочи,15200 RUB,0,5.0,5.0,ресторан;доставка в номер;бар;круглосуточная стойка
1532951995767,Отель Grand Cascade,https://sutochno.ru/front/searchapp/hotels/153295,https://pumpons.github.io/sutochno-feeds/images/4c7d012399abba7f.png,Сочи,18200 RUB,5,5.0,5.0,трансфер;ресторан;доставка в номер;круглосуточная стойка;сауна;Фитнес/спортзал;сад;Терраса;Спа;Бассейн (крытый);джакузи общего пользования;Игровая площадка для детей;лифт;детский бассейн;бассейн с подогревом;конференц-зал;камера хранения;прачечная
1568832044438,Отель Sochi Beach,https://sutochno.ru/front/searchapp/hotels/156883,https://pumpons.github.io/sutochno-feeds/images/c180a124ef0a565e.png,Сочи,5600 RUB,3,5.0,5.0,ресторан;доставка в номер;бар;круглосуточная стойка;сауна;Терраса;джакузи общего пользования;прачечная
1568832044491,Отель Sochi Beach,https://sutochno.ru/front/searchapp/hotels/156883,https://pumpons.github.io/sutochno-feeds/images/cd70c3a452915906.png,Сочи,7000 RUB,3,5.0,5.0,ресторан;доставка в номер;бар;круглосуточная стойка;сауна;Терраса;джакузи общего пользования;прачечная
713531082221,Объект Жемчуг,https://sutochno.ru/front/searchapp/hotels/71353,https://pumpons.github.io/sutochno-feeds/images/193063f0fec1913c.png,Сочи,6840 RUB,0,5.0,5.0,ресторан;доставка в номер;бар;круглосуточная стойка
54387952069,Объект Голубая Лагуна,https://sutochno.ru/front/searchapp/hotels/54387,https://pumpons.github.io/sutochno-feeds/images/20db8ff697676ab1.png,Сочи,4300 RUB,0,5.0,5.0,Бассейн (открытый)
713531082281,Объект Жемчуг,https://sutochno.ru/front/searchapp/hotels/71353,https://pumpons.github.io/sutochno-feeds/images/193063f0fec1913c.png,Сочи,6840 RUB,0,5.0,5.0,ресторан;доставка в номер;бар;круглосуточная стойка
736151419179,Гостевой дом Мария,https://sutochno.ru/front/searchapp/hotels/73615,https://pumpons.github.io/sutochno-feeds/images/fc814ac8d771bd58.png,Сочи,2850 RUB,0,5.0,5.0,ресторан;бар;круглосуточная стойка;Терраса;Игровая площадка для детей
1107931450355,Гостевой дом Атлантик,https://sutochno.ru/front/searchapp/hotels/110793,https://pumpons.github.io/sutochno-feeds/images/e36cea202dd5543a.png,Сочи,5200 RUB,0,5.0,5.0,трансфер;сад;Игровая площадка для детей;прачечная
1568832044464,Отель Sochi Beach,https://sutochno.ru/front/searchapp/hotels/156883,https://pumpons.github.io/sutochno-feeds/images/c63f781cbe526e2b.png,Сочи,4500 RUB,3,5.0,5.0,ресторан;доставка в номер;бар;круглосуточная стойка;сауна;Терраса;джакузи общего пользования;прачечная
1532951995730,Отель Grand Cascade,https://sutochno.ru/front/searchapp/hotels/153295,https://pumpons.github.io/sutochno-feeds/images/17d149d9550287b7.png,Сочи,20700 RUB,5,5.0,5.0,трансфер;ресторан;доставка в номер;круглосуточная стойка;сауна;Фитнес/спортзал;сад;Терраса;Спа;Бассейн (крытый);джакузи общего пользования;Игровая площадка для детей;лифт;детский бассейн;бассейн с подогревом;конференц-зал;камера хранения;прачечная
1715882308423,Гостиница Натали,https://sutochno.ru/front/searchapp/hotels/171588,https://pumpons.github.io/sutochno-feeds/images/a505191984dd42d2.png,Сочи,3000 RUB,0,5.0,5.0,ресторан;круглосуточная стойка;Терраса;Бассейн (открытый);камера хранения
1738302266996,Гостевой дом Лазурный,https://sutochno.ru/front/searchapp/hotels/173830,https://pumpons.github.io/sutochno-feeds/images/6f0aa34fde7fdbb0.png,Сочи,1800 RUB,0,5.0,5.0,трансфер;бар
1738302266938,Гостевой дом Лазурный,https://sutochno.ru/front/searchapp/hotels/173830,https://pumpons.github.io/sutochno-feeds/images/92e642c83e82783d.png,Сочи,1590 RUB,0,5.0,5.0,трансфер;бар
1682432170790,Отель Золотой дельфин,https://sutochno.ru/front/searchapp/hotels/168243,https://pumpons.github.io/sutochno-feeds/images/35a64a5d3b76e213.png,Сочи,5200 RUB,4,5.0,5.0,ресторан;бар;круглосуточная стойка;Бассейн (открытый);камера хранения
1661742140213,Объект Дача,https://sutochno.ru/front/searchapp/hotels/166174,https://pumpons.github.io/sutochno-feeds/images/cf47b1d4ce6773dc.png,Сочи,4000 RUB,0,5.0,5.0,трансфер;сауна;Бассейн (открытый)
1532951995740,Отель Grand Cascade,https://sutochno.ru/front/searchapp/hotels/153295,https://pumpons.github.io/sutochno-feeds/images/cd133b2e221d346e.png,Сочи,23700 RUB,5,5.0,5.0,трансфер;ресторан;доставка в номер;круглосуточная стойка;сауна;Фитнес/спортзал;сад;Терраса;Спа;Бассейн (крытый);джакузи общего пользования;Игровая площадка для детей;лифт;детский бассейн;бассейн с подогревом;конференц-зал;камера хранения;прачечная
1707022225830,Отель Aqua DeLuxe,https://sutochno.ru/front/searchapp/hotels/170702,https://pumpons.github.io/sutochno-feeds/images/92263c38b70454a1.png,Сочи,2700 RUB,0,5.0,5.0,Бассейн (открытый);Игровая площадка для детей
1754042283783,Гостевой дом Софанна,https://sutochno.ru/front/searchapp/hotels/175404,https://pumpons.github.io/sutochno-feeds/images/7dbe9e787c6ef5d5.png,Сочи,3500 RUB,0,5.0,5.0,
29147742229,Объект Катюша,https://sutochno.ru/front/searchapp/hotels/29147,https://pumpons.github.io/sutochno-feeds/images/c3ffb56f8d7746ca.png,Сочи,6500 RUB,0,5.0,5.0,трансфер;доставка в номер;бар;круглосуточная стойка;сад;Терраса;Бассейн (открытый);Собственный пляж;Игровая площадка для детей;прачечная
23137693095,Мини-гостиница Вилла Полианна,https://sutochno.ru/front/searchapp/hotels/23137,https://pumpons.github.io/sutochno-feeds/images/866bea8ff0cacf4d.png,Сочи,11340 RUB,0,5.0,5.0,трансфер;ресторан;доставка в номер;бар;круглосуточная стойка;сауна;Терраса;Спа;Бассейн (открытый);Бассейн (крытый);джакузи общего пользования;Собственный пляж;Игровая площадка для детей
23137692365,Мини-гостиница Вилла Полианна,https://sutochno.ru/front/searchapp/hotels/23137,https://pumpons.github.io/sutochno-feeds/images/1b434df0bf97dfbc.png,Сочи,5775 RUB,0,5.0,5.0,трансфер;ресторан;доставка в номер;бар;круглосуточная стойка;сауна;Терраса;Спа;Бассейн (открытый);Бассейн (крытый);джакузи общего пользования;Собственный пляж;Игровая площадка для детей
1474071947864,Хостел Как дома,https://sutochno.ru/front/searchapp/hotels/147407,https://pumpons.github.io/sutochno-feeds/images/844c8105cf556083.png,Сочи,1200 RUB,0,5.0,5.0,круглосуточная стойка
995311322123,Бутик-отель Усадьба Хлудова,https://sutochno.ru/front/searchapp/hotels/99531,https://pumpons.github.io/sutochno-feeds/images/429a32ce5c7999ff.png,Сочи,25272 RUB,5,5.0,5.0,трансфер;ресторан;доставка в номер;круглосуточная стойка;сауна;Фитнес/спортзал;сад;Терраса;Бассейн (открытый)
1515841965254,Объект Лалеби,https://sutochno.ru/front/searchapp/hotels/151584,https://pumpons.github.io/sutochno-feeds/images/4eb1b3e12cd55e28.png,Сочи,2813 RUB,0,5.0,5.0,
1474071947797,Хостел Как дома,https://sutochno.ru/front/searchapp/hotels/147407,https://pumpons.github.io/sutochno-feeds/images/c23a6b166070c587.png,Сочи,1080 RUB,0,5.0,5.0,круглосуточная стойка
1148091764550,Гостиница Аквариум,https://sutochno.ru/front/searchapp/hotels/114809,https://pumpons.github.io/sutochno-feeds/images/9d994d4bcb1c9376.png,Сочи,2700 RUB,0,5.0,5.0,трансфер;круглосуточная стойка;сад;анимация;камера хранения;прачечная
1719172238250,Гостиница Офелия,https://sutochno.ru/front/searchapp/hotels/171917,https://pumpons.github.io/sutochno-feeds/images/e606ca0257e081fb.png,Адлер,3000 RUB,0,4.9973544973545,5.0,Бассейн (открытый);бассейн с подогревом
1719172238240,Гостиница Офелия,https://sutochno.ru/front/searchapp/hotels/171917,https://pumpons.github.io/sutochno-feeds/images/79867626c7184c92.png,Адлер,2700 RUB,0,4.9973544973545,5.0,Бассейн (открытый);бассейн с подогревом
1719172240703,Гостиница Офелия,https://sutochno.ru/front/searchapp/hotels/171917,https://pumpons.github.io/sutochno-feeds/images/f7802ec1cf2003f4.png,Адлер,3600 RUB,0,4.9973544973545,5.0,Бассейн (открытый);бассейн с подогревом
1712672280883,Гостевой дом Мадлен,https://sutochno.ru/front/searchapp/hotels/171267,https://pumpons.github.io/sutochno-feeds/images/fdde822a9396b974.png,Адлер,6000 RUB,0,4.9920634920635,5.0,
1712672278220,Гостевой дом Мадлен,https://sutochno.ru/front/searchapp/hotels/171267,https://pumpons.github.io/sutochno-feeds/images/fdde822a9396b974.png,Адлер,6000 RUB,0,4.9920634920635,5.0,
1712671004667,Гостевой дом Мадлен,https://sutochno.ru/front/searchapp/hotels/171267,https://pumpons.github.io/sutochno-feeds/images/267656f2c20fdb00.png,Адлер,3000 RUB,0,4.9920634920635,5.0,
1591782074445,Объект Viki,https://sutochno.ru/front/searchapp/hotels/159178,https://pumpons.github.io/sutochno-feeds/images/d393d827ab79fa71.png,Сочи,4000 RUB,0,4.9920634920635,5.0,
1591782065872,Объект Viki,https://sutochno.ru/front/searchapp/hotels/159178,https://pumpons.github.io/sutochno-feeds/images/198e79960eb68a29.png,Сочи,2500 RUB,0,4.9920634920635,5.0,
1591782077359,Объект Viki,https://sutochno.ru/front/searchapp/hotels/159178,https://pumpons.github.io/sutochno-feeds/images/7a8d04d034eed36f.png,Сочи,6500 RUB,0,4.9920634920635,5.0,
1591782074401,Объект Viki,https://sutochno.ru/front/searchapp/hotels/159178,https://pumpons.github.io/sutochno-feeds/images/d393d827ab79fa71.png,Сочи,4000 RUB,0,4.9920634920635,5.0,
1591782086228,Объект Viki,https://sutochno.ru/front/searchapp/hotels/159178,https://pumpons.github.io/sutochno-feeds/images/7a8d04d034eed36f.png,Сочи,6500 RUB,0,4.9920634920635,5.0,
1591782074337,Объект Viki,https://sutochno.ru/front/searchapp/hotels/159178,https://pumpons.github.io/sutochno-feeds/images/d393d827ab79fa71.png,Сочи,4000 RUB,0,4.9920634920635,5.0,
1324771718653,Объект Илос,https://sutochno.ru/front/searchapp/hotels/132477,https://pumpons.github.io/sutochno-feeds/images/a5c71c0795a6b305.png,Сочи,3000 RUB,0,4.9907407407407,5.0,
1324771718637,Объект Илос,https://sutochno.ru/front/searchapp/hotels/132477,https://pumpons.github.io/sutochno-feeds/images/a5c71c0795a6b305.png,Сочи,3000 RUB,0,4.9907407407407,5.0,
1324771718654,Объект Илос,https://sutochno.ru/front/searchapp/hotels/132477,https://pumpons.github.io/sutochno-feeds/images/a5c71c0795a6b305.png,Сочи,3000 RUB,0,4.9907407407407,5.0,
1324771718640,Объект Илос,https://sutochno.ru/front/searchapp/hotels/132477,https://pumpons.github.io/sutochno-feeds/images/a5c71c0795a6b305.png,Сочи,3000 RUB,0,4.9907407407407,5.0,
1324771718658,Объект Илос,https://sutochno.ru/front/searchapp/hotels/132477,https://pumpons.github.io/sutochno-feeds/images/a5c71c0795a6b305.png,Сочи,3000 RUB,0,4.9907407407407,5.0,
1135611708416,Гостиница Grand Royal Residences,https://sutochno.ru/front/searchapp/hotels/113561,https://pumpons.github.io/sutochno-feeds/images/0f28eeb42748b679.png,Сочи,20880 RUB,0,4.9904761904762,5.0,трансфер;доставка в номер;сад;Терраса;лифт;прачечная
923351250443,Объект На Магнитогорской,https://sutochno.ru/front/searchapp/hotels/92335,https://pumpons.github.io/sutochno-feeds/images/c03b9c145c4a55ad.png,Сочи,3200 RUB,0,4.9895833333333,5.0,круглосуточная стойка;сад;Терраса
1314151706918,Отель Династия,https://sutochno.ru/front/searchapp/hotels/131415,https://pumpons.github.io/sutochno-feeds/images/47113c377104a25a.png,Сочи,4000 RUB,4,4.9895833333333,5.0,ресторан;круглосуточная стойка;лифт;бассейн с подогревом
923351250421,Объект На Магнитогорской,https://sutochno.ru/front/searchapp/hotels/92335,https://pumpons.github.io/sutochno-feeds/images/dcf6efcd70200539.png,Сочи,2200 RUB,0,4.9895833333333,5.0,круглосуточная стойка;сад;Терраса
923351250431,Объект На Магнитогорской,https://sutochno.ru/front/searchapp/hotels/92335,https://pumpons.github.io/sutochno-feeds/images/318690f8b987be7f.png,Сочи,2250 RUB,0,4.9895833333333,5.0,круглосуточная стойка;сад;Терраса
1314151704372,Отель Династия,https://sutochno.ru/front/searchapp/hotels/131415,https://pumpons.github.io/sutochno-feeds/images/202f5e84f1c45864.png,Сочи,3950 RUB,4,4.9895833333333,5.0,ресторан;круглосуточная стойка;лифт;бассейн с подогревом
1314151704778,Отель Династия,https://sutochno.ru/front/searchapp/hotels/131415,https://pumpons.github.io/sutochno-feeds/images/18bbe07320f15c55.png,Сочи,4500 RUB,4,4.9895833333333,5.0,ресторан;круглосуточная стойка;лифт;бассейн с подогревом
694831116065,Гостевой дом Анна,https://sutochno.ru/front/searchapp/hotels/69483,https://pumpons.github.io/sutochno-feeds/images/05225522836c0e35.png,Адлер,1800 RUB,0,4.9888888888889,5.0,
694831115813,Гостевой дом Анна,https://sutochno.ru/front/searchapp/hotels/69483,https://pumpons.github.io/sutochno-feeds/images/af6f61114b042232.png,Адлер,1400 RUB,0,4.9888888888889,5.0,
694831115839,Гостевой дом Анна,https://sutochno.ru/front/searchapp/hotels/69483,https://pumpons.github.io/sutochno-feeds/images/6ea28b96fbaf22e0.png,Адлер,1600 RUB,0,4.9888888888889,5.0,
1206451555851,Объект На Ленина,https://sutochno.ru/front/searchapp/hotels/120645,https://pumpons.github.io/sutochno-feeds/images/4853722f5fe4d1c2.png,Сочи,2500 RUB,0,4.9871794871795,5.0,
646511044203,Объект Кот в сапогах,https://sutochno.ru/front/searchapp/hotels/64651,https://pumpons.github.io/sutochno-feeds/images/ca6d083c8406dab4.png,Сочи,4500 RUB,0,4.9861111111111,5.0,трансфер;Терраса
646511046115,Объект Кот в сапогах,https://sutochno.ru/front/searchapp/hotels/64651,https://pumpons.github.io/sutochno-feeds/images/83c8cea4b18c2b1a.png,Сочи,6900 RUB,0,4.9861111111111,5.0,трансфер;Терраса
646511046093,Объект Кот в сапогах,https://sutochno.ru/front/searchapp/hotels/64651,https://pumpons.github.io/sutochno-feeds/images/323d2ae4b474edf9.png,Сочи,4900 RUB,0,4.9861111111111,5.0,трансфер;Терраса
646511045961,Объект Кот в сапогах,https://sutochno.ru/front/searchapp/hotels/64651,https://pumpons.github.io/sutochno-feeds/images/ca6d083c8406dab4.png,Сочи,4500 RUB,0,4.9861111111111,5.0,трансфер;Терраса
1484971913874,Объект Буррата,https://sutochno.ru/front/searchapp/hotels/148497,https://pumpons.github.io/sutochno-feeds/images/08afc49e4664a905.png,Сочи,6000 RUB,0,4.9848484848485,5.0,ресторан;прачечная
49707912479,Объект Солнечный,https://sutochno.ru/front/searchapp/hotels/49707,https://pumpons.github.io/sutochno-feeds/images/89bd7697cf639480.png,Сочи,2500 RUB,0,4.9833333333333,5.0,трансфер;круглосуточная стойка;сад;Терраса;Игровая площадка для детей
889551221787,Объект Валентина,https://sutochno.ru/front/searchapp/hotels/88955,https://pumpons.github.io/sutochno-feeds/images/ee8b49dbd55e3fa4.png,Адлер,3600 RUB,0,4.9822222222222,5.0,сад;Терраса
889551221831,Объект Валентина,https://sutochno.ru/front/searchapp/hotels/88955,https://pumpons.github.io/sutochno-feeds/images/8a1dcf5774039b6a.png,Адлер,1800 RUB,0,4.9822222222222,5.0,сад;Терраса
889551221797,Объект Валентина,https://sutochno.ru/front/searchapp/hotels/88955,https://pumpons.github.io/sutochno-feeds/images/2ff8f8b976eb17e5.png,Адлер,5000 RUB,0,4.9822222222222,5.0,сад;Терраса
889551424049,Объект Валентина,https://sutochno.ru/front/searchapp/hotels/88955,https://pumpons.github.io/sutochno-feeds/images/2fdc46c43bfdfe83.png,Адлер,3000 RUB,0,4.9822222222222,5.0,сад;Терраса
1544582003259,Объект Оникс,https://sutochno.ru/front/searchapp/hotels/154458,https://pumpons.github.io/sutochno-feeds/images/3104905f4af8cd12.png,Адлер,2500 RUB,0,4.9814814814815,5.0,трансфер;круглосуточная стойка;Бассейн (открытый)
1544582007946,Объект Оникс,https://sutochno.ru/front/searchapp/hotels/154458,https://pumpons.github.io/sutochno-feeds/images/9f5dc5922ab1ec81.png,Адлер,3500 RUB,0,4.9814814814815,5.0,трансфер;круглосуточная стойка;Бассейн (открытый)
938171263425,Отель Delos,https://sutochno.ru/front/searchapp/hotels/93817,https://pumpons.github.io/sutochno-feeds/images/68d98d1145957ebe.png,Адлер,21210 RUB,4,4.9814814814815,5.0,трансфер;ресторан;бар;круглосуточная стойка;сауна;Фитнес/спортзал;Терраса;Спа;Бассейн (открытый);Бассейн (крытый);Собственный пляж
1544582003248,Объект Оникс,https://sutochno.ru/front/searchapp/hotels/154458,https://pumpons.github.io/sutochno-feeds/images/7682685da30e5f9e.png,Адлер,2000 RUB,0,4.9814814814815,5.0,трансфер;круглосуточная стойка;Бассейн (открытый)
938171263411,Отель Delos,https://sutochno.ru/front/searchapp/hotels/93817,https://pumpons.github.io/sutochno-feeds/images/cc727fce4d6cca4e.png,Адлер,12120 RUB,4,4.9814814814815,5.0,трансфер;ресторан;бар;круглосуточная стойка;сауна;Фитнес/спортзал;Терраса;Спа;Бассейн (открытый);Бассейн (крытый);Собственный пляж
1157382103688,Объект Ласточка,https://sutochno.ru/front/searchapp/hotels/115738,https://pumpons.github.io/sutochno-feeds/images/bd649d63422fb8db.png,Сочи,2500 RUB,0,4.9814814814815,5.0,сад;прачечная;заказ экскурсий
1157382103339,Объект Ласточка,https://sutochno.ru/front/searchapp/hotels/115738,https://pumpons.github.io/sutochno-feeds/images/bd649d63422fb8db.png,Сочи,2500 RUB,0,4.9814814814815,5.0,сад;прачечная;заказ экскурсий
1157381502195,Объект Ласточка,https://sutochno.ru/front/searchapp/hotels/115738,https://pumpons.github.io/sutochno-feeds/images/8599e3003514616f.png,Сочи,1900 RUB,0,4.9814814814815,5.0,сад;прачечная;заказ экскурсий
1157382110257,Объект Ласточка,https://sutochno.ru/front/searchapp/hotels/115738,https://pumpons.github.io/sutochno-feeds/images/8e7e8131fda1b76c.png,Сочи,1875 RUB,0,4.9814814814815,5.0,сад;прачечная;заказ экскурсий
1494421939673,Хостел Sunny Sochi,https://sutochno.ru/front/searchapp/hotels/149442,https://pumpons.github.io/sutochno-feeds/images/a38760abeb89c198.png,Сочи,1530 RUB,0,4.9814814814815,5.0,круглосуточная стойка;камера хранения
1494421933875,Хостел Sunny Sochi,https://sutochno.ru/front/searchapp/hotels/149442,https://pumpons.github.io/sutochno-feeds/images/a38760abeb89c198.png,Сочи,1530 RUB,0,4.9814814814815,5.0,круглосуточная стойка;камера хранения
1157382111380,Объект Ласточка,https://sutochno.ru/front/searchapp/hotels/115738,https://pumpons.github.io/sutochno-feeds/images/6f02879c085bc503.png,Сочи,1500 RUB,0,4.9814814814815,5.0,сад;прачечная;заказ экскурсий
1157381502212,Объект Ласточка,https://sutochno.ru/front/searchapp/hotels/115738,https://pumpons.github.io/sutochno-feeds/images/bd649d63422fb8db.png,Сочи,2500 RUB,0,4.9814814814815,5.0,сад;прачечная;заказ экскурсий
1157382108196,Объект Ласточка,https://sutochno.ru/front/searchapp/hotels/115738,https://pumpons.github.io/sutochno-feeds/images/bd649d63422fb8db.png,Сочи,2500 RUB,0,4.9814814814815,5.0,сад;прачечная;заказ экскурсий
1157382111236,Объект Ласточка,https://sutochno.ru/front/searchapp/hotels/115738,https://pumpons.github.io/sutochno-feeds/images/6f02879c085bc503.png,Сочи,1500 RUB,0,4.9814814814815,5.0,сад;прачечная;заказ экскурсий
1494421939668,Хостел Sunny Sochi,https://sutochno.ru/front/searchapp/hotels/149442,https://pumpons.github.io/sutochno-feeds/images/a4cf025c3a30f7d8.png,Сочи,1420 RUB,0,4.9814814814815,5.0,круглосуточная стойка;камера хранения
688891167967,Объект АнжеликА,https://sutochno.ru/front/searchapp/hotels/68889,https://pumpons.github.io/sutochno-feeds/images/c85a8cdf7ae37796.png,Адлер,2348 RUB,0,4.98125,5.0,
688891168197,Объект АнжеликА,https://sutochno.ru/front/searchapp/hotels/68889,https://pumpons.github.io/sutochno-feeds/images/1768b335cd6bc1e3.png,Адлер,2820 RUB,0,4.98125,5.0,
688891168055,Объект АнжеликА,https://sutochno.ru/front/searchapp/hotels/68889,https://pumpons.github.io/sutochno-feeds/images/c85a8cdf7ae37796.png,Адлер,2348 RUB,0,4.98125,5.0,
55113958045,Объект Familia,https://sutochno.ru/front/searchapp/hotels/55113,https://pumpons.github.io/sutochno-feeds/images/1139b33501b92544.png,Сочи,1250 RUB,0,4.9807575757576,5.0,
1311381701699,Гостевой дом Рескатор,https://sutochno.ru/front/searchapp/hotels/131138,https://pumpons.github.io/sutochno-feeds/images/30689063d6e4f56c.png,Адлер,2280 RUB,0,4.9805555555556,5.0,круглосуточная стойка
1311381701689,Гостевой дом Рескатор,https://sutochno.ru/front/searchapp/hotels/131138,https://pumpons.github.io/sutochno-feeds/images/af4955506ad7193b.png,Адлер,1980 RUB,0,4.9805555555556,5.0,круглосуточная стойка
1311381701370,Гостевой дом Рескатор,https://sutochno.ru/front/searchapp/hotels/131138,https://pumpons.github.io/sutochno-feeds/images/30689063d6e4f56c.png,Адлер,2280 RUB,0,4.9805555555556,5.0,круглосуточная стойка
1311381701696,Гостевой дом Рескатор,https://sutochno.ru/front/searchapp/hotels/131138,https://pumpons.github.io/sutochno-feeds/images/30689063d6e4f56c.png,Адлер,2280 RUB,0,4.9805555555556,5.0,круглосуточная стойка
1311381701697,Гостевой дом Рескатор,https://sutochno.ru/front/searchapp/hotels/131138,https://pumpons.github.io/sutochno-feeds/images/25603d626dd2c54d.png,Адлер,1199 RUB,0,4.9805555555556,5.0,круглосуточная стойка
1311381701372,Гостевой дом Рескатор,https://sutochno.ru/front/searchapp/hotels/131138,https://pumpons.github.io/sutochno-feeds/images/b15e4986c2cafbff.png,Адлер,2499 RUB,0,4.9805555555556,5.0,круглосуточная стойка
1311381701690,Гостевой дом Рескатор,https://sutochno.ru/front/searchapp/hotels/131138,https://pumpons.github.io/sutochno-feeds/images/928e865d22c1e33f.png,Адлер,1580 RUB,0,4.9805555555556,5.0,круглосуточная стойка
1311381701692,Гостевой дом Рескатор,https://sutochno.ru/front/searchapp/hotels/131138,https://pumpons.github.io/sutochno-feeds/images/d206238a98a739e8.png,Адлер,1399 RUB,0,4.9805555555556,5.0,круглосуточная стойка
1311381701375,Гостевой дом Рескатор,https://sutochno.ru/front/searchapp/hotels/131138,https://pumpons.github.io/sutochno-feeds/images/5cf00098f6014c56.png,Адлер,2079 RUB,0,4.9805555555556,5.0,круглосуточная стойка
1311381701374,Гостевой дом Рескатор,https://sutochno.ru/front/searchapp/hotels/131138,https://pumpons.github.io/sutochno-feeds/images/610b70dbae723ed5.png,Адлер,2299 RUB,0,4.9805555555556,5.0,круглосуточная стойка
1560132035379,Гостевой дом Море рядом,https://sutochno.ru/front/searchapp/hotels/156013,https://pumpons.github.io/sutochno-feeds/images/bdbd2df6e024febb.png,Сочи,2000 RUB,0,4.98,5.0,
1560132035453,Гостевой дом Море рядом,https://sutochno.ru/front/searchapp/hotels/156013,https://pumpons.github.io/sutochno-feeds/images/bdbd2df6e024febb.png,Сочи,2000 RUB,0,4.98,5.0,
1560132035512,Гостевой дом Море рядом,https://sutochno.ru/front/searchapp/hotels/156013,https://pumpons.github.io/sutochno-feeds/images/b5a91cc3186a2bf4.png,Сочи,2700 RUB,0,4.98,5.0,
1560132035529,Гостевой дом Море рядом,https://sutochno.ru/front/searchapp/hotels/156013,https://pumpons.github.io/sutochno-feeds/images/98c2f5eb008cd2fb.png,Сочи,3700 RUB,0,4.98,5.0,
1538521996987,Гостевой дом Роз 119,https://sutochno.ru/front/searchapp/hotels/153852,https://pumpons.github.io/sutochno-feeds/images/a53b1a17b216f6cf.png,Сочи,3000 RUB,0,4.9792592592593,5.0,круглосуточная стойка
1538521996954,Гостевой дом Роз 119,https://sutochno.ru/front/searchapp/hotels/153852,https://pumpons.github.io/sutochno-feeds/images/a53b1a17b216f6cf.png,Сочи,3000 RUB,0,4.9792592592593,5.0,круглосуточная стойка
1538521995865,Гостевой дом Роз 119,https://sutochno.ru/front/searchapp/hotels/153852,https://pumpons.github.io/sutochno-feeds/images/8d3fd6aa56398df0.png,Сочи,3300 RUB,0,4.9792592592593,5.0,круглосуточная стойка
1167801513838,Гостевой дом Коралловый риф,https://sutochno.ru/front/searchapp/hotels/116780,https://pumpons.github.io/sutochno-feeds/images/2dfd8c05c844c308.png,Сочи,1400 RUB,0,4.9791666666667,5.0,ресторан;бар;круглосуточная стойка;Терраса;Бассейн (открытый);Игровая площадка для детей;бассейн с подогревом;камера хранения;прачечная
1167801513832,Гостевой дом Коралловый риф,https://sutochno.ru/front/searchapp/hotels/116780,https://pumpons.github.io/sutochno-feeds/images/15fc0948c9892a45.png,Сочи,1200 RUB,0,4.9791666666667,5.0,ресторан;бар;круглосуточная стойка;Терраса;Бассейн (открытый);Игровая площадка для детей;бассейн с подогревом;камера хранения;прачечная
1167801513847,Гостевой дом Коралловый риф,https://sutochno.ru/front/searchapp/hotels/116780,https://pumpons.github.io/sutochno-feeds/images/400f182a3160f885.png,Сочи,1450 RUB,0,4.9791666666667,5.0,ресторан;бар;круглосуточная стойка;Терраса;Бассейн (открытый);Игровая площадка для детей;бассейн с подогревом;камера хранения;прачечная
1247861607481,Гостевой дом Луч,https://sutochno.ru/front/searchapp/hotels/124786,https://pumpons.github.io/sutochno-feeds/images/b6bc433e5ac9d52c.png,Адлер,2000 RUB,0,4.9776041666667,5.0,круглосуточная стойка;сад;Терраса
1378171782685,Гостевой дом У Левы,https://sutochno.ru/front/searchapp/hotels/137817,https://pumpons.github.io/sutochno-feeds/images/8711be3fce91680c.png,Сочи,2500 RUB,0,4.9761904761905,5.0,трансфер
1701442209099,Гостевой дом DelSochi,https://sutochno.ru/front/searchapp/hotels/170144,https://pumpons.github.io/sutochno-feeds/images/feb6c5c857fb3d2c.png,Сочи,1900 RUB,0,4.9761904761905,5.0,сауна;Терраса;Бассейн (открытый);Игровая площадка для детей;детский бассейн;бассейн с подогревом;переговорная;прачечная
1701442209121,Гостевой дом DelSochi,https://sutochno.ru/front/searchapp/hotels/170144,https://pumpons.github.io/sutochno-feeds/images/63cfabcacca0c953.png,Сочи,2500 RUB,0,4.9761904761905,5.0,сауна;Терраса;Бассейн (открытый);Игровая площадка для детей;детский бассейн;бассейн с подогревом;переговорная;прачечная
1701442209890,Гостевой дом DelSochi,https://sutochno.ru/front/searchapp/hotels/170144,https://pumpons.github.io/sutochno-feeds/images/63cfabcacca0c953.png,Сочи,2500 RUB,0,4.9761904761905,5.0,сауна;Терраса;Бассейн (открытый);Игровая площадка для детей;детский бассейн;бассейн с подогревом;переговорная;прачечная
1597902073249,Объект Анна,https://sutochno.ru/front/searchapp/hotels/159790,https://pumpons.github.io/sutochno-feeds/images/b8515c07d3693f17.png,Адлер,2500 RUB,0,4.9756097560976,5.0,
1551092012621,Апартаменты Аметист на 1 Береговой,https://sutochno.ru/front/searchapp/hotels/155109,https://pumpons.github.io/sutochno-feeds/images/38e1eeec9c4fdf9c.png,Адлер,2700 RUB,0,4.9737750488759,5.0,Бассейн (открытый)
1551092012604,Апартаменты Аметист на 1 Береговой,https://sutochno.ru/front/searchapp/hotels/155109,https://pumpons.github.io/sutochno-feeds/images/f572d05556483465.png,Адлер,1700 RUB,0,4.9737750488759,5.0,Бассейн (открытый)
1551092012492,Апартаменты Аметист на 1 Береговой,https://sutochno.ru/front/searchapp/hotels/155109,https://pumpons.github.io/sutochno-feeds/images/cd9b338d4f933b33.png,Адлер,1400 RUB,0,4.9737750488759,5.0,Бассейн (открытый)
1551092012202,Апартаменты Аметист на 1 Береговой,https://sutochno.ru/front/searchapp/hotels/155109,https://pumpons.github.io/sutochno-feeds/images/e1b9be8eee0d2618.png,Адлер,1500 RUB,0,4.9737750488759,5.0,Бассейн (открытый)
1434391842203,Объект Удача,https://sutochno.ru/front/searchapp/hotels/143439,https://pumpons.github.io/sutochno-feeds/images/452bfc470cfed04f.png,Адлер,3300 RUB,0,4.9722222222222,5.0,трансфер
1259591624961,Отель Вилла Дежа Вю,https://sutochno.ru/front/searchapp/hotels/125959,https://pumpons.github.io/sutochno-feeds/images/572fc6a285556ecd.png,Адлер,7350 RUB,2,4.9722222222222,5.0,доставка в номер;круглосуточная стойка;Игровая площадка для детей
1434391842192,Объект Удача,https://sutochno.ru/front/searchapp/hotels/143439,https://pumpons.github.io/sutochno-feeds/images/06ee0e491a79e219.png,Адлер,1500 RUB,0,4.9722222222222,5.0,трансфер
1434391842199,Объект Удача,https://sutochno.ru/front/searchapp/hotels/143439,https://pumpons.github.io/sutochno-feeds/images/1efd9f6b4d500080.png,Адлер,1800 RUB,0,4.9722222222222,5.0,трансфер
1259591624952,Отель Вилла Дежа Вю,https://sutochno.ru/front/searchapp/hotels/125959,https://pumpons.github.io/sutochno-feeds/images/f637b86395de0eb9.png,Адлер,5700 RUB,2,4.9722222222222,5.0,доставка в номер;круглосуточная стойка;Игровая площадка для детей
571911459235,Апартаменты На Крымской,https://sutochno.ru/front/searchapp/hotels/57191,https://pumpons.github.io/sutochno-feeds/images/20b8700bd1589987.png,Сочи,8000 RUB,0,4.9722222222222,5.0,лифт
1299091691422,Гостевой дом Aнастасия,https://sutochno.ru/front/searchapp/hotels/129909,https://pumpons.github.io/sutochno-feeds/images/a5475620714ab128.png,Сочи,2400 RUB,0,4.9722222222222,5.0,Терраса;прачечная
1299092264334,Гостевой дом Aнастасия,https://sutochno.ru/front/searchapp/hotels/129909,https://pumpons.github.io/sutochno-feeds/images/812f9a51d839045d.png,Сочи,2700 RUB,0,4.9722222222222,5.0,Терраса;прачечная
1299091690838,Гостевой дом Aнастасия,https://sutochno.ru/front/searchapp/hotels/129909,https://pumpons.github.io/sutochno-feeds/images/cf111e5d79efce0f.png,Сочи,2500 RUB,0,4.9722222222222,5.0,Терраса;прачечная
1299091691398,Гостевой дом Aнастасия,https://sutochno.ru/front/searchapp/hotels/129909,https://pumpons.github.io/sutochno-feeds/images/d44186ac278d5e0e.png,Сочи,3000 RUB,0,4.9722222222222,5.0,Терраса;прачечная
1151831495866,Объект Уют,https://sutochno.ru/front/searchapp/hotels/115183,https://pumpons.github.io/sutochno-feeds/images/8fcfb0621cdcafb3.png,Адлер,3300 RUB,0,4.9719626168224,5.0,
59027988593,Объект Татьяна,https://sutochno.ru/front/searchapp/hotels/59027,https://pumpons.github.io/sutochno-feeds/images/d2e9ceff4f430e9a.png,Сочи,3750 RUB,0,4.9704248366013,5.0,Терраса
1628972105453,Пансионат Сокол,https://sutochno.ru/front/searchapp/hotels/162897,https://pumpons.github.io/sutochno-feeds/images/8c412ecce9a76d4a.png,Сочи,7560 RUB,3,4.969696969697,5.0,круглосуточная стойка;Бассейн (открытый);лифт;анимация;бассейн с подогревом;заказ экскурсий
1628972105594,Пансионат Сокол,https://sutochno.ru/front/searchapp/hotels/162897,https://pumpons.github.io/sutochno-feeds/images/c32e35cf5ce14c25.png,Сочи,9660 RUB,3,4.969696969697,5.0,круглосуточная стойка;Бассейн (открытый);лифт;анимация;бассейн с подогревом;заказ экскурсий
1628972105625,Пансионат Сокол,https://sutochno.ru/front/searchapp/hotels/162897,https://pumpons.github.io/sutochno-feeds/images/c559ef4f5af5a94f.png,Сочи,22995 RUB,3,4.969696969697,5.0,круглосуточная стойка;Бассейн (открытый);лифт;анимация;бассейн с подогревом;заказ экскурсий
1628972105495,Пансионат Сокол,https://sutochno.ru/front/searchapp/hotels/162897,https://pumpons.github.io/sutochno-feeds/images/385f923a28e4cbb7.png,Сочи,8085 RUB,3,4.969696969697,5.0,круглосуточная стойка;Бассейн (открытый);лифт;анимация;бассейн с подогревом;заказ экскурсий
594051893575,Объект Марсель,https://sutochno.ru/front/searchapp/hotels/59405,https://pumpons.github.io/sutochno-feeds/images/2dc4840e8108635c.png,Сочи,1500 RUB,0,4.9675925925926,5.0,Терраса
59405992177,Объект Марсель,https://sutochno.ru/front/searchapp/hotels/59405,https://pumpons.github.io/sutochno-feeds/images/dd31abe41e984b4d.png,Сочи,1300 RUB,0,4.9675925925926,5.0,Терраса
59405991239,Объект Марсель,https://sutochno.ru/front/searchapp/hotels/59405,https://pumpons.github.io/sutochno-feeds/images/529a39f75324e165.png,Сочи,1400 RUB,0,4.9675925925926,5.0,Терраса
594051607998,Объект Марсель,https://sutochno.ru/front/searchapp/hotels/59405,https://pumpons.github.io/sutochno-feeds/images/dd31abe41e984b4d.png,Сочи,1300 RUB,0,4.9675925925926,5.0,Терраса
678911420509,Гостевой дом Туя,https://sutochno.ru/front/searchapp/hotels/67891,https://pumpons.github.io/sutochno-feeds/images/4b54d1751b2db097.png,Адлер,3500 RUB,0,4.9674036281179,5.0,сад;Терраса
678911824227,Гостевой дом Туя,https://sutochno.ru/front/searchapp/hotels/67891,https://pumpons.github.io/sutochno-feeds/images/4162a87e1522fa8b.png,Адлер,3000 RUB,0,4.9674036281179,5.0,сад;Терраса
678911825644,Гостевой дом Туя,https://sutochno.ru/front/searchapp/hotels/67891,https://pumpons.github.io/sutochno-feeds/images/4b54d1751b2db097.png,Адлер,3500 RUB,0,4.9674036281179,5.0,сад;Терраса
678911345461,Гостевой дом Туя,https://sutochno.ru/front/searchapp/hotels/67891,https://pumpons.github.io/sutochno-feeds/images/841adb28cb2648a7.png,Адлер,2500 RUB,0,4.9674036281179,5.0,сад;Терраса
984331311037,Апарт-отель Светлана Плюс,https://sutochno.ru/front/searchapp/hotels/98433,https://pumpons.github.io/sutochno-feeds/images/6e663373e29e7662.png,Сочи,5500 RUB,0,4.9666666666667,5.0,трансфер;круглосуточная стойка;сад;лифт
984331331179,Апарт-отель Светлана Плюс,https://sutochno.ru/front/searchapp/hotels/98433,https://pumpons.github.io/sutochno-feeds/images/fe819c5df52e4adb.png,Сочи,3500 RUB,0,4.9666666666667,5.0,трансфер;круглосуточная стойка;сад;лифт
595671644664,Объект Валентина,https://sutochno.ru/front/searchapp/hotels/59567,https://pumpons.github.io/sutochno-feeds/images/6afd282e2e4a2ff8.png,Сочи,2500 RUB,0,4.962962962963,5.0,круглосуточная стойка
1530952024356,Бутик-отель Золотой поросёнок,https://sutochno.ru/front/searchapp/hotels/153095,https://pumpons.github.io/sutochno-feeds/images/ad57d14f1979012a.png,Сочи,2500 RUB,0,4.962962962963,5.0,доставка в номер;сауна;Терраса;Игровая площадка для детей;банный чан;прачечная
59567992489,Объект Валентина,https://sutochno.ru/front/searchapp/hotels/59567,https://pumpons.github.io/sutochno-feeds/images/426bf7085a764369.png,Сочи,2300 RUB,0,4.962962962963,5.0,круглосуточная стойка
1530952024359,Бутик-отель Золотой поросёнок,https://sutochno.ru/front/searchapp/hotels/153095,https://pumpons.github.io/sutochno-feeds/images/4b0a449bfffb865f.png,Сочи,2000 RUB,0,4.962962962963,5.0,доставка в номер;сауна;Терраса;Игровая площадка для детей;банный чан;прачечная
717491085171,Объект Tatyana,https://sutochno.ru/front/searchapp/hotels/71749,https://pumpons.github.io/sutochno-feeds/images/613404b48c8a3b64.png,Сочи,2800 RUB,0,4.9614285714286,5.0,круглосуточная стойка
717491788478,Объект Tatyana,https://sutochno.ru/front/searchapp/hotels/71749,https://pumpons.github.io/sutochno-feeds/images/26f16953ebacb0e9.png,Сочи,4000 RUB,0,4.9614285714286,5.0,круглосуточная стойка
717491084215,Объект Tatyana,https://sutochno.ru/front/searchapp/hotels/71749,https://pumpons.github.io/sutochno-feeds/images/8f915305678f85a6.png,Сочи,4100 RUB,0,4.9614285714286,5.0,круглосуточная стойка
717491084995,Объект Tatyana,https://sutochno.ru/front/searchapp/hotels/71749,https://pumpons.github.io/sutochno-feeds/images/3868fa61d8b88dd4.png,Сочи,5000 RUB,0,4.9614285714286,5.0,круглосуточная стойка
717491085057,Объект Tatyana,https://sutochno.ru/front/searchapp/hotels/71749,https://pumpons.github.io/sutochno-feeds/images/c6b5e5bf94596694.png,Сочи,3000 RUB,0,4.9614285714286,5.0,круглосуточная стойка
1555412018311,Гостевой дом Юкка,https://sutochno.ru/front/searchapp/hotels/155541,https://pumpons.github.io/sutochno-feeds/images/75b665016b309477.png,Адлер,1200 RUB,0,4.9611992945326,5.0,трансфер;круглосуточная стойка;Терраса
1555412018317,Гостевой дом Юкка,https://sutochno.ru/front/searchapp/hotels/155541,https://pumpons.github.io/sutochno-feeds/images/56123b053dc00061.png,Адлер,2500 RUB,0,4.9611992945326,5.0,трансфер;круглосуточная стойка;Терраса
167046932287,Гостевой дом Олимпия,https://sutochno.ru/front/searchapp/hotels/167046,https://pumpons.github.io/sutochno-feeds/images/2e97066f6856c645.png,Сочи,3800 RUB,0,4.9608333333333,5.0,
167046960641,Гостевой дом Олимпия,https://sutochno.ru/front/searchapp/hotels/167046,https://pumpons.github.io/sutochno-feeds/images/20ce25d2501c46f3.png,Сочи,5000 RUB,0,4.9608333333333,5.0,
167046938549,Гостевой дом Олимпия,https://sutochno.ru/front/searchapp/hotels/167046,https://pumpons.github.io/sutochno-feeds/images/03874329cf336c1c.png,Сочи,4200 RUB,0,4.9608333333333,5.0,
1711892227573,Гостевой дом Посейдон,https://sutochno.ru/front/searchapp/hotels/171189,https://pumpons.github.io/sutochno-feeds/images/c7757e0b0f318947.png,Сочи,1150 RUB,0,4.9605616605617,5.0,трансфер;круглосуточная стойка
1711892227668,Гостевой дом Посейдон,https://sutochno.ru/front/searchapp/hotels/171189,https://pumpons.github.io/sutochno-feeds/images/b20381a8855afcfb.png,Сочи,1350 RUB,0,4.9605616605617,5.0,трансфер;круглосуточная стойка
1711892227585,Гостевой дом Посейдон,https://sutochno.ru/front/searchapp/hotels/171189,https://pumpons.github.io/sutochno-feeds/images/4ffad9c75f93dcd6.png,Сочи,1650 RUB,0,4.9605616605617,5.0,трансфер;круглосуточная стойка
1711892227590,Гостевой дом Посейдон,https://sutochno.ru/front/searchapp/hotels/171189,https://pumpons.github.io/sutochno-feeds/images/70bb0038a9ba4334.png,Сочи,1500 RUB,0,4.9605616605617,5.0,трансфер;круглосуточная стойка
1711892227669,Гостевой дом Посейдон,https://sutochno.ru/front/searchapp/hotels/171189,https://pumpons.github.io/sutochno-feeds/images/2dd93fcfebc4f01a.png,Сочи,1700 RUB,0,4.9605616605617,5.0,трансфер;круглосуточная стойка
1711892227667,Гостевой дом Посейдон,https://sutochno.ru/front/searchapp/hotels/171189,https://pumpons.github.io/sutochno-feeds/images/3ecb0c1f73d17f4e.png,Сочи,1000 RUB,0,4.9605616605617,5.0,трансфер;круглосуточная стойка
1116031948877,Объект Валерия,https://sutochno.ru/front/searchapp/hotels/111603,https://pumpons.github.io/sutochno-feeds/images/1b18255a8290b64d.png,Адлер,2200 RUB,0,4.9583333333333,5.0,трансфер
628831394035,Гостевой дом Звёздочка,https://sutochno.ru/front/searchapp/hotels/62883,https://pumpons.github.io/sutochno-feeds/images/6ba2a5ca2bdfdefd.png,Адлер,3500 RUB,0,4.9583333333333,5.0,
628831394031,Гостевой дом Звёздочка,https://sutochno.ru/front/searchapp/hotels/62883,https://pumpons.github.io/sutochno-feeds/images/9eac6f7b24202f19.png,Адлер,2000 RUB,0,4.9583333333333,5.0,
1368832294366,Апартаменты C бассейном,https://sutochno.ru/front/searchapp/hotels/136883,https://pumpons.github.io/sutochno-feeds/images/61ca11f7c63dd769.png,Адлер,4697 RUB,0,4.9583333333333,5.0,ресторан;бар;Фитнес/спортзал;сад;Терраса;Бассейн (открытый);Собственный пляж;Игровая площадка для детей;лифт;пандус;детский бассейн;бассейн с подогревом;прачечная
682491068657,Отель Азалия,https://sutochno.ru/front/searchapp/hotels/68249,https://pumpons.github.io/sutochno-feeds/images/819a5357e729726c.png,Адлер,14600 RUB,3,4.9583333333333,5.0,трансфер;бар;круглосуточная стойка;Бассейн (открытый);Игровая площадка для детей
1368831374177,Апартаменты C бассейном,https://sutochno.ru/front/searchapp/hotels/136883,https://pumpons.github.io/sutochno-feeds/images/8928ea4ec05f7c4b.png,Адлер,4892 RUB,0,4.9583333333333,5.0,ресторан;бар;Фитнес/спортзал;сад;Терраса;Бассейн (открытый);Собственный пляж;Игровая площадка для детей;лифт;пандус;детский бассейн;бассейн с подогревом;прачечная
1368831492858,Апартаменты C бассейном,https://sutochno.ru/front/searchapp/hotels/136883,https://pumpons.github.io/sutochno-feeds/images/7b6950d9048dadee.png,Адлер,4941 RUB,0,4.9583333333333,5.0,ресторан;бар;Фитнес/спортзал;сад;Терраса;Бассейн (открытый);Собственный пляж;Игровая площадка для детей;лифт;пандус;детский бассейн;бассейн с подогревом;прачечная
1116032065011,Объект Валерия,https://sutochno.ru/front/searchapp/hotels/111603,https://pumpons.github.io/sutochno-feeds/images/5d64b743f4da8d5e.png,Адлер,3300 RUB,0,4.9583333333333,5.0,трансфер
1116031947330,Объект Валерия,https://sutochno.ru/front/searchapp/hotels/111603,https://pumpons.github.io/sutochno-feeds/images/d41642454db51fd2.png,Адлер,3500 RUB,0,4.9583333333333,5.0,трансфер
1116031974441,Объект Валерия,https://sutochno.ru/front/searchapp/hotels/111603,https://pumpons.github.io/sutochno-feeds/images/829c3ced04b467f7.png,Адлер,2500 RUB,0,4.9583333333333,5.0,трансфер
628831394033,Гостевой дом Звёздочка,https://sutochno.ru/front/searchapp/hotels/62883,https://pumpons.github.io/sutochno-feeds/images/108baed787df386b.png,Адлер,3000 RUB,0,4.9583333333333,5.0,
628831017433,Гостевой дом Звёздочка,https://sutochno.ru/front/searchapp/hotels/62883,https://pumpons.github.io/sutochno-feeds/images/9eac6f7b24202f19.png,Адлер,2000 RUB,0,4.9583333333333,5.0,
1368831896824,Апартаменты C бассейном,https://sutochno.ru/front/searchapp/hotels/136883,https://pumpons.github.io/sutochno-feeds/images/eaed74366b28591f.png,Адлер,4721 RUB,0,4.9583333333333,5.0,ресторан;бар;Фитнес/спортзал;сад;Терраса;Бассейн (открытый);Собственный пляж;Игровая площадка для детей;лифт;пандус;детский бассейн;бассейн с подогревом;прачечная
1368831771194,Апартаменты C бассейном,https://sutochno.ru/front/searchapp/hotels/136883,https://pumpons.github.io/sutochno-feeds/images/646e2ad4eedfd7ee.png,Адлер,4636 RUB,0,4.9583333333333,5.0,ресторан;бар;Фитнес/спортзал;сад;Терраса;Бассейн (открытый);Собственный пляж;Игровая площадка для детей;лифт;пандус;детский бассейн;бассейн с подогревом;прачечная
682491068527,Отель Азалия,https://sutochno.ru/front/searchapp/hotels/68249,https://pumpons.github.io/sutochno-feeds/images/12fbae3635447d90.png,Адлер,7400 RUB,3,4.9583333333333,5.0,трансфер;бар;круглосуточная стойка;Бассейн (открытый);Игровая площадка для детей
1368831454013,Апартаменты C бассейном,https://sutochno.ru/front/searchapp/hotels/136883,https://pumpons.github.io/sutochno-feeds/images/3f479c6712b2589e.png,Адлер,5063 RUB,0,4.9583333333333,5.0,ресторан;бар;Фитнес/спортзал;сад;Терраса;Бассейн (открытый);Собственный пляж;Игровая площадка для детей;лифт;пандус;детский бассейн;бассейн с подогревом;прачечная
682491067737,Отель Азалия,https://sutochno.ru/front/searchapp/hotels/68249,https://pumpons.github.io/sutochno-feeds/images/ce494bbda245e91e.png,Адлер,10400 RUB,3,4.9583333333333,5.0,трансфер;бар;круглосуточная стойка;Бассейн (открытый);Игровая площадка для детей
1552052014454,Объект На магистральной,https://sutochno.ru/front/searchapp/hotels/155205,https://pumpons.github.io/sutochno-feeds/images/3322e34c42425a7f.png,Сочи,3800 RUB,0,4.9583333333333,5.0,трансфер;сад;Терраса
1552052013577,Объект На магистральной,https://sutochno.ru/front/searchapp/hotels/155205,https://pumpons.github.io/sutochno-feeds/images/3322e34c42425a7f.png,Сочи,3800 RUB,0,4.9583333333333,5.0,трансфер;сад;Терраса
59659995705,Гостевой дом Современник,https://sutochno.ru/front/searchapp/hotels/59659,https://pumpons.github.io/sutochno-feeds/images/82eced8bd30f4d9d.png,Сочи,2832 RUB,0,4.9578754578755,5.0,Игровая площадка для детей
59659993057,Гостевой дом Современник,https://sutochno.ru/front/searchapp/hotels/59659,https://pumpons.github.io/sutochno-feeds/images/dd9db722f2ad407f.png,Сочи,3186 RUB,0,4.9578754578755,5.0,Игровая площадка для детей
1112431454691,Гостевой дом Зефир,https://sutochno.ru/front/searchapp/hotels/111243,https://pumpons.github.io/sutochno-feeds/images/74bc966f7d0d9764.png,Сочи,7683 RUB,0,4.9569716775599,5.0,сад
1112431603942,Гостевой дом Зефир,https://sutochno.ru/front/searchapp/hotels/111243,https://pumpons.github.io/sutochno-feeds/images/4ee83c5996366e35.png,Сочи,5082 RUB,0,4.9569716775599,5.0,сад
1112431494110,Гостевой дом Зефир,https://sutochno.ru/front/searchapp/hotels/111243,https://pumpons.github.io/sutochno-feeds/images/7043be1d68d481cd.png,Сочи,4235 RUB,0,4.9569716775599,5.0,сад
1289271670028,Отель Горная Дача,https://sutochno.ru/front/searchapp/hotels/128927,https://pumpons.github.io/sutochno-feeds/images/28ff932072e2e119.png,Красная Поляна,4200 RUB,3,4.9568447634237,5.0,круглосуточная стойка;Бассейн (открытый);камера хранения;прачечная
1289271882987,Отель Горная Дача,https://sutochno.ru/front/searchapp/hotels/128927,https://pumpons.github.io/sutochno-feeds/images/f74e326b14dbd729.png,Красная Поляна,1800 RUB,3,4.9568447634237,5.0,круглосуточная стойка;Бассейн (открытый);камера хранения;прачечная
1516291966014,Гостевой дом Новое Время,https://sutochno.ru/front/searchapp/hotels/151629,https://pumpons.github.io/sutochno-feeds/images/ee016699fad0a7f9.png,Адлер,1241 RUB,0,4.9540564373898,5.0,
1516291966000,Гостевой дом Новое Время,https://sutochno.ru/front/searchapp/hotels/151629,https://pumpons.github.io/sutochno-feeds/images/1a93446bd8b327e5.png,Адлер,1156 RUB,0,4.9540564373898,5.0,
1516291966037,Гостевой дом Новое Время,https://sutochno.ru/front/searchapp/hotels/151629,https://pumpons.github.io/sutochno-feeds/images/b24af79057492c1b.png,Адлер,1503 RUB,0,4.9540564373898,5.0,
1516291966024,Гостевой дом Новое Время,https://sutochno.ru/front/searchapp/hotels/151629,https://pumpons.github.io/sutochno-feeds/images/4354ccf20630aca1.png,Адлер,1314 RUB,0,4.9540564373898,5.0,
1516291965996,Гостевой дом Новое Время,https://sutochno.ru/front/searchapp/hotels/151629,https://pumpons.github.io/sutochno-feeds/images/882f279383771190.png,Адлер,1114 RUB,0,4.9540564373898,5.0,
1516291966030,Гостевой дом Новое Время,https://sutochno.ru/front/searchapp/hotels/151629,https://pumpons.github.io/sutochno-feeds/images/72fbe66d0483840b.png,Адлер,1413 RUB,0,4.9540564373898,5.0,
1327021973268,Объект Лавра,https://sutochno.ru/front/searchapp/hotels/132702,https://pumpons.github.io/sutochno-feeds/images/e908dbc77ff8c3dd.png,Адлер,1800 RUB,0,4.9537037037037,5.0,сад;прачечная
1327021973222,Объект Лавра,https://sutochno.ru/front/searchapp/hotels/132702,https://pumpons.github.io/sutochno-feeds/images/d5cbf43042e4f067.png,Адлер,1560 RUB,0,4.9537037037037,5.0,сад;прачечная
1327021973317,Объект Лавра,https://sutochno.ru/front/searchapp/hotels/132702,https://pumpons.github.io/sutochno-feeds/images/07bde42d5fba0faf.png,Адлер,2640 RUB,0,4.9537037037037,5.0,сад;прачечная
1327021973258,Объект Лавра,https://sutochno.ru/front/searchapp/hotels/132702,https://pumpons.github.io/sutochno-feeds/images/05a90b9afffdd115.png,Адлер,2040 RUB,0,4.9537037037037,5.0,сад;прачечная
1327021973295,Объект Лавра,https://sutochno.ru/front/searchapp/hotels/132702,https://pumpons.github.io/sutochno-feeds/images/30dd3160234ce232.png,Адлер,2160 RUB,0,4.9537037037037,5.0,сад;прачечная
533871922859,Отель Либерти Флай,https://sutochno.ru/front/searchapp/hotels/53387,https://pumpons.github.io/sutochno-feeds/images/8bafd8f87dcec0ee.png,Сочи,2500 RUB,3,4.9535218253968,5.0,трансфер;ресторан;доставка в номер;круглосуточная стойка;лифт;конференц-зал;камера хранения;прачечная
533871922911,Отель Либерти Флай,https://sutochno.ru/front/searchapp/hotels/53387,https://pumpons.github.io/sutochno-feeds/images/0a6a44b7158bd5ac.png,Сочи,3000 RUB,3,4.9535218253968,5.0,трансфер;ресторан;доставка в номер;круглосуточная стойка;лифт;конференц-зал;камера хранения;прачечная
533872048278,Отель Либерти Флай,https://sutochno.ru/front/searchapp/hotels/53387,https://pumpons.github.io/sutochno-feeds/images/8bafd8f87dcec0ee.png,Сочи,2500 RUB,3,4.9535218253968,5.0,трансфер;ресторан;доставка в номер;круглосуточная стойка;лифт;конференц-зал;камера хранения;прачечная
674131437339,Объект У Ольги,https://sutochno.ru/front/searchapp/hotels/67413,https://pumpons.github.io/sutochno-feeds/images/a6c6e98df3708f50.png,Адлер,1800 RUB,0,4.9534511784512,5.0,трансфер;ресторан;доставка в номер;круглосуточная стойка;заказ экскурсий
674131050249,Объект У Ольги,https://sutochno.ru/front/searchapp/hotels/67413,https://pumpons.github.io/sutochno-feeds/images/58d83cfbb361906e.png,Адлер,2100 RUB,0,4.9534511784512,5.0,трансфер;ресторан;доставка в номер;круглосуточная стойка;заказ экскурсий
1025851358077,Объект Юг2,https://sutochno.ru/front/searchapp/hotels/102585,https://pumpons.github.io/sutochno-feeds/images/878d1ae217c6a532.png,Адлер,1900 RUB,0,4.9523809523809,5.0,сад;Терраса
1482382198765,Объект На Просвещения,https://sutochno.ru/front/searchapp/hotels/148238,https://pumpons.github.io/sutochno-feeds/images/9805e2483a57bf60.png,Адлер,2400 RUB,0,4.9521604938272,5.0,трансфер
1482381909939,Объект На Просвещения,https://sutochno.ru/front/searchapp/hotels/148238,https://pumpons.github.io/sutochno-feeds/images/9805e2483a57bf60.png,Адлер,2400 RUB,0,4.9521604938272,5.0,трансфер
1482381909894,Объект На Просвещения,https://sutochno.ru/front/searchapp/hotels/148238,https://pumpons.github.io/sutochno-feeds/images/9805e2483a57bf60.png,Адлер,2400 RUB,0,4.9521604938272,5.0,трансфер
1482381909914,Объект На Просвещения,https://sutochno.ru/front/searchapp/hotels/148238,https://pumpons.github.io/sutochno-feeds/images/ea0f7a8f475c4b6c.png,Адлер,3000 RUB,0,4.9521604938272,5.0,трансфер
1482381909920,Объект На Просвещения,https://sutochno.ru/front/searchapp/hotels/148238,https://pumpons.github.io/sutochno-feeds/images/9805e2483a57bf60.png,Адлер,2400 RUB,0,4.9521604938272,5.0,трансфер
4131492605,Объект На Львовской,https://sutochno.ru/front/searchapp/hotels/4131,https://pumpons.github.io/sutochno-feeds/images/bda9785f6c65ccb5.png,Сочи,2340 RUB,0,4.9519230769231,5.0,трансфер;ресторан;доставка в номер;бар;круглосуточная стойка;сауна;Фитнес/спортзал;Терраса;Спа;футбольное поле;теннисный корт;гольф;Аквапарк;Бассейн (открытый);Бассейн (крытый);джакузи общего пользования;Собственный пляж;Игровая площадка для детей;лифт;анимация;пандус;детский бассейн;банный чан;бассейн с подогревом;переговорная;конференц-зал;камера хранения;прачечная;бизнес-центр;няня;детское меню
4131492589,Объект На Львовской,https://sutochno.ru/front/searchapp/hotels/4131,https://pumpons.github.io/sutochno-feeds/images/d4d1fa5e4c969a06.png,Сочи,1560 RUB,0,4.9519230769231,5.0,трансфер;ресторан;доставка в номер;бар;круглосуточная стойка;сауна;Фитнес/спортзал;Терраса;Спа;футбольное поле;теннисный корт;гольф;Аквапарк;Бассейн (открытый);Бассейн (крытый);джакузи общего пользования;Собственный пляж;Игровая площадка для детей;лифт;анимация;пандус;детский бассейн;банный чан;бассейн с подогревом;переговорная;конференц-зал;камера хранения;прачечная;бизнес-центр;няня;детское меню
41311817591,Объект На Львовской,https://sutochno.ru/front/searchapp/hotels/4131,https://pumpons.github.io/sutochno-feeds/images/d4d1fa5e4c969a06.png,Сочи,1560 RUB,0,4.9519230769231,5.0,трансфер;ресторан;доставка в номер;бар;круглосуточная стойка;сауна;Фитнес/спортзал;Терраса;Спа;футбольное поле;теннисный корт;гольф;Аквапарк;Бассейн (открытый);Бассейн (крытый);джакузи общего пользования;Собственный пляж;Игровая площадка для детей;лифт;анимация;пандус;детский бассейн;банный чан;бассейн с подогревом;переговорная;конференц-зал;камера хранения;прачечная;бизнес-центр;няня;детское меню
1360481993992,Объект Sun Trope,https://sutochno.ru/front/searchapp/hotels/136048,https://pumpons.github.io/sutochno-feeds/images/4dbdbb96ac95b071.png,Адлер,3400 RUB,0,4.95,5.0,
1360481980318,Объект Sun Trope,https://sutochno.ru/front/searchapp/hotels/136048,https://pumpons.github.io/sutochno-feeds/images/78d59aba51428d69.png,Адлер,4900 RUB,0,4.95,5.0,
1707862236707,Гостиница Джульетта,https://sutochno.ru/front/searchapp/hotels/170786,https://pumpons.github.io/sutochno-feeds/images/f7aeadded29d2f2c.png,Адлер,2862 RUB,0,4.95,5.0,трансфер;ресторан;доставка в номер;сауна;сад;Бассейн (крытый);бассейн с подогревом;прачечная
1707862236695,Гостиница Джульетта,https://sutochno.ru/front/searchapp/hotels/170786,https://pumpons.github.io/sutochno-feeds/images/ec15c921280e3ecf.png,Адлер,2403 RUB,0,4.95,5.0,трансфер;ресторан;доставка в номер;сауна;сад;Бассейн (крытый);бассейн с подогревом;прачечная
1707862236674,Гостиница Джульетта,https://sutochno.ru/front/searchapp/hotels/170786,https://pumpons.github.io/sutochno-feeds/images/7d3ff93c12520ce7.png,Адлер,1340 RUB,0,4.95,5.0,трансфер;ресторан;доставка в номер;сауна;сад;Бассейн (крытый);бассейн с подогревом;прачечная
1707862236689,Гостиница Джульетта,https://sutochno.ru/front/searchapp/hotels/170786,https://pumpons.github.io/sutochno-feeds/images/bed2733af6d22e44.png,Адлер,1566 RUB,0,4.95,5.0,трансфер;ресторан;доставка в номер;сауна;сад;Бассейн (крытый);бассейн с подогревом;прачечная
1707862236681,Гостиница Джульетта,https://sutochno.ru/front/searchapp/hotels/170786,https://pumpons.github.io/sutochno-feeds/images/bed2733af6d22e44.png,Адлер,1566 RUB,0,4.95,5.0,трансфер;ресторан;доставка в номер;сауна;сад;Бассейн (крытый);бассейн с подогревом;прачечная
1707862236691,Гостиница Джульетта,https://sutochno.ru/front/searchapp/hotels/170786,https://pumpons.github.io/sutochno-feeds/images/8da7033f40ec079c.png,Адлер,1640 RUB,0,4.95,5.0,трансфер;ресторан;доставка в номер;сауна;сад;Бассейн (крытый);бассейн с подогревом;прачечная
1360482079398,Объект Sun Trope,https://sutochno.ru/front/searchapp/hotels/136048,https://pumpons.github.io/sutochno-feeds/images/cd7449165e5a421b.png,Адлер,3800 RUB,0,4.95,5.0,
1707862236712,Гостиница Джульетта,https://sutochno.ru/front/searchapp/hotels/170786,https://pumpons.github.io/sutochno-feeds/images/a392c59f6fca0f1f.png,Адлер,3159 RUB,0,4.95,5.0,трансфер;ресторан;доставка в номер;сауна;сад;Бассейн (крытый);бассейн с подогревом;прачечная
1707862236685,Гостиница Джульетта,https://sutochno.ru/front/searchapp/hotels/170786,https://pumpons.github.io/sutochno-feeds/images/6922055ac5db37f8.png,Адлер,1539 RUB,0,4.95,5.0,трансфер;ресторан;доставка в номер;сауна;сад;Бассейн (крытый);бассейн с подогревом;прачечная
1707862236702,Гостиница Джульетта,https://sutochno.ru/front/searchapp/hotels/170786,https://pumpons.github.io/sutochno-feeds/images/68ed5fa3919be5ce.png,Адлер,2457 RUB,0,4.95,5.0,трансфер;ресторан;доставка в номер;сауна;сад;Бассейн (крытый);бассейн с подогревом;прачечная
1707862236670,Гостиница Джульетта,https://sutochno.ru/front/searchapp/hotels/170786,https://pumpons.github.io/sutochno-feeds/images/6803af41ac9c9cb5.png,Адлер,1420 RUB,0,4.95,5.0,трансфер;ресторан;доставка в номер;сауна;сад;Бассейн (крытый);бассейн с подогревом;прачечная
1707862236697,Гостиница Джульетта,https://sutochno.ru/front/searchapp/hotels/170786,https://pumpons.github.io/sutochno-feeds/images/68ed5fa3919be5ce.png,Адлер,2457 RUB,0,4.95,5.0,трансфер;ресторан;доставка в номер;сауна;сад;Бассейн (крытый);бассейн с подогревом;прачечная
1707862236693,Гостиница Джульетта,https://sutochno.ru/front/searchapp/hotels/170786,https://pumpons.github.io/sutochno-feeds/images/0110df228c7ec5e8.png,Адлер,2331 RUB,0,4.95,5.0,трансфер;ресторан;доставка в номер;сауна;сад;Бассейн (крытый);бассейн с подогревом;прачечная
1360481979792,Объект Sun Trope,https://sutochno.ru/front/searchapp/hotels/136048,https://pumpons.github.io/sutochno-feeds/images/79fafc7cb9046a9a.png,Адлер,3600 RUB,0,4.95,5.0,
1066651408443,Гостевой дом Мята,https://sutochno.ru/front/searchapp/hotels/106665,https://pumpons.github.io/sutochno-feeds/images/cdf2c24d7a0e27a5.png,Сочи,2600 RUB,0,4.95,5.0,трансфер;сад;Терраса;Бассейн (открытый);прачечная
1359211755999,Объект 4 Avenue,https://sutochno.ru/front/searchapp/hotels/135921,https://pumpons.github.io/sutochno-feeds/images/cd937615078599f1.png,Сочи,3105 RUB,0,4.95,5.0,круглосуточная стойка
1359211755822,Объект 4 Avenue,https://sutochno.ru/front/searchapp/hotels/135921,https://pumpons.github.io/sutochno-feeds/images/cd937615078599f1.png,Сочи,3105 RUB,0,4.95,5.0,круглосуточная стойка
34155681297,Отель Морская Звезда,https://sutochno.ru/front/searchapp/hotels/34155,https://pumpons.github.io/sutochno-feeds/images/c2e265aa3c963731.png,Сочи,2100 RUB,0,4.95,5.0,трансфер;круглосуточная стойка;Фитнес/спортзал;сад;Спа;лифт
341552132879,Отель Морская Звезда,https://sutochno.ru/front/searchapp/hotels/34155,https://pumpons.github.io/sutochno-feeds/images/f0ebc1c81d98c3c0.png,Сочи,2700 RUB,0,4.95,5.0,трансфер;круглосуточная стойка;Фитнес/спортзал;сад;Спа;лифт
1066651408459,Гостевой дом Мята,https://sutochno.ru/front/searchapp/hotels/106665,https://pumpons.github.io/sutochno-feeds/images/20860bf913ac06eb.png,Сочи,3900 RUB,0,4.95,5.0,трансфер;сад;Терраса;Бассейн (открытый);прачечная
1359211755923,Объект 4 Avenue,https://sutochno.ru/front/searchapp/hotels/135921,https://pumpons.github.io/sutochno-feeds/images/cd937615078599f1.png,Сочи,3105 RUB,0,4.95,5.0,круглосуточная стойка
38347814335,Гостевой дом Адлердомик,https://sutochno.ru/front/searchapp/hotels/38347,https://pumpons.github.io/sutochno-feeds/images/13ab3100998da5db.png,Адлер,1490 RUB,0,4.9470899470899,5.0,
1703202264237,Гостиница Aura,https://sutochno.ru/front/searchapp/hotels/170320,https://pumpons.github.io/sutochno-feeds/images/d6fc468bf36887dd.png,Сочи,3197 RUB,0,4.9464285714286,5.0,трансфер;лифт
1703202264276,Гостиница Aura,https://sutochno.ru/front/searchapp/hotels/170320,https://pumpons.github.io/sutochno-feeds/images/796ecf0f323783af.png,Сочи,6300 RUB,0,4.9464285714286,5.0,трансфер;лифт
669372057526,Апартаменты BoxHouse,https://sutochno.ru/front/searchapp/hotels/66937,https://pumpons.github.io/sutochno-feeds/images/25f0ab4167cb06bb.png,Адлер,2000 RUB,0,4.9463845197284,5.0,трансфер
669372062214,Апартаменты BoxHouse,https://sutochno.ru/front/searchapp/hotels/66937,https://pumpons.github.io/sutochno-feeds/images/25f0ab4167cb06bb.png,Адлер,2000 RUB,0,4.9463845197284,5.0,трансфер
669371046393,Апартаменты BoxHouse,https://sutochno.ru/front/searchapp/hotels/66937,https://pumpons.github.io/sutochno-feeds/images/a473c22770efc65e.png,Адлер,3000 RUB,0,4.9463845197284,5.0,трансфер
669371652068,Апартаменты BoxHouse,https://sutochno.ru/front/searchapp/hotels/66937,https://pumpons.github.io/sutochno-feeds/images/25f0ab4167cb06bb.png,Адлер,2000 RUB,0,4.9463845197284,5.0,трансфер
1344561740348,Объект Аристократ,https://sutochno.ru/front/searchapp/hotels/134456,https://pumpons.github.io/sutochno-feeds/images/a3f962fd879240ae.png,Сочи,1600 RUB,0,4.9457263849278,5.0,круглосуточная стойка;сад;Терраса;пандус;прачечная
1344561740551,Объект Аристократ,https://sutochno.ru/front/searchapp/hotels/134456,https://pumpons.github.io/sutochno-feeds/images/a3f962fd879240ae.png,Сочи,1600 RUB,0,4.9457263849278,5.0,круглосуточная стойка;сад;Терраса;пандус;прачечная
690911063205,Объект Версаль,https://sutochno.ru/front/searchapp/hotels/69091,https://pumpons.github.io/sutochno-feeds/images/149a47fde574fc1c.png,Адлер,2500 RUB,0,4.9444444444444,5.0,Бассейн (открытый);Бассейн (крытый)
1470901891009,Гостевой дом Эр Эм,https://sutochno.ru/front/searchapp/hotels/147090,https://pumpons.github.io/sutochno-feeds/images/ee0e033abb0fdc77.png,Адлер,2250 RUB,0,4.9444444444444,5.0,трансфер;круглосуточная стойка;Терраса;Бассейн (открытый);Игровая площадка для детей;бассейн с подогревом
690911063225,Объект Версаль,https://sutochno.ru/front/searchapp/hotels/69091,https://pumpons.github.io/sutochno-feeds/images/149a47fde574fc1c.png,Адлер,2500 RUB,0,4.9444444444444,5.0,Бассейн (открытый);Бассейн (крытый)
1470901891038,Гостевой дом Эр Эм,https://sutochno.ru/front/searchapp/hotels/147090,https://pumpons.github.io/sutochno-feeds/images/6f3de82a85d94ef4.png,Адлер,3750 RUB,0,4.9444444444444,5.0,трансфер;круглосуточная стойка;Терраса;Бассейн (открытый);Игровая площадка для детей;бассейн с подогревом
1475601899071,Отель Белладжио,https://sutochno.ru/front/searchapp/hotels/147560,https://pumpons.github.io/sutochno-feeds/images/62e76ae01e9f02b9.png,Сочи,5000 RUB,4,4.9444444444444,5.0,ресторан;круглосуточная стойка;сауна;Фитнес/спортзал;Терраса;Спа;Бассейн (крытый);лифт;детский бассейн;бассейн с подогревом;конференц-зал;хаммам;салон красоты;заказ экскурсий;массаж
1475601899186,Отель Белладжио,https://sutochno.ru/front/searchapp/hotels/147560,https://pumpons.github.io/sutochno-feeds/images/63a2c0885f0e26db.png,Сочи,8200 RUB,4,4.9444444444444,5.0,ресторан;круглосуточная стойка;сауна;Фитнес/спортзал;Терраса;Спа;Бассейн (крытый);лифт;детский бассейн;бассейн с подогревом;конференц-зал;хаммам;салон красоты;заказ экскурсий;массаж
1475601899192,Отель Белладжио,https://sutochno.ru/front/searchapp/hotels/147560,https://pumpons.github.io/sutochno-feeds/images/c25cf14ea634d03c.png,Сочи,4800 RUB,4,4.9444444444444,5.0,ресторан;круглосуточная стойка;сауна;Фитнес/спортзал;Терраса;Спа;Бассейн (крытый);лифт;детский бассейн;бассейн с подогревом;конференц-зал;хаммам;салон красоты;заказ экскурсий;массаж
1475601899179,Отель Белладжио,https://sutochno.ru/front/searchapp/hotels/147560,https://pumpons.github.io/sutochno-feeds/images/221bbb051065d5a0.png,Сочи,7000 RUB,4,4.9444444444444,5.0,ресторан;круглосуточная стойка;сауна;Фитнес/спортзал;Терраса;Спа;Бассейн (крытый);лифт;детский бассейн;бассейн с подогревом;конференц-зал;хаммам;салон красоты;заказ экскурсий;массаж
1475601899170,Отель Белладжио,https://sutochno.ru/front/searchapp/hotels/147560,https://pumpons.github.io/sutochno-feeds/images/e235cbb727cc0df1.png,Сочи,6500 RUB,4,4.9444444444444,5.0,ресторан;круглосуточная стойка;сауна;Фитнес/спортзал;Терраса;Спа;Бассейн (крытый);лифт;детский бассейн;бассейн с подогревом;конференц-зал;хаммам;салон красоты;заказ экскурсий;массаж
1475601899149,Отель Белладжио,https://sutochno.ru/front/searchapp/hotels/147560,https://pumpons.github.io/sutochno-feeds/images/a4884f61f12fa00a.png,Сочи,5300 RUB,4,4.9444444444444,5.0,ресторан;круглосуточная стойка;сауна;Фитнес/спортзал;Терраса;Спа;Бассейн (крытый);лифт;детский бассейн;бассейн с подогревом;конференц-зал;хаммам;салон красоты;заказ экскурсий;массаж
22885690125,Объект На Нагорной,https://sutochno.ru/front/searchapp/hotels/22885,https://pumpons.github.io/sutochno-feeds/images/e8d1b83f298fcd97.png,Сочи,5000 RUB,0,4.9439393939394,5.0,круглосуточная стойка;Игровая площадка для детей
22885690127,Объект На Нагорной,https://sutochno.ru/front/searchapp/hotels/22885,https://pumpons.github.io/sutochno-feeds/images/cb661312f4f1b6d7.png,Сочи,6250 RUB,0,4.9439393939394,5.0,круглосуточная стойка;Игровая площадка для детей
51187935551,Гостиница Лофт,https://sutochno.ru/front/searchapp/hotels/51187,https://pumpons.github.io/sutochno-feeds/images/0ff97ba9a1d3e95b.png,Сочи,2890 RUB,0,4.9435786098822,5.0,круглосуточная стойка;Бассейн (открытый);прачечная
51187925853,Гостиница Лофт,https://sutochno.ru/front/searchapp/hotels/51187,https://pumpons.github.io/sutochno-feeds/images/c290654d52201835.png,Сочи,2850 RUB,0,4.9435786098822,5.0,круглосуточная стойка;Бассейн (открытый);прачечная
51187927129,Гостиница Лофт,https://sutochno.ru/front/searchapp/hotels/51187,https://pumpons.github.io/sutochno-feeds/images/496d6492015e3aa2.png,Сочи,2490 RUB,0,4.9435786098822,5.0,круглосуточная стойка;Бассейн (открытый);прачечная
51187935841,Гостиница Лофт,https://sutochno.ru/front/searchapp/hotels/51187,https://pumpons.github.io/sutochno-feeds/images/ce672dab51cce2ea.png,Сочи,1990 RUB,0,4.9435786098822,5.0,круглосуточная стойка;Бассейн (открытый);прачечная
51187935887,Гостиница Лофт,https://sutochno.ru/front/searchapp/hotels/51187,https://pumpons.github.io/sutochno-feeds/images/95bd3b2b4cd09f61.png,Сочи,3490 RUB,0,4.9435786098822,5.0,круглосуточная стойка;Бассейн (открытый);прачечная
656831037637,Объект Anatol,https://sutochno.ru/front/searchapp/hotels/65683,https://pumpons.github.io/sutochno-feeds/images/d2f4103957d23edc.png,Сочи,4500 RUB,0,4.9433333333333,5.0,
890631222583,Объект Нартон,https://sutochno.ru/front/searchapp/hotels/89063,https://pumpons.github.io/sutochno-feeds/images/592aa16880c2b3a9.png,Адлер,3600 RUB,0,4.9416666666667,5.0,круглосуточная стойка;Терраса
890631222547,Объект Нартон,https://sutochno.ru/front/searchapp/hotels/89063,https://pumpons.github.io/sutochno-feeds/images/1415f398da6fde2e.png,Адлер,3500 RUB,0,4.9416666666667,5.0,круглосуточная стойка;Терраса
1037291878357,Объект Семейный,https://sutochno.ru/front/searchapp/hotels/103729,https://pumpons.github.io/sutochno-feeds/images/b310bae5dc6228c3.png,Адлер,2600 RUB,0,4.9410714285714,5.0,трансфер;сад;Терраса;Игровая площадка для детей
1037291405453,Объект Семейный,https://sutochno.ru/front/searchapp/hotels/103729,https://pumpons.github.io/sutochno-feeds/images/9834475b638b7bee.png,Адлер,2800 RUB,0,4.9410714285714,5.0,трансфер;сад;Терраса;Игровая площадка для детей
1037291405415,Объект Семейный,https://sutochno.ru/front/searchapp/hotels/103729,https://pumpons.github.io/sutochno-feeds/images/ebe7dbb4b816fa64.png,Адлер,2000 RUB,0,4.9410714285714,5.0,трансфер;сад;Терраса;Игровая площадка для детей
1037291405451,Объект Семейный,https://sutochno.ru/front/searchapp/hotels/103729,https://pumpons.github.io/sutochno-feeds/images/02940f817032ec2c.png,Адлер,2999 RUB,0,4.9410714285714,5.0,трансфер;сад;Терраса;Игровая площадка для детей
1037291878356,Объект Семейный,https://sutochno.ru/front/searchapp/hotels/103729,https://pumpons.github.io/sutochno-feeds/images/8044bc1140191d7a.png,Адлер,2500 RUB,0,4.9410714285714,5.0,трансфер;сад;Терраса;Игровая площадка для детей
1037291372175,Объект Семейный,https://sutochno.ru/front/searchapp/hotels/103729,https://pumpons.github.io/sutochno-feeds/images/6221bf9157e838a0.png,Адлер,2400 RUB,0,4.9410714285714,5.0,трансфер;сад;Терраса;Игровая площадка для детей
50739924233,Апартаменты Светлана на Курортном,https://sutochno.ru/front/searchapp/hotels/50739,https://pumpons.github.io/sutochno-feeds/images/cff726b053351d28.png,Сочи,3500 RUB,0,4.9409090909091,5.0,круглосуточная стойка;сад;лифт;пандус;камера хранения;прачечная
1615472092042,Гостевой дом Арго,https://sutochno.ru/front/searchapp/hotels/161547,https://pumpons.github.io/sutochno-feeds/images/a7b98b0cb9c2eb75.png,Адлер,1800 RUB,0,4.9404761904762,5.0,трансфер;бассейн с подогревом;камера хранения;заказ экскурсий
1615472092004,Гостевой дом Арго,https://sutochno.ru/front/searchapp/hotels/161547,https://pumpons.github.io/sutochno-feeds/images/55a1cbb51cf83001.png,Адлер,1700 RUB,0,4.9404761904762,5.0,трансфер;бассейн с подогревом;камера хранения;заказ экскурсий
1615472092121,Гостевой дом Арго,https://sutochno.ru/front/searchapp/hotels/161547,https://pumpons.github.io/sutochno-feeds/images/6203e8c630e5db14.png,Адлер,2300 RUB,0,4.9404761904762,5.0,трансфер;бассейн с подогревом;камера хранения;заказ экскурсий
1557022020890,Гостевой дом Восемь ветров,https://sutochno.ru/front/searchapp/hotels/155702,https://pumpons.github.io/sutochno-feeds/images/1336c3747ce52e7d.png,Адлер,2300 RUB,0,4.9398148148148,5.0,трансфер;Терраса;детский бассейн
1557022020853,Гостевой дом Восемь ветров,https://sutochno.ru/front/searchapp/hotels/155702,https://pumpons.github.io/sutochno-feeds/images/18fba8027afa38c0.png,Адлер,1500 RUB,0,4.9398148148148,5.0,трансфер;Терраса;детский бассейн
1557022020901,Гостевой дом Восемь ветров,https://sutochno.ru/front/searchapp/hotels/155702,https://pumpons.github.io/sutochno-feeds/images/eb6e84441e166969.png,Адлер,3500 RUB,0,4.9398148148148,5.0,трансфер;Терраса;детский бассейн
1557022020873,Гостевой дом Восемь ветров,https://sutochno.ru/front/searchapp/hotels/155702,https://pumpons.github.io/sutochno-feeds/images/18fba8027afa38c0.png,Адлер,1500 RUB,0,4.9398148148148,5.0,трансфер;Терраса;детский бассейн
1557022036919,Гостевой дом Восемь ветров,https://sutochno.ru/front/searchapp/hotels/155702,https://pumpons.github.io/sutochno-feeds/images/e47984ee5f5f2034.png,Адлер,2000 RUB,0,4.9398148148148,5.0,трансфер;Терраса;детский бассейн
1332931729027,Объект Хаус на Ферме,https://sutochno.ru/front/searchapp/hotels/133293,https://pumpons.github.io/sutochno-feeds/images/76d4284cb6eb18f2.png,Адлер,3500 RUB,0,4.9398148148148,5.0,трансфер;ресторан;доставка в номер;бар;Терраса;Бассейн (открытый);прачечная
1332931729029,Объект Хаус на Ферме,https://sutochno.ru/front/searchapp/hotels/133293,https://pumpons.github.io/sutochno-feeds/images/5440a57f254ff7cd.png,Адлер,4000 RUB,0,4.9398148148148,5.0,трансфер;ресторан;доставка в номер;бар;Терраса;Бассейн (открытый);прачечная
652991034351,Гостевой дом Река и Море,https://sutochno.ru/front/searchapp/hotels/65299,https://pumpons.github.io/sutochno-feeds/images/5429ef17f54ba7d4.png,Адлер,1950 RUB,0,4.9383333333333,5.0,круглосуточная стойка;Бассейн (открытый)
652991034435,Гостевой дом Река и Море,https://sutochno.ru/front/searchapp/hotels/65299,https://pumpons.github.io/sutochno-feeds/images/346c10927230e7fd.png,Адлер,2250 RUB,0,4.9383333333333,5.0,круглосуточная стойка;Бассейн (открытый)
1180721527861,Отель Спорт-отель Юность,https://sutochno.ru/front/searchapp/hotels/118072,https://pumpons.github.io/sutochno-feeds/images/5c0564eb3756f956.png,Адлер,7000 RUB,3,4.9375,5.0,ресторан;доставка в номер;круглосуточная стойка;сауна;футбольное поле;лифт;пандус
1180721527833,Отель Спорт-отель Юность,https://sutochno.ru/front/searchapp/hotels/118072,https://pumpons.github.io/sutochno-feeds/images/2f03b047b804ba86.png,Адлер,4500 RUB,3,4.9375,5.0,ресторан;доставка в номер;круглосуточная стойка;сауна;футбольное поле;лифт;пандус
991551317979,Гостевой дом Георгий,https://sutochno.ru/front/searchapp/hotels/99155,https://pumpons.github.io/sutochno-feeds/images/d6689c79a41f769e.png,Сочи,3300 RUB,0,4.9375,5.0,
755451114663,Отель Вилла Анна,https://sutochno.ru/front/searchapp/hotels/75545,https://pumpons.github.io/sutochno-feeds/images/ee626f255b8ce865.png,Сочи,9700 RUB,4,4.9375,5.0,трансфер;ресторан;доставка в номер;бар;круглосуточная стойка;сауна;сад;Терраса;Спа;Бассейн (открытый);джакузи общего пользования;Игровая площадка для детей;лифт
991551317977,Гостевой дом Георгий,https://sutochno.ru/front/searchapp/hotels/99155,https://pumpons.github.io/sutochno-feeds/images/dd593daedcf056b7.png,Сочи,2800 RUB,0,4.9375,5.0,
755451114633,Отель Вилла Анна,https://sutochno.ru/front/searchapp/hotels/75545,https://pumpons.github.io/sutochno-feeds/images/3caab202b3cb5145.png,Сочи,8900 RUB,4,4.9375,5.0,трансфер;ресторан;доставка в номер;бар;круглосуточная стойка;сауна;сад;Терраса;Спа;Бассейн (открытый);джакузи общего пользования;Игровая площадка для детей;лифт
54807955983,Мини-гостиница Грейс Калифорния,https://sutochno.ru/front/searchapp/hotels/54807,https://pumpons.github.io/sutochno-feeds/images/d1419164709bc247.png,Адлер,4600 RUB,3,4.937037037037,5.0,трансфер;ресторан;бар;круглосуточная стойка;сауна;Бассейн (открытый);лифт
54807955937,Мини-гостиница Грейс Калифорния,https://sutochno.ru/front/searchapp/hotels/54807,https://pumpons.github.io/sutochno-feeds/images/d1419164709bc247.png,Адлер,4600 RUB,3,4.937037037037,5.0,трансфер;ресторан;бар;круглосуточная стойка;сауна;Бассейн (открытый);лифт
1485721915046,Гостевой дом Вилла на Орбитовской,https://sutochno.ru/front/searchapp/hotels/148572,https://pumpons.github.io/sutochno-feeds/images/95764f1ecc1e46e4.png,Адлер,2150 RUB,0,4.9369047619048,5.0,трансфер
1485721915032,Гостевой дом Вилла на Орбитовской,https://sutochno.ru/front/searchapp/hotels/148572,https://pumpons.github.io/sutochno-feeds/images/a3f70ba048551c13.png,Адлер,1850 RUB,0,4.9369047619048,5.0,трансфер
54997957489,Отель Атмосфера,https://sutochno.ru/front/searchapp/hotels/54997,https://pumpons.github.io/sutochno-feeds/images/6d48528c2abf7d6e.png,Красная Поляна,2388 RUB,0,4.9364678807569,5.0,трансфер
54997956955,Отель Атмосфера,https://sutochno.ru/front/searchapp/hotels/54997,https://pumpons.github.io/sutochno-feeds/images/6d48528c2abf7d6e.png,Красная Поляна,2388 RUB,0,4.9364678807569,5.0,трансфер
1480741929552,Отель Il Punto,https://sutochno.ru/front/searchapp/hotels/148074,https://pumpons.github.io/sutochno-feeds/images/feac4899240dcc49.png,Сочи,9100 RUB,3,4.9359282227207,5.0,трансфер;круглосуточная стойка;лифт
1480741929558,Отель Il Punto,https://sutochno.ru/front/searchapp/hotels/148074,https://pumpons.github.io/sutochno-feeds/images/19813b678b05a743.png,Сочи,10020 RUB,3,4.9359282227207,5.0,трансфер;круглосуточная стойка;лифт
1480741906871,Отель Il Punto,https://sutochno.ru/front/searchapp/hotels/148074,https://pumpons.github.io/sutochno-feeds/images/bec9e5c89c0a6863.png,Сочи,3310 RUB,3,4.9359282227207,5.0,трансфер;круглосуточная стойка;лифт
1480741906855,Отель Il Punto,https://sutochno.ru/front/searchapp/hotels/148074,https://pumpons.github.io/sutochno-feeds/images/016aebe3e4a1b693.png,Сочи,3141 RUB,3,4.9359282227207,5.0,трансфер;круглосуточная стойка;лифт
1480741929536,Отель Il Punto,https://sutochno.ru/front/searchapp/hotels/148074,https://pumpons.github.io/sutochno-feeds/images/59704319c499acd3.png,Сочи,2979 RUB,3,4.9359282227207,5.0,трансфер;круглосуточная стойка;лифт
1493491952203,Гостевой дом Белый орел,https://sutochno.ru/front/searchapp/hotels/149349,https://pumpons.github.io/sutochno-feeds/images/0a7df6dd3114185b.png,Адлер,2600 RUB,0,4.9351851851852,5.0,трансфер;круглосуточная стойка;сад;пандус;камера хранения;прачечная
1493491468265,Гостевой дом Белый орел,https://sutochno.ru/front/searchapp/hotels/149349,https://pumpons.github.io/sutochno-feeds/images/dbbbe6c2f9dabedc.png,Адлер,2100 RUB,0,4.9351851851852,5.0,трансфер;круглосуточная стойка;сад;пандус;камера хранения;прачечная
1493491357913,Гостевой дом Белый орел,https://sutochno.ru/front/searchapp/hotels/149349,https://pumpons.github.io/sutochno-feeds/images/dbbbe6c2f9dabedc.png,Адлер,2100 RUB,0,4.9351851851852,5.0,трансфер;круглосуточная стойка;сад;пандус;камера хранения;прачечная
1029231362193,Гостевой дом Танго в поляне,https://sutochno.ru/front/searchapp/hotels/102923,https://pumpons.github.io/sutochno-feeds/images/fba5f4c83b6b4972.png,Красная Поляна,2330 RUB,0,4.9348145966084,5.0,круглосуточная стойка;сауна;Терраса;Бассейн (открытый);бассейн с подогревом
1029231362191,Гостевой дом Танго в поляне,https://sutochno.ru/front/searchapp/hotels/102923,https://pumpons.github.io/sutochno-feeds/images/c1e98eb13e5cae4b.png,Красная Поляна,2010 RUB,0,4.9348145966084,5.0,круглосуточная стойка;сауна;Терраса;Бассейн (открытый);бассейн с подогревом
1029231362205,Гостевой дом Танго в поляне,https://sutochno.ru/front/searchapp/hotels/102923,https://pumpons.github.io/sutochno-feeds/images/79b76d27aca37c50.png,Красная Поляна,5300 RUB,0,4.9348145966084,5.0,круглосуточная стойка;сауна;Терраса;Бассейн (открытый);бассейн с подогревом
1029231362181,Гостевой дом Танго в поляне,https://sutochno.ru/front/searchapp/hotels/102923,https://pumpons.github.io/sutochno-feeds/images/0e51e2187a4abe99.png,Красная Поляна,1910 RUB,0,4.9348145966084,5.0,круглосуточная стойка;сауна;Терраса;Бассейн (открытый);бассейн с подогревом
22377685197,Гостевой дом MarkHills,https://sutochno.ru/front/searchapp/hotels/22377,https://pumpons.github.io/sutochno-feeds/images/dda4c4d07d084f7d.png,Сочи,4500 RUB,0,4.9344008434434,5.0,трансфер;круглосуточная стойка
22377685169,Гостевой дом MarkHills,https://sutochno.ru/front/searchapp/hotels/22377,https://pumpons.github.io/sutochno-feeds/images/d62d9f44aeb0dee9.png,Сочи,2000 RUB,0,4.9344008434434,5.0,трансфер;круглосуточная стойка
1513801963137,Гостевой дом Грация,https://sutochno.ru/front/searchapp/hotels/151380,https://pumpons.github.io/sutochno-feeds/images/401491c8b5e660c1.png,Адлер,3750 RUB,0,4.934126984127,5.0,
1513801963152,Гостевой дом Грация,https://sutochno.ru/front/searchapp/hotels/151380,https://pumpons.github.io/sutochno-feeds/images/55a140baaddf6727.png,Адлер,5000 RUB,0,4.934126984127,5.0,
1513801963123,Гостевой дом Грация,https://sutochno.ru/front/searchapp/hotels/151380,https://pumpons.github.io/sutochno-feeds/images/401491c8b5e660c1.png,Адлер,3750 RUB,0,4.934126984127,5.0,
1513801963163,Гостевой дом Грация,https://sutochno.ru/front/searchapp/hotels/151380,https://pumpons.github.io/sutochno-feeds/images/60c59b5541682d51.png,Адлер,5625 RUB,0,4.934126984127,5.0,
1513801962951,Гостевой дом Грация,https://sutochno.ru/front/searchapp/hotels/151380,https://pumpons.github.io/sutochno-feeds/images/0895d979a1ddef88.png,Адлер,3125 RUB,0,4.934126984127,5.0,
1161031506610,Апартаменты Апартаменты в центре,https://sutochno.ru/front/searchapp/hotels/116103,https://pumpons.github.io/sutochno-feeds/images/247f1a5c51f675d1.png,Сочи,4700 RUB,0,4.9335535346603,5.0,лифт
1161031507212,Апартаменты Апартаменты в центре,https://sutochno.ru/front/searchapp/hotels/116103,https://pumpons.github.io/sutochno-feeds/images/7d4b4fea1d0bba98.png,Сочи,5000 RUB,0,4.9335535346603,5.0,лифт
1447071856958,Объект Ланселот,https://sutochno.ru/front/searchapp/hotels/144707,https://pumpons.github.io/sutochno-feeds/images/424f4a5716f4d195.png,Сочи,4125 RUB,0,4.9333333333333,5.0,трансфер;сад;Бассейн (открытый)
1447071856991,Объект Ланселот,https://sutochno.ru/front/searchapp/hotels/144707,https://pumpons.github.io/sutochno-feeds/images/c667d57533b9b450.png,Сочи,5000 RUB,0,4.9333333333333,5.0,трансфер;сад;Бассейн (открытый)
1307781696716,Отель Арт,https://sutochno.ru/front/searchapp/hotels/130778,https://pumpons.github.io/sutochno-feeds/images/8caefb5c2b2eb85d.png,Сочи,3500 RUB,3,4.9333333333333,5.0,ресторан;круглосуточная стойка;лифт;пандус;камера хранения
1447071858544,Объект Ланселот,https://sutochno.ru/front/searchapp/hotels/144707,https://pumpons.github.io/sutochno-feeds/images/e02ee674e9048703.png,Сочи,4750 RUB,0,4.9333333333333,5.0,трансфер;сад;Бассейн (открытый)
1091871434343,Объект Камбала,https://sutochno.ru/front/searchapp/hotels/109187,https://pumpons.github.io/sutochno-feeds/images/5b40f989622bcff8.png,Сочи,4620 RUB,0,4.9333333333333,5.0,трансфер;ресторан;бар;круглосуточная стойка;сад;Игровая площадка для детей
1307781696740,Отель Арт,https://sutochno.ru/front/searchapp/hotels/130778,https://pumpons.github.io/sutochno-feeds/images/9ad63e7c0fe2eb4d.png,Сочи,4000 RUB,3,4.9333333333333,5.0,ресторан;круглосуточная стойка;лифт;пандус;камера хранения
1307781696726,Отель Арт,https://sutochno.ru/front/searchapp/hotels/130778,https://pumpons.github.io/sutochno-feeds/images/8c57da12e9c8ad9d.png,Сочи,5500 RUB,3,4.9333333333333,5.0,ресторан;круглосуточная стойка;лифт;пандус;камера хранения
1447071856976,Объект Ланселот,https://sutochno.ru/front/searchapp/hotels/144707,https://pumpons.github.io/sutochno-feeds/images/e02ee674e9048703.png,Сочи,4750 RUB,0,4.9333333333333,5.0,трансфер;сад;Бассейн (открытый)
1091871434323,Объект Камбала,https://sutochno.ru/front/searchapp/hotels/109187,https://pumpons.github.io/sutochno-feeds/images/146f9cc41592aa8b.png,Сочи,3700 RUB,0,4.9333333333333,5.0,трансфер;ресторан;бар;круглосуточная стойка;сад;Игровая площадка для детей
33063770079,Отель Маро,https://sutochno.ru/front/searchapp/hotels/33063,https://pumpons.github.io/sutochno-feeds/images/4da528fe2fd18f19.png,Сочи,2290 RUB,2,4.9332935085623,5.0,круглосуточная стойка;Терраса
330631355479,Отель Маро,https://sutochno.ru/front/searchapp/hotels/33063,https://pumpons.github.io/sutochno-feeds/images/76fcd8614fbdc47d.png,Сочи,1600 RUB,2,4.9332935085623,5.0,круглосуточная стойка;Терраса
53705946747,Гостевой дом Жилой дом Марлин,https://sutochno.ru/front/searchapp/hotels/53705,https://pumpons.github.io/sutochno-feeds/images/5e644a6507cf52f1.png,Сочи,2700 RUB,0,4.9325534477567,5.0,
537051417669,Гостевой дом Жилой дом Марлин,https://sutochno.ru/front/searchapp/hotels/53705,https://pumpons.github.io/sutochno-feeds/images/5e644a6507cf52f1.png,Сочи,2700 RUB,0,4.9325534477567,5.0,
1124571468443,Объект На Куйбышева,https://sutochno.ru/front/searchapp/hotels/112457,https://pumpons.github.io/sutochno-feeds/images/141fae80c6c3d6c2.png,Адлер,1300 RUB,0,4.9311904761905,5.0,
1124571468503,Объект На Куйбышева,https://sutochno.ru/front/searchapp/hotels/112457,https://pumpons.github.io/sutochno-feeds/images/141fae80c6c3d6c2.png,Адлер,1300 RUB,0,4.9311904761905,5.0,
1124571468729,Объект На Куйбышева,https://sutochno.ru/front/searchapp/hotels/112457,https://pumpons.github.io/sutochno-feeds/images/141fae80c6c3d6c2.png,Адлер,1300 RUB,0,4.9311904761905,5.0,
1124571472091,Объект На Куйбышева,https://sutochno.ru/front/searchapp/hotels/112457,https://pumpons.github.io/sutochno-feeds/images/6491b8936c26d36a.png,Адлер,2400 RUB,0,4.9311904761905,5.0,
1124571469479,Объект На Куйбышева,https://sutochno.ru/front/searchapp/hotels/112457,https://pumpons.github.io/sutochno-feeds/images/6026f2ab4e9ac87d.png,Адлер,1750 RUB,0,4.9311904761905,5.0,
1124571469237,Объект На Куйбышева,https://sutochno.ru/front/searchapp/hotels/112457,https://pumpons.github.io/sutochno-feeds/images/141fae80c6c3d6c2.png,Адлер,1300 RUB,0,4.9311904761905,5.0,
1124571467579,Объект На Куйбышева,https://sutochno.ru/front/searchapp/hotels/112457,https://pumpons.github.io/sutochno-feeds/images/141fae80c6c3d6c2.png,Адлер,1300 RUB,0,4.9311904761905,5.0,
1124571469993,Объект На Куйбышева,https://sutochno.ru/front/searchapp/hotels/112457,https://pumpons.github.io/sutochno-feeds/images/9ffa0b665b14087b.png,Адлер,1800 RUB,0,4.9311904761905,5.0,
1124571469439,Объект На Куйбышева,https://sutochno.ru/front/searchapp/hotels/112457,https://pumpons.github.io/sutochno-feeds/images/9ffa0b665b14087b.png,Адлер,1800 RUB,0,4.9311904761905,5.0,
656991039705,Мини-гостиница Дельфин,https://sutochno.ru/front/searchapp/hotels/65699,https://pumpons.github.io/sutochno-feeds/images/5f8995ff2e2fb8fc.png,Адлер,7250 RUB,0,4.9308641975309,5.0,круглосуточная стойка
656991039703,Мини-гостиница Дельфин,https://sutochno.ru/front/searchapp/hotels/65699,https://pumpons.github.io/sutochno-feeds/images/b2cbd6e6b6077dc5.png,Адлер,6670 RUB,0,4.9308641975309,5.0,круглосуточная стойка
656991037829,Мини-гостиница Дельфин,https://sutochno.ru/front/searchapp/hotels/65699,https://pumpons.github.io/sutochno-feeds/images/70379d8619c2ff4a.png,Адлер,3340 RUB,0,4.9308641975309,5.0,круглосуточная стойка
656991037835,Мини-гостиница Дельфин,https://sutochno.ru/front/searchapp/hotels/65699,https://pumpons.github.io/sutochno-feeds/images/e785116f3f92205c.png,Адлер,5000 RUB,0,4.9308641975309,5.0,круглосуточная стойка
656991037817,Мини-гостиница Дельфин,https://sutochno.ru/front/searchapp/hotels/65699,https://pumpons.github.io/sutochno-feeds/images/2576612aae761f07.png,Адлер,3970 RUB,0,4.9308641975309,5.0,круглосуточная стойка
656991037729,Мини-гостиница Дельфин,https://sutochno.ru/front/searchapp/hotels/65699,https://pumpons.github.io/sutochno-feeds/images/7476fb33c88f85e5.png,Адлер,3570 RUB,0,4.9308641975309,5.0,круглосуточная стойка
1244031601528,Объект На Крупской первая береговая линия,https://sutochno.ru/front/searchapp/hotels/124403,https://pumpons.github.io/sutochno-feeds/images/7f9a01dcca2457c1.png,Адлер,2999 RUB,0,4.9305555555556,5.0,
1483041913667,Отель Лаванда,https://sutochno.ru/front/searchapp/hotels/148304,https://pumpons.github.io/sutochno-feeds/images/4191aba9946a630f.png,Адлер,1874 RUB,0,4.9305555555556,5.0,трансфер;круглосуточная стойка;Терраса;Бассейн (открытый);прачечная
1244031797103,Объект На Крупской первая береговая линия,https://sutochno.ru/front/searchapp/hotels/124403,https://pumpons.github.io/sutochno-feeds/images/7f9a01dcca2457c1.png,Адлер,2999 RUB,0,4.9305555555556,5.0,
1483041913615,Отель Лаванда,https://sutochno.ru/front/searchapp/hotels/148304,https://pumpons.github.io/sutochno-feeds/images/9774ba9987f2a459.png,Адлер,1500 RUB,0,4.9305555555556,5.0,трансфер;круглосуточная стойка;Терраса;Бассейн (открытый);прачечная
1483041913680,Отель Лаванда,https://sutochno.ru/front/searchapp/hotels/148304,https://pumpons.github.io/sutochno-feeds/images/c61ef1f0440ff66e.png,Адлер,2250 RUB,0,4.9305555555556,5.0,трансфер;круглосуточная стойка;Терраса;Бассейн (открытый);прачечная
855951188899,Объект Fidan SPA,https://sutochno.ru/front/searchapp/hotels/85595,https://pumpons.github.io/sutochno-feeds/images/d123b72b02378c6e.png,Сочи,3300 RUB,0,4.9287037037037,5.0,трансфер;доставка в номер;бар;круглосуточная стойка;Спа
855951188873,Объект Fidan SPA,https://sutochno.ru/front/searchapp/hotels/85595,https://pumpons.github.io/sutochno-feeds/images/fbe4a37922a8a440.png,Сочи,3600 RUB,0,4.9287037037037,5.0,трансфер;доставка в номер;бар;круглосуточная стойка;Спа
53115950071,Объект Любимый дворик,https://sutochno.ru/front/searchapp/hotels/53115,https://pumpons.github.io/sutochno-feeds/images/cd92d9b3a775293e.png,Сочи,2250 RUB,0,4.9283457613815,5.0,сад
531151609850,Объект Любимый дворик,https://sutochno.ru/front/searchapp/hotels/53115,https://pumpons.github.io/sutochno-feeds/images/1e000ee5a4c5dab4.png,Сочи,3125 RUB,0,4.9283457613815,5.0,сад
531151562436,Объект Любимый дворик,https://sutochno.ru/front/searchapp/hotels/53115,https://pumpons.github.io/sutochno-feeds/images/be9654b2e995a69b.png,Сочи,4000 RUB,0,4.9283457613815,5.0,сад
1481851911454,Гостевой дом Red,https://sutochno.ru/front/searchapp/hotels/148185,https://pumpons.github.io/sutochno-feeds/images/6b8e505d9a45e702.png,Сочи,3000 RUB,0,4.9279388083736,5.0,круглосуточная стойка;камера хранения
1481851915931,Гостевой дом Red,https://sutochno.ru/front/searchapp/hotels/148185,https://pumpons.github.io/sutochno-feeds/images/ea37aa9d031e8206.png,Сочи,3960 RUB,0,4.9279388083736,5.0,круглосуточная стойка;камера хранения
1733292257760,Отель Манхэттен,https://sutochno.ru/front/searchapp/hotels/173329,https://pumpons.github.io/sutochno-feeds/images/63f42a2c09f328ce.png,Сочи,5520 RUB,3,4.9266666666667,5.0,лифт
1733292257703,Отель Манхэттен,https://sutochno.ru/front/searchapp/hotels/173329,https://pumpons.github.io/sutochno-feeds/images/21a8637155942a59.png,Сочи,3410 RUB,3,4.9266666666667,5.0,лифт
1733292257667,Отель Манхэттен,https://sutochno.ru/front/searchapp/hotels/173329,https://pumpons.github.io/sutochno-feeds/images/36fbb7cf45b87bb3.png,Сочи,3130 RUB,3,4.9266666666667,5.0,лифт
1733292257560,Отель Манхэттен,https://sutochno.ru/front/searchapp/hotels/173329,https://pumpons.github.io/sutochno-feeds/images/5ea9587bfc083239.png,Сочи,2580 RUB,3,4.9266666666667,5.0,лифт
1733292257691,Отель Манхэттен,https://sutochno.ru/front/searchapp/hotels/173329,https://pumpons.github.io/sutochno-feeds/images/53e76971a217575a.png,Сочи,3320 RUB,3,4.9266666666667,5.0,лифт
1733292257708,Отель Манхэттен,https://sutochno.ru/front/searchapp/hotels/173329,https://pumpons.github.io/sutochno-feeds/images/155ab8dc0257de47.png,Сочи,3590 RUB,3,4.9266666666667,5.0,лифт
622431037117,Объект Семья,https://sutochno.ru/front/searchapp/hotels/62243,https://pumpons.github.io/sutochno-feeds/images/3743a82ad1c5f711.png,Сочи,2800 RUB,0,4.9250721500721,5.0,
622431034553,Объект Семья,https://sutochno.ru/front/searchapp/hotels/62243,https://pumpons.github.io/sutochno-feeds/images/3743a82ad1c5f711.png,Сочи,2800 RUB,0,4.9250721500721,5.0,
622431012471,Объект Семья,https://sutochno.ru/front/searchapp/hotels/62243,https://pumpons.github.io/sutochno-feeds/images/c4b5960871213c2a.png,Сочи,3000 RUB,0,4.9250721500721,5.0,
622431037115,Объект Семья,https://sutochno.ru/front/searchapp/hotels/62243,https://pumpons.github.io/sutochno-feeds/images/3743a82ad1c5f711.png,Сочи,2800 RUB,0,4.9250721500721,5.0,
622431165153,Объект Семья,https://sutochno.ru/front/searchapp/hotels/62243,https://pumpons.github.io/sutochno-feeds/images/c4b5960871213c2a.png,Сочи,3000 RUB,0,4.9250721500721,5.0,
622431012533,Объект Семья,https://sutochno.ru/front/searchapp/hotels/62243,https://pumpons.github.io/sutochno-feeds/images/c4b5960871213c2a.png,Сочи,3000 RUB,0,4.9250721500721,5.0,
581471337413,Объект ASport,https://sutochno.ru/front/searchapp/hotels/58147,https://pumpons.github.io/sutochno-feeds/images/d7f1988023dd91ae.png,Сочи,5000 RUB,0,4.9247967144209,5.0,
58147981183,Объект ASport,https://sutochno.ru/front/searchapp/hotels/58147,https://pumpons.github.io/sutochno-feeds/images/069be1041c0e8c82.png,Сочи,3000 RUB,0,4.9247967144209,5.0,
58147981363,Объект ASport,https://sutochno.ru/front/searchapp/hotels/58147,https://pumpons.github.io/sutochno-feeds/images/069be1041c0e8c82.png,Сочи,3000 RUB,0,4.9247967144209,5.0,
58147981403,Объект ASport,https://sutochno.ru/front/searchapp/hotels/58147,https://pumpons.github.io/sutochno-feeds/images/069be1041c0e8c82.png,Сочи,3000 RUB,0,4.9247967144209,5.0,
58147981169,Объект ASport,https://sutochno.ru/front/searchapp/hotels/58147,https://pumpons.github.io/sutochno-feeds/images/069be1041c0e8c82.png,Сочи,3000 RUB,0,4.9247967144209,5.0,
58147981217,Объект ASport,https://sutochno.ru/front/searchapp/hotels/58147,https://pumpons.github.io/sutochno-feeds/images/069be1041c0e8c82.png,Сочи,3000 RUB,0,4.9247967144209,5.0,
58147981421,Объект ASport,https://sutochno.ru/front/searchapp/hotels/58147,https://pumpons.github.io/sutochno-feeds/images/20905324662717d6.png,Сочи,4000 RUB,0,4.9247967144209,5.0,
1163691551939,Объект На Чайковского,https://sutochno.ru/front/searchapp/hotels/116369,https://pumpons.github.io/sutochno-feeds/images/8118c3a0569afec0.png,Сочи,5300 RUB,0,4.9241338027052,5.0,
1163691831440,Объект На Чайковского,https://sutochno.ru/front/searchapp/hotels/116369,https://pumpons.github.io/sutochno-feeds/images/b5afcc1ed6121b25.png,Сочи,1599 RUB,0,4.9241338027052,5.0,
33579774983,Гостевой дом Willa de Sofia,https://sutochno.ru/front/searchapp/hotels/33579,https://pumpons.github.io/sutochno-feeds/images/eadc22ec67801a3d.png,Адлер,1900 RUB,0,4.9238746202706,5.0,
655871036787,Апартаменты Апартаменты на Навагинской 3,https://sutochno.ru/front/searchapp/hotels/65587,https://pumpons.github.io/sutochno-feeds/images/850316590660a357.png,Сочи,2500 RUB,0,4.9232456140351,5.0,круглосуточная стойка;лифт
1309381698616,Объект На Светлане,https://sutochno.ru/front/searchapp/hotels/130938,https://pumpons.github.io/sutochno-feeds/images/e2bab1c673107808.png,Сочи,2300 RUB,0,4.9232026143791,5.0,сад
563051569931,Объект Ника на Ленина,https://sutochno.ru/front/searchapp/hotels/56305,https://pumpons.github.io/sutochno-feeds/images/d3a6ec604f776f24.png,Адлер,3000 RUB,0,4.9231227106227,5.0,
56305729375,Объект Ника на Ленина,https://sutochno.ru/front/searchapp/hotels/56305,https://pumpons.github.io/sutochno-feeds/images/d3a6ec604f776f24.png,Адлер,3000 RUB,0,4.9231227106227,5.0,
563051773943,Объект Ника на Ленина,https://sutochno.ru/front/searchapp/hotels/56305,https://pumpons.github.io/sutochno-feeds/images/8cfe70161978e0ba.png,Адлер,3600 RUB,0,4.9231227106227,5.0,
795911144103,Объект Лавр,https://sutochno.ru/front/searchapp/hotels/79591,https://pumpons.github.io/sutochno-feeds/images/cb413ca45b4c6429.png,Сочи,1900 RUB,0,4.9231150793651,5.0,Терраса
795911143853,Объект Лавр,https://sutochno.ru/front/searchapp/hotels/79591,https://pumpons.github.io/sutochno-feeds/images/36f9bf2f659aa3dc.png,Сочи,1100 RUB,0,4.9231150793651,5.0,Терраса
795911144145,Объект Лавр,https://sutochno.ru/front/searchapp/hotels/79591,https://pumpons.github.io/sutochno-feeds/images/64ec943a43dc342d.png,Сочи,2700 RUB,0,4.9231150793651,5.0,Терраса
1502022205081,Отель Villa Dalila,https://sutochno.ru/front/searchapp/hotels/150202,https://pumpons.github.io/sutochno-feeds/images/206a8099168c9f66.png,Адлер,3503 RUB,3,4.9229582146249,5.0,круглосуточная стойка;Терраса;Бассейн (открытый);Игровая площадка для детей;бассейн с подогревом;камера хранения
1502021946169,Отель Villa Dalila,https://sutochno.ru/front/searchapp/hotels/150202,https://pumpons.github.io/sutochno-feeds/images/526e66117cdafd06.png,Адлер,3164 RUB,3,4.9229582146249,5.0,круглосуточная стойка;Терраса;Бассейн (открытый);Игровая площадка для детей;бассейн с подогревом;камера хранения
1502021946153,Отель Villa Dalila,https://sutochno.ru/front/searchapp/hotels/150202,https://pumpons.github.io/sutochno-feeds/images/fdeb36bec26c5a83.png,Адлер,2599 RUB,3,4.9229582146249,5.0,круглосуточная стойка;Терраса;Бассейн (открытый);Игровая площадка для детей;бассейн с подогревом;камера хранения
1502022205054,Отель Villa Dalila,https://sutochno.ru/front/searchapp/hotels/150202,https://pumpons.github.io/sutochno-feeds/images/cf3edc059ac61be3.png,Адлер,2938 RUB,3,4.9229582146249,5.0,круглосуточная стойка;Терраса;Бассейн (открытый);Игровая площадка для детей;бассейн с подогревом;камера хранения
1502021946059,Отель Villa Dalila,https://sutochno.ru/front/searchapp/hotels/150202,https://pumpons.github.io/sutochno-feeds/images/9ae3246897b04b10.png,Адлер,2486 RUB,3,4.9229582146249,5.0,круглосуточная стойка;Терраса;Бассейн (открытый);Игровая площадка для детей;бассейн с подогревом;камера хранения
1287431666834,Апартаменты Край моря,https://sutochno.ru/front/searchapp/hotels/128743,https://pumpons.github.io/sutochno-feeds/images/e6147ef28f558873.png,Адлер,4800 RUB,0,4.922619047619,5.0,трансфер
147804680709,Апартаменты Анита,https://sutochno.ru/front/searchapp/hotels/147804,https://pumpons.github.io/sutochno-feeds/images/7a2dfab0056960c8.png,Сочи,2030 RUB,0,4.9215094078035,5.0,трансфер
147804684257,Апартаменты Анита,https://sutochno.ru/front/searchapp/hotels/147804,https://pumpons.github.io/sutochno-feeds/images/7a2dfab0056960c8.png,Сочи,2030 RUB,0,4.9215094078035,5.0,трансфер
147804684247,Апартаменты Анита,https://sutochno.ru/front/searchapp/hotels/147804,https://pumpons.github.io/sutochno-feeds/images/7a2dfab0056960c8.png,Сочи,2030 RUB,0,4.9215094078035,5.0,трансфер
147804680711,Апартаменты Анита,https://sutochno.ru/front/searchapp/hotels/147804,https://pumpons.github.io/sutochno-feeds/images/7a2dfab0056960c8.png,Сочи,2030 RUB,0,4.9215094078035,5.0,трансфер
147804835765,Апартаменты Анита,https://sutochno.ru/front/searchapp/hotels/147804,https://pumpons.github.io/sutochno-feeds/images/7237cee42ef5d4c8.png,Сочи,1620 RUB,0,4.9215094078035,5.0,трансфер
51707931341,Отель МIO,https://sutochno.ru/front/searchapp/hotels/51707,https://pumpons.github.io/sutochno-feeds/images/ca41fe0511ba09c4.png,Адлер,3591 RUB,3,4.9212522045855,5.0,бар;круглосуточная стойка;сауна;Терраса;Бассейн (открытый);лифт
51707944883,Отель МIO,https://sutochno.ru/front/searchapp/hotels/51707,https://pumpons.github.io/sutochno-feeds/images/705683043a049e20.png,Адлер,3847 RUB,3,4.9212522045855,5.0,бар;круглосуточная стойка;сауна;Терраса;Бассейн (открытый);лифт
51707957117,Отель МIO,https://sutochno.ru/front/searchapp/hotels/51707,https://pumpons.github.io/sutochno-feeds/images/1c072d0a2c7b1bf1.png,Адлер,4423 RUB,3,4.9212522045855,5.0,бар;круглосуточная стойка;сауна;Терраса;Бассейн (открытый);лифт
51707944671,Отель МIO,https://sutochno.ru/front/searchapp/hotels/51707,https://pumpons.github.io/sutochno-feeds/images/b16844e3339d5863.png,Адлер,3335 RUB,3,4.9212522045855,5.0,бар;круглосуточная стойка;сауна;Терраса;Бассейн (открытый);лифт
51707944857,Отель МIO,https://sutochno.ru/front/searchapp/hotels/51707,https://pumpons.github.io/sutochno-feeds/images/66e16bf8f45d717c.png,Адлер,4891 RUB,3,4.9212522045855,5.0,бар;круглосуточная стойка;сауна;Терраса;Бассейн (открытый);лифт
51707944907,Отель МIO,https://sutochno.ru/front/searchapp/hotels/51707,https://pumpons.github.io/sutochno-feeds/images/09233484130d89e8.png,Адлер,4535 RUB,3,4.9212522045855,5.0,бар;круглосуточная стойка;сауна;Терраса;Бассейн (открытый);лифт
51707944981,Отель МIO,https://sutochno.ru/front/searchapp/hotels/51707,https://pumpons.github.io/sutochno-feeds/images/c90968051ba78947.png,Адлер,5244 RUB,3,4.9212522045855,5.0,бар;круглосуточная стойка;сауна;Терраса;Бассейн (открытый);лифт
51707933849,Отель МIO,https://sutochno.ru/front/searchapp/hotels/51707,https://pumpons.github.io/sutochno-feeds/images/c60b2abafb319224.png,Адлер,3477 RUB,3,4.9212522045855,5.0,бар;круглосуточная стойка;сауна;Терраса;Бассейн (открытый);лифт
688951148631,Объект Bamboo Garden,https://sutochno.ru/front/searchapp/hotels/68895,https://pumpons.github.io/sutochno-feeds/images/5dc0b21805c97217.png,Адлер,3540 RUB,0,4.9210600907029,5.0,
688951054119,Объект Bamboo Garden,https://sutochno.ru/front/searchapp/hotels/68895,https://pumpons.github.io/sutochno-feeds/images/5dc0b21805c97217.png,Адлер,3540 RUB,0,4.9210600907029,5.0,
688951073985,Объект Bamboo Garden,https://sutochno.ru/front/searchapp/hotels/68895,https://pumpons.github.io/sutochno-feeds/images/69b6e6a46d3d1c81.png,Адлер,4130 RUB,0,4.9210600907029,5.0,
688951216915,Объект Bamboo Garden,https://sutochno.ru/front/searchapp/hotels/68895,https://pumpons.github.io/sutochno-feeds/images/9c456aeac8456434.png,Адлер,2360 RUB,0,4.9210600907029,5.0,
688951111593,Объект Bamboo Garden,https://sutochno.ru/front/searchapp/hotels/68895,https://pumpons.github.io/sutochno-feeds/images/5dc0b21805c97217.png,Адлер,3540 RUB,0,4.9210600907029,5.0,
688951472313,Объект Bamboo Garden,https://sutochno.ru/front/searchapp/hotels/68895,https://pumpons.github.io/sutochno-feeds/images/a752acef5d3afa4b.png,Адлер,1416 RUB,0,4.9210600907029,5.0,
11301612907,Гостевой дом Сан Лайф,https://sutochno.ru/front/searchapp/hotels/11301,https://pumpons.github.io/sutochno-feeds/images/d4f4c548bb97cf7e.png,Адлер,1550 RUB,0,4.9205555555556,5.0,трансфер;круглосуточная стойка
11301615557,Гостевой дом Сан Лайф,https://sutochno.ru/front/searchapp/hotels/11301,https://pumpons.github.io/sutochno-feeds/images/5d8606b8c5c9f4bd.png,Адлер,2500 RUB,0,4.9205555555556,5.0,трансфер;круглосуточная стойка
11301612887,Гостевой дом Сан Лайф,https://sutochno.ru/front/searchapp/hotels/11301,https://pumpons.github.io/sutochno-feeds/images/80411646dc12917b.png,Адлер,1250 RUB,0,4.9205555555556,5.0,трансфер;круглосуточная стойка
1535351991622,Гостевой дом Эдельвейс,https://sutochno.ru/front/searchapp/hotels/153535,https://pumpons.github.io/sutochno-feeds/images/f75eba54e8992e23.png,Адлер,1300 RUB,0,4.9202279202279,5.0,круглосуточная стойка;Бассейн (открытый);бассейн с подогревом;камера хранения
1535351991600,Гостевой дом Эдельвейс,https://sutochno.ru/front/searchapp/hotels/153535,https://pumpons.github.io/sutochno-feeds/images/6d830d57a7e60327.png,Адлер,1100 RUB,0,4.9202279202279,5.0,круглосуточная стойка;Бассейн (открытый);бассейн с подогревом;камера хранения
56571972711,Объект Однокомнатная квартира в доме у моря,https://sutochno.ru/front/searchapp/hotels/56571,https://pumpons.github.io/sutochno-feeds/images/7aa508e4becaa338.png,Сочи,2000 RUB,0,4.9194444444444,5.0,сад;Терраса
994291320889,Гостиница Горизонт,https://sutochno.ru/front/searchapp/hotels/99429,https://pumpons.github.io/sutochno-feeds/images/2a8806c5be3d273e.png,Красная Поляна,2950 RUB,0,4.9188777268483,5.0,круглосуточная стойка;сад;Терраса;Игровая площадка для детей;прачечная
994291320667,Гостиница Горизонт,https://sutochno.ru/front/searchapp/hotels/99429,https://pumpons.github.io/sutochno-feeds/images/74d107629eb4252f.png,Красная Поляна,2800 RUB,0,4.9188777268483,5.0,круглосуточная стойка;сад;Терраса;Игровая площадка для детей;прачечная
994291320977,Гостиница Горизонт,https://sutochno.ru/front/searchapp/hotels/99429,https://pumpons.github.io/sutochno-feeds/images/8f9e51be8657b1d0.png,Красная Поляна,3800 RUB,0,4.9188777268483,5.0,круглосуточная стойка;сад;Терраса;Игровая площадка для детей;прачечная
1680181110151,Гостевой дом Олимпия,https://sutochno.ru/front/searchapp/hotels/168018,https://pumpons.github.io/sutochno-feeds/images/aa5fa2e5aad1a755.png,Адлер,5000 RUB,0,4.9188034188034,5.0,ресторан;доставка в номер;круглосуточная стойка;Игровая площадка для детей;лифт;пандус;камера хранения;детское меню
168018519225,Гостевой дом Олимпия,https://sutochno.ru/front/searchapp/hotels/168018,https://pumpons.github.io/sutochno-feeds/images/5e6735c7aaf6dcc6.png,Адлер,3400 RUB,0,4.9188034188034,5.0,ресторан;доставка в номер;круглосуточная стойка;Игровая площадка для детей;лифт;пандус;камера хранения;детское меню
168018688725,Гостевой дом Олимпия,https://sutochno.ru/front/searchapp/hotels/168018,https://pumpons.github.io/sutochno-feeds/images/50e0b3175657472e.png,Адлер,4200 RUB,0,4.9188034188034,5.0,ресторан;доставка в номер;круглосуточная стойка;Игровая площадка для детей;лифт;пандус;камера хранения;детское меню
999091326067,Апарт-отель Ривьера Арт,https://sutochno.ru/front/searchapp/hotels/99909,https://pumpons.github.io/sutochno-feeds/images/77a291d642135bbf.png,Сочи,4000 RUB,3,4.9182084799732,5.0,
999091326079,Апарт-отель Ривьера Арт,https://sutochno.ru/front/searchapp/hotels/99909,https://pumpons.github.io/sutochno-feeds/images/840aa0e5c0996242.png,Сочи,4500 RUB,3,4.9182084799732,5.0,
8479565847,Объект Марина,https://sutochno.ru/front/searchapp/hotels/8479,https://pumpons.github.io/sutochno-feeds/images/b6ba076d9e49025f.png,Сочи,2700 RUB,0,4.9176366843033,5.0,сад;Терраса;Игровая площадка для детей
8479562513,Объект Марина,https://sutochno.ru/front/searchapp/hotels/8479,https://pumpons.github.io/sutochno-feeds/images/b6ba076d9e49025f.png,Сочи,2700 RUB,0,4.9176366843033,5.0,сад;Терраса;Игровая площадка для детей
84791595007,Объект Марина,https://sutochno.ru/front/searchapp/hotels/8479,https://pumpons.github.io/sutochno-feeds/images/b6ba076d9e49025f.png,Сочи,2700 RUB,0,4.9176366843033,5.0,сад;Терраса;Игровая площадка для детей
1322531715860,Гостевой дом На Заповедной,https://sutochno.ru/front/searchapp/hotels/132253,https://pumpons.github.io/sutochno-feeds/images/f365425f8ed10864.png,Красная Поляна,1800 RUB,0,4.9170961142378,5.0,круглосуточная стойка
56463968903,Объект Светлана,https://sutochno.ru/front/searchapp/hotels/56463,https://pumpons.github.io/sutochno-feeds/images/3f257180baafbc23.png,Сочи,4000 RUB,0,4.9167330888995,5.0,сад;Терраса;Игровая площадка для детей
56463971403,Объект Светлана,https://sutochno.ru/front/searchapp/hotels/56463,https://pumpons.github.io/sutochno-feeds/images/6c6ec388e1d4bb2b.png,Сочи,3000 RUB,0,4.9167330888995,5.0,сад;Терраса;Игровая площадка для детей
56463968835,Объект Светлана,https://sutochno.ru/front/searchapp/hotels/56463,https://pumpons.github.io/sutochno-feeds/images/6c6ec388e1d4bb2b.png,Сочи,3000 RUB,0,4.9167330888995,5.0,сад;Терраса;Игровая площадка для детей
901471230463,Объект Шафран,https://sutochno.ru/front/searchapp/hotels/90147,https://pumpons.github.io/sutochno-feeds/images/20eb3f8c15dc3e1c.png,Адлер,5000 RUB,0,4.9166666666667,5.0,круглосуточная стойка;Фитнес/спортзал;Терраса;Игровая площадка для детей
1709742310121,Гостевой дом Джанго,https://sutochno.ru/front/searchapp/hotels/170974,https://pumpons.github.io/sutochno-feeds/images/f1a6cfb6e620a2be.png,Адлер,15000 RUB,0,4.9166666666667,5.0,круглосуточная стойка;сад;Терраса;Бассейн (открытый);пандус;камера хранения
1709742223033,Гостевой дом Джанго,https://sutochno.ru/front/searchapp/hotels/170974,https://pumpons.github.io/sutochno-feeds/images/16bb46aa253a7b75.png,Адлер,2100 RUB,0,4.9166666666667,5.0,круглосуточная стойка;сад;Терраса;Бассейн (открытый);пандус;камера хранения
1578972057893,Апартаменты Лазурный Берег,https://sutochno.ru/front/searchapp/hotels/157897,https://pumpons.github.io/sutochno-feeds/images/b997b66469ee98c4.png,Адлер,2988 RUB,0,4.9166666666667,5.0,
1709742223746,Гостевой дом Джанго,https://sutochno.ru/front/searchapp/hotels/170974,https://pumpons.github.io/sutochno-feeds/images/b9c17f2cef19b856.png,Адлер,1365 RUB,0,4.9166666666667,5.0,круглосуточная стойка;сад;Терраса;Бассейн (открытый);пандус;камера хранения
1730832254711,Гостевой дом Лючия,https://sutochno.ru/front/searchapp/hotels/173083,https://pumpons.github.io/sutochno-feeds/images/af77c7b6f1f40621.png,Адлер,2695 RUB,0,4.9166666666667,5.0,
901471230437,Объект Шафран,https://sutochno.ru/front/searchapp/hotels/90147,https://pumpons.github.io/sutochno-feeds/images/3184e7974f536115.png,Адлер,3800 RUB,0,4.9166666666667,5.0,круглосуточная стойка;Фитнес/спортзал;Терраса;Игровая площадка для детей
901471230405,Объект Шафран,https://sutochno.ru/front/searchapp/hotels/90147,https://pumpons.github.io/sutochno-feeds/images/73f3900cc3a5f4b8.png,Адлер,4000 RUB,0,4.9166666666667,5.0,круглосуточная стойка;Фитнес/спортзал;Терраса;Игровая площадка для детей
901471230387,Объект Шафран,https://sutochno.ru/front/searchapp/hotels/90147,https://pumpons.github.io/sutochno-feeds/images/f0a351e3210f711a.png,Адлер,3200 RUB,0,4.9166666666667,5.0,круглосуточная стойка;Фитнес/спортзал;Терраса;Игровая площадка для детей
1730832254744,Гостевой дом Лючия,https://sutochno.ru/front/searchapp/hotels/173083,https://pumpons.github.io/sutochno-feeds/images/98c187e0a50ed45d.png,Адлер,3795 RUB,0,4.9166666666667,5.0,
1709742223743,Гостевой дом Джанго,https://sutochno.ru/front/searchapp/hotels/170974,https://pumpons.github.io/sutochno-feeds/images/b9c17f2cef19b856.png,Адлер,1365 RUB,0,4.9166666666667,5.0,круглосуточная стойка;сад;Терраса;Бассейн (открытый);пандус;камера хранения
1709742223052,Гостевой дом Джанго,https://sutochno.ru/front/searchapp/hotels/170974,https://pumpons.github.io/sutochno-feeds/images/878ed12d4d64ed43.png,Адлер,1890 RUB,0,4.9166666666667,5.0,круглосуточная стойка;сад;Терраса;Бассейн (открытый);пандус;камера хранения
1730832254623,Гостевой дом Лючия,https://sutochno.ru/front/searchapp/hotels/173083,https://pumpons.github.io/sutochno-feeds/images/b220bdd584c037b2.png,Адлер,3135 RUB,0,4.9166666666667,5.0,
1578972057865,Апартаменты Лазурный Берег,https://sutochno.ru/front/searchapp/hotels/157897,https://pumpons.github.io/sutochno-feeds/images/40bdec1b40a151b9.png,Адлер,3468 RUB,0,4.9166666666667,5.0,
1578972057824,Апартаменты Лазурный Берег,https://sutochno.ru/front/searchapp/hotels/157897,https://pumpons.github.io/sutochno-feeds/images/2df9dfc5b5f838f9.png,Адлер,4428 RUB,0,4.9166666666667,5.0,
1730832254587,Гостевой дом Лючия,https://sutochno.ru/front/searchapp/hotels/173083,https://pumpons.github.io/sutochno-feeds/images/5b7d0dcd03fb02a5.png,Адлер,2035 RUB,0,4.9166666666667,5.0,
1030391363481,Гостевой дом Велья,https://sutochno.ru/front/searchapp/hotels/103039,https://pumpons.github.io/sutochno-feeds/images/6586946a954a2945.png,Красная Поляна,5500 RUB,0,4.9166666666667,5.0,ресторан;доставка в номер;бар;круглосуточная стойка;сауна;сад;Терраса;Спа;Бассейн (открытый);Бассейн (крытый);Игровая площадка для детей;пандус
1030391363475,Гостевой дом Велья,https://sutochno.ru/front/searchapp/hotels/103039,https://pumpons.github.io/sutochno-feeds/images/ce997da74dcab7bb.png,Красная Поляна,5200 RUB,0,4.9166666666667,5.0,ресторан;доставка в номер;бар;круглосуточная стойка;сауна;сад;Терраса;Спа;Бассейн (открытый);Бассейн (крытый);Игровая площадка для детей;пандус
1030391363497,Гостевой дом Велья,https://sutochno.ru/front/searchapp/hotels/103039,https://pumpons.github.io/sutochno-feeds/images/47f81249274fd21c.png,Красная Поляна,6400 RUB,0,4.9166666666667,5.0,ресторан;доставка в номер;бар;круглосуточная стойка;сауна;сад;Терраса;Спа;Бассейн (открытый);Бассейн (крытый);Игровая площадка для детей;пандус
1030391363501,Гостевой дом Велья,https://sutochno.ru/front/searchapp/hotels/103039,https://pumpons.github.io/sutochno-feeds/images/19213465778592ce.png,Красная Поляна,11000 RUB,0,4.9166666666667,5.0,ресторан;доставка в номер;бар;круглосуточная стойка;сауна;сад;Терраса;Спа;Бассейн (открытый);Бассейн (крытый);Игровая площадка для детей;пандус
1030391363485,Гостевой дом Велья,https://sutochno.ru/front/searchapp/hotels/103039,https://pumpons.github.io/sutochno-feeds/images/47f81249274fd21c.png,Красная Поляна,6400 RUB,0,4.9166666666667,5.0,ресторан;доставка в номер;бар;круглосуточная стойка;сауна;сад;Терраса;Спа;Бассейн (открытый);Бассейн (крытый);Игровая площадка для детей;пандус
1171421523127,Объект На Ленина,https://sutochno.ru/front/searchapp/hotels/117142,https://pumpons.github.io/sutochno-feeds/images/02cb50ddf887afba.png,Сочи,5500 RUB,0,4.9166666666667,5.0,трансфер
1171421523014,Объект На Ленина,https://sutochno.ru/front/searchapp/hotels/117142,https://pumpons.github.io/sutochno-feeds/images/5b41d1fb8812ea38.png,Сочи,3200 RUB,0,4.9166666666667,5.0,трансфер
1628212104741,Гостевой дом Любовь и голуби,https://sutochno.ru/front/searchapp/hotels/162821,https://pumpons.github.io/sutochno-feeds/images/8f384161b2700b7e.png,Сочи,2000 RUB,0,4.9166666666667,5.0,
225571771215,Отель Чеботаревъ,https://sutochno.ru/front/searchapp/hotels/22557,https://pumpons.github.io/sutochno-feeds/images/7dfd973c4fab2e22.png,Сочи,10000 RUB,4,4.9166666666667,5.0,ресторан;доставка в номер;круглосуточная стойка;сауна;Терраса;Спа;Бассейн (открытый);Бассейн (крытый);джакузи общего пользования;лифт;пандус;бассейн с подогревом;прачечная
1261031626980,Апарт-отель Cuba,https://sutochno.ru/front/searchapp/hotels/126103,https://pumpons.github.io/sutochno-feeds/images/1cb5f8ca88817b0b.png,Сочи,4797 RUB,0,4.9166666666667,5.0,круглосуточная стойка;Собственный пляж
1679232164802,Гостиница Элион,https://sutochno.ru/front/searchapp/hotels/167923,https://pumpons.github.io/sutochno-feeds/images/bb9c0e59671fcf4a.png,Сочи,2800 RUB,0,4.9166666666667,5.0,трансфер;сад;Терраса;Игровая площадка для детей
1679232164789,Гостиница Элион,https://sutochno.ru/front/searchapp/hotels/167923,https://pumpons.github.io/sutochno-feeds/images/ec858921ec85d7a8.png,Сочи,2300 RUB,0,4.9166666666667,5.0,трансфер;сад;Терраса;Игровая площадка для детей
225571771185,Отель Чеботаревъ,https://sutochno.ru/front/searchapp/hotels/22557,https://pumpons.github.io/sutochno-feeds/images/59d70de843d760d6.png,Сочи,6000 RUB,4,4.9166666666667,5.0,ресторан;доставка в номер;круглосуточная стойка;сауна;Терраса;Спа;Бассейн (открытый);Бассейн (крытый);джакузи общего пользования;лифт;пандус;бассейн с подогревом;прачечная
225571771204,Отель Чеботаревъ,https://sutochno.ru/front/searchapp/hotels/22557,https://pumpons.github.io/sutochno-feeds/images/b7364abbbc9725d2.png,Сочи,7500 RUB,4,4.9166666666667,5.0,ресторан;доставка в номер;круглосуточная стойка;сауна;Терраса;Спа;Бассейн (открытый);Бассейн (крытый);джакузи общего пользования;лифт;пандус;бассейн с подогревом;прачечная
225571771184,Отель Чеботаревъ,https://sutochno.ru/front/searchapp/hotels/22557,https://pumpons.github.io/sutochno-feeds/images/28a222024bcf55a4.png,Сочи,3300 RUB,4,4.9166666666667,5.0,ресторан;доставка в номер;круглосуточная стойка;сауна;Терраса;Спа;Бассейн (открытый);Бассейн (крытый);джакузи общего пользования;лифт;пандус;бассейн с подогревом;прачечная
1325621719699,Отель Экодом Сочи,https://sutochno.ru/front/searchapp/hotels/132562,https://pumpons.github.io/sutochno-feeds/images/990e13671338e340.png,Сочи,4029 RUB,4,4.9166666666667,5.0,трансфер;ресторан;бар;круглосуточная стойка;лифт;прачечная
22557686801,Отель Чеботаревъ,https://sutochno.ru/front/searchapp/hotels/22557,https://pumpons.github.io/sutochno-feeds/images/4be925e8486da3a7.png,Сочи,4000 RUB,4,4.9166666666667,5.0,ресторан;доставка в номер;круглосуточная стойка;сауна;Терраса;Спа;Бассейн (открытый);Бассейн (крытый);джакузи общего пользования;лифт;пандус;бассейн с подогревом;прачечная
225571771189,Отель Чеботаревъ,https://sutochno.ru/front/searchapp/hotels/22557,https://pumpons.github.io/sutochno-feeds/images/2ca26d3f120843c2.png,Сочи,5000 RUB,4,4.9166666666667,5.0,ресторан;доставка в номер;круглосуточная стойка;сауна;Терраса;Спа;Бассейн (открытый);Бассейн (крытый);джакузи общего пользования;лифт;пандус;бассейн с подогревом;прачечная
1432211839559,Объект Светлана,https://sutochno.ru/front/searchapp/hotels/143221,https://pumpons.github.io/sutochno-feeds/images/962923907ece747d.png,Сочи,1500 RUB,0,4.9166666666667,5.0,трансфер;сад;Бассейн (крытый);прачечная
1628212104725,Гостевой дом Любовь и голуби,https://sutochno.ru/front/searchapp/hotels/162821,https://pumpons.github.io/sutochno-feeds/images/8f384161b2700b7e.png,Сочи,2000 RUB,0,4.9166666666667,5.0,
225571772010,Отель Чеботаревъ,https://sutochno.ru/front/searchapp/hotels/22557,https://pumpons.github.io/sutochno-feeds/images/491f0d50ef90e89f.png,Сочи,2800 RUB,4,4.9166666666667,5.0,ресторан;доставка в номер;круглосуточная стойка;сауна;Терраса;Спа;Бассейн (открытый);Бассейн (крытый);джакузи общего пользования;лифт;пандус;бассейн с подогревом;прачечная
1679232164816,Гостиница Элион,https://sutochno.ru/front/searchapp/hotels/167923,https://pumpons.github.io/sutochno-feeds/images/ec858921ec85d7a8.png,Сочи,2300 RUB,0,4.9166666666667,5.0,трансфер;сад;Терраса;Игровая площадка для детей
225571771211,Отель Чеботаревъ,https://sutochno.ru/front/searchapp/hotels/22557,https://pumpons.github.io/sutochno-feeds/images/5f7e7a621539b779.png,Сочи,8000 RUB,4,4.9166666666667,5.0,ресторан;доставка в номер;круглосуточная стойка;сауна;Терраса;Спа;Бассейн (открытый);Бассейн (крытый);джакузи общего пользования;лифт;пандус;бассейн с подогревом;прачечная
1261032106583,Апарт-отель Cuba,https://sutochno.ru/front/searchapp/hotels/126103,https://pumpons.github.io/sutochno-feeds/images/8cb5f5f129023a7b.png,Сочи,3498 RUB,0,4.9166666666667,5.0,круглосуточная стойка;Собственный пляж
225571771997,Отель Чеботаревъ,https://sutochno.ru/front/searchapp/hotels/22557,https://pumpons.github.io/sutochno-feeds/images/6cb856f3ef2b5cd8.png,Сочи,3000 RUB,4,4.9166666666667,5.0,ресторан;доставка в номер;круглосуточная стойка;сауна;Терраса;Спа;Бассейн (открытый);Бассейн (крытый);джакузи общего пользования;лифт;пандус;бассейн с подогревом;прачечная
22557686663,Отель Чеботаревъ,https://sutochno.ru/front/searchapp/hotels/22557,https://pumpons.github.io/sutochno-feeds/images/4be925e8486da3a7.png,Сочи,4000 RUB,4,4.9166666666667,5.0,ресторан;доставка в номер;круглосуточная стойка;сауна;Терраса;Спа;Бассейн (открытый);Бассейн (крытый);джакузи общего пользования;лифт;пандус;бассейн с подогревом;прачечная
1325621719674,Отель Экодом Сочи,https://sutochno.ru/front/searchapp/hotels/132562,https://pumpons.github.io/sutochno-feeds/images/990e13671338e340.png,Сочи,4029 RUB,4,4.9166666666667,5.0,трансфер;ресторан;бар;круглосуточная стойка;лифт;прачечная
1427282124896,Гостевой дом Фруктовый сад,https://sutochno.ru/front/searchapp/hotels/142728,https://pumpons.github.io/sutochno-feeds/images/1119723975962945.png,Сочи,10000 RUB,0,4.9166666666667,5.0,круглосуточная стойка;сад;Терраса;Бассейн (открытый)
1577982050442,Объект Поляна 315,https://sutochno.ru/front/searchapp/hotels/157798,https://pumpons.github.io/sutochno-feeds/images/57253fded42ec932.png,Красная Поляна,3330 RUB,0,4.9160595021251,5.0,круглосуточная стойка;сад;Терраса;камера хранения;прачечная
1577982050434,Объект Поляна 315,https://sutochno.ru/front/searchapp/hotels/157798,https://pumpons.github.io/sutochno-feeds/images/5b3a80534f7888cd.png,Красная Поляна,2599 RUB,0,4.9160595021251,5.0,круглосуточная стойка;сад;Терраса;камера хранения;прачечная
1577982050423,Объект Поляна 315,https://sutochno.ru/front/searchapp/hotels/157798,https://pumpons.github.io/sutochno-feeds/images/bef09db7ba2a09d0.png,Красная Поляна,2290 RUB,0,4.9160595021251,5.0,круглосуточная стойка;сад;Терраса;камера хранения;прачечная
54205822373,Отель Ривьера Парк,https://sutochno.ru/front/searchapp/hotels/54205,https://pumpons.github.io/sutochno-feeds/images/bbe6ae889060643f.png,Сочи,5000 RUB,0,4.9142361111111,5.0,трансфер;Игровая площадка для детей;лифт
1530972001880,Апартаменты Кругозор,https://sutochno.ru/front/searchapp/hotels/153097,https://pumpons.github.io/sutochno-feeds/images/34f5b40e8959f2b6.png,Красная Поляна,4499 RUB,0,4.9138888888889,5.0,
105055141098,Апартаменты Amatie,https://sutochno.ru/front/searchapp/hotels/105055,https://pumpons.github.io/sutochno-feeds/images/d6c15c630c12a621.png,Сочи,2990 RUB,0,4.9127645502645,5.0,Игровая площадка для детей
10505516956,Апартаменты Amatie,https://sutochno.ru/front/searchapp/hotels/105055,https://pumpons.github.io/sutochno-feeds/images/2484e8e4b6b7e51c.png,Сочи,1990 RUB,0,4.9127645502645,5.0,Игровая площадка для детей
1319721712607,Гостевой дом Viva Сильвия,https://sutochno.ru/front/searchapp/hotels/131972,https://pumpons.github.io/sutochno-feeds/images/305fcb0caf2ecc33.png,Адлер,2300 RUB,0,4.9126747216299,5.0,круглосуточная стойка;сад;Терраса;камера хранения
1319721717113,Гостевой дом Viva Сильвия,https://sutochno.ru/front/searchapp/hotels/131972,https://pumpons.github.io/sutochno-feeds/images/d9a5f41290462229.png,Адлер,2500 RUB,0,4.9126747216299,5.0,круглосуточная стойка;сад;Терраса;камера хранения
23317695645,Гостиница Сокол,https://sutochno.ru/front/searchapp/hotels/23317,https://pumpons.github.io/sutochno-feeds/images/22a7119aff27c085.png,Сочи,5100 RUB,0,4.912037037037,5.0,круглосуточная стойка
23317695481,Гостиница Сокол,https://sutochno.ru/front/searchapp/hotels/23317,https://pumpons.github.io/sutochno-feeds/images/06d5f39911480151.png,Сочи,4250 RUB,0,4.912037037037,5.0,круглосуточная стойка
23317695651,Гостиница Сокол,https://sutochno.ru/front/searchapp/hotels/23317,https://pumpons.github.io/sutochno-feeds/images/22a7119aff27c085.png,Сочи,5100 RUB,0,4.912037037037,5.0,круглосуточная стойка
23317695657,Гостиница Сокол,https://sutochno.ru/front/searchapp/hotels/23317,https://pumpons.github.io/sutochno-feeds/images/1082de6c608ab073.png,Сочи,5525 RUB,0,4.912037037037,5.0,круглосуточная стойка
23317695647,Гостиница Сокол,https://sutochno.ru/front/searchapp/hotels/23317,https://pumpons.github.io/sutochno-feeds/images/22a7119aff27c085.png,Сочи,5100 RUB,0,4.912037037037,5.0,круглосуточная стойка
523731802809,Гостевой дом Арина,https://sutochno.ru/front/searchapp/hotels/52373,https://pumpons.github.io/sutochno-feeds/images/762a2fd4cb08c3f8.png,Адлер,4200 RUB,0,4.9113583674858,5.0,сад;Терраса
52373965731,Гостевой дом Арина,https://sutochno.ru/front/searchapp/hotels/52373,https://pumpons.github.io/sutochno-feeds/images/853f9eb45427e66c.png,Адлер,4000 RUB,0,4.9113583674858,5.0,сад;Терраса
52373948267,Гостевой дом Арина,https://sutochno.ru/front/searchapp/hotels/52373,https://pumpons.github.io/sutochno-feeds/images/376f0e47aab66495.png,Адлер,7000 RUB,0,4.9113583674858,5.0,сад;Терраса
52373965781,Гостевой дом Арина,https://sutochno.ru/front/searchapp/hotels/52373,https://pumpons.github.io/sutochno-feeds/images/853f9eb45427e66c.png,Адлер,4000 RUB,0,4.9113583674858,5.0,сад;Терраса
52373968477,Гостевой дом Арина,https://sutochno.ru/front/searchapp/hotels/52373,https://pumpons.github.io/sutochno-feeds/images/91ed1dc13ddf6036.png,Адлер,2300 RUB,0,4.9113583674858,5.0,сад;Терраса
52373965251,Гостевой дом Арина,https://sutochno.ru/front/searchapp/hotels/52373,https://pumpons.github.io/sutochno-feeds/images/91ed1dc13ddf6036.png,Адлер,2300 RUB,0,4.9113583674858,5.0,сад;Терраса
52373965799,Гостевой дом Арина,https://sutochno.ru/front/searchapp/hotels/52373,https://pumpons.github.io/sutochno-feeds/images/376f0e47aab66495.png,Адлер,7000 RUB,0,4.9113583674858,5.0,сад;Терраса
52373968535,Гостевой дом Арина,https://sutochno.ru/front/searchapp/hotels/52373,https://pumpons.github.io/sutochno-feeds/images/853f9eb45427e66c.png,Адлер,4000 RUB,0,4.9113583674858,5.0,сад;Терраса
52373976785,Гостевой дом Арина,https://sutochno.ru/front/searchapp/hotels/52373,https://pumpons.github.io/sutochno-feeds/images/91ed1dc13ddf6036.png,Адлер,2300 RUB,0,4.9113583674858,5.0,сад;Терраса
523731110245,Гостевой дом Арина,https://sutochno.ru/front/searchapp/hotels/52373,https://pumpons.github.io/sutochno-feeds/images/376f0e47aab66495.png,Адлер,7000 RUB,0,4.9113583674858,5.0,сад;Терраса
1254791619248,Отель Чайковский,https://sutochno.ru/front/searchapp/hotels/125479,https://pumpons.github.io/sutochno-feeds/images/64aa73cb35e5aec2.png,Сочи,2690 RUB,3,4.9109691964955,5.0,трансфер;круглосуточная стойка
1254791618239,Отель Чайковский,https://sutochno.ru/front/searchapp/hotels/125479,https://pumpons.github.io/sutochno-feeds/images/a8bfb07f4d32c299.png,Сочи,2100 RUB,3,4.9109691964955,5.0,трансфер;круглосуточная стойка
1254791618829,Отель Чайковский,https://sutochno.ru/front/searchapp/hotels/125479,https://pumpons.github.io/sutochno-feeds/images/258a59ca63ba0214.png,Сочи,2490 RUB,3,4.9109691964955,5.0,трансфер;круглосуточная стойка
1254791618796,Отель Чайковский,https://sutochno.ru/front/searchapp/hotels/125479,https://pumpons.github.io/sutochno-feeds/images/36f935e297513204.png,Сочи,2390 RUB,3,4.9109691964955,5.0,трансфер;круглосуточная стойка
1254791619289,Отель Чайковский,https://sutochno.ru/front/searchapp/hotels/125479,https://pumpons.github.io/sutochno-feeds/images/95a2864bcc25c4eb.png,Сочи,3200 RUB,3,4.9109691964955,5.0,трансфер;круглосуточная стойка
1254791618184,Отель Чайковский,https://sutochno.ru/front/searchapp/hotels/125479,https://pumpons.github.io/sutochno-feeds/images/ef87c4f6f6d583fb.png,Сочи,1990 RUB,3,4.9109691964955,5.0,трансфер;круглосуточная стойка
1303311691878,Гостиница Порто,https://sutochno.ru/front/searchapp/hotels/130331,https://pumpons.github.io/sutochno-feeds/images/09a8a3b1b6793988.png,Сочи,6900 RUB,0,4.9099264705882,5.0,ресторан;доставка в номер;Спа;Бассейн (открытый);Собственный пляж;Игровая площадка для детей;камера хранения
1490901924032,Гостевой дом Тифлис,https://sutochno.ru/front/searchapp/hotels/149090,https://pumpons.github.io/sutochno-feeds/images/c58d503419ed677c.png,Адлер,1400 RUB,0,4.9098595848596,5.0,
1490901926124,Гостевой дом Тифлис,https://sutochno.ru/front/searchapp/hotels/149090,https://pumpons.github.io/sutochno-feeds/images/f05e304d13922ea5.png,Адлер,1900 RUB,0,4.9098595848596,5.0,
1490901924038,Гостевой дом Тифлис,https://sutochno.ru/front/searchapp/hotels/149090,https://pumpons.github.io/sutochno-feeds/images/9578d68ceed6a546.png,Адлер,1600 RUB,0,4.9098595848596,5.0,
1229741583976,Гостевой дом Сапфир,https://sutochno.ru/front/searchapp/hotels/122974,https://pumpons.github.io/sutochno-feeds/images/ba3d6a8b3e7de4a1.png,Адлер,1495 RUB,0,4.9092592592593,5.0,круглосуточная стойка;Терраса
1229741680624,Гостевой дом Сапфир,https://sutochno.ru/front/searchapp/hotels/122974,https://pumpons.github.io/sutochno-feeds/images/08318885e885d872.png,Адлер,4000 RUB,0,4.9092592592593,5.0,круглосуточная стойка;Терраса
1229741582411,Гостевой дом Сапфир,https://sutochno.ru/front/searchapp/hotels/122974,https://pumpons.github.io/sutochno-feeds/images/0b674003f482125f.png,Адлер,3290 RUB,0,4.9092592592593,5.0,круглосуточная стойка;Терраса
763091690157,Отель Марина Молл,https://sutochno.ru/front/searchapp/hotels/76309,https://pumpons.github.io/sutochno-feeds/images/fc0ebacfc614979a.png,Сочи,8950 RUB,4,4.9091685249812,5.0,трансфер;круглосуточная стойка;сауна;Бассейн (открытый);лифт;бассейн с подогревом
763091690142,Отель Марина Молл,https://sutochno.ru/front/searchapp/hotels/76309,https://pumpons.github.io/sutochno-feeds/images/16c92444811aad52.png,Сочи,3950 RUB,4,4.9091685249812,5.0,трансфер;круглосуточная стойка;сауна;Бассейн (открытый);лифт;бассейн с подогревом
763091690133,Отель Марина Молл,https://sutochno.ru/front/searchapp/hotels/76309,https://pumpons.github.io/sutochno-feeds/images/1b3ecf363116f725.png,Сочи,2950 RUB,4,4.9091685249812,5.0,трансфер;круглосуточная стойка;сауна;Бассейн (открытый);лифт;бассейн с подогревом
763091690147,Отель Марина Молл,https://sutochno.ru/front/searchapp/hotels/76309,https://pumpons.github.io/sutochno-feeds/images/a484cf94d669f364.png,Сочи,4950 RUB,4,4.9091685249812,5.0,трансфер;круглосуточная стойка;сауна;Бассейн (открытый);лифт;бассейн с подогревом
636471530468,Объект На Демократической,https://sutochno.ru/front/searchapp/hotels/63647,https://pumpons.github.io/sutochno-feeds/images/33bc4ad9d92684be.png,Адлер,2500 RUB,0,4.9080459770115,5.0,трансфер;круглосуточная стойка;Терраса;заказ экскурсий
1274381653617,Апартаменты Моне,https://sutochno.ru/front/searchapp/hotels/127438,https://pumpons.github.io/sutochno-feeds/images/cbb6695b6e95c0a4.png,Адлер,6000 RUB,0,4.9074074074074,5.0,ресторан;Фитнес/спортзал;Бассейн (открытый);Собственный пляж;Игровая площадка для детей;бассейн с подогревом
52369937387,Объект Helge rooms,https://sutochno.ru/front/searchapp/hotels/52369,https://pumpons.github.io/sutochno-feeds/images/9ff47ef20c3df743.png,Сочи,2900 RUB,0,4.9068535825545,5.0,трансфер;сад;Терраса
1068931424721,Гостевой дом Лотос,https://sutochno.ru/front/searchapp/hotels/106893,https://pumpons.github.io/sutochno-feeds/images/5521551b8ede50de.png,Сочи,6800 RUB,0,4.9066666666667,5.0,ресторан;бар;Бассейн (открытый);Игровая площадка для детей
1068931424775,Гостевой дом Лотос,https://sutochno.ru/front/searchapp/hotels/106893,https://pumpons.github.io/sutochno-feeds/images/026a4db15b77647b.png,Сочи,8000 RUB,0,4.9066666666667,5.0,ресторан;бар;Бассейн (открытый);Игровая площадка для детей
1361681762221,Отель Соната,https://sutochno.ru/front/searchapp/hotels/136168,https://pumpons.github.io/sutochno-feeds/images/30ad36b6c31df533.png,Сочи,5500 RUB,0,4.9066666666667,5.0,ресторан;круглосуточная стойка;сауна;Бассейн (открытый);лифт;прачечная
1361681762139,Отель Соната,https://sutochno.ru/front/searchapp/hotels/136168,https://pumpons.github.io/sutochno-feeds/images/5e803f9b6e891278.png,Сочи,3500 RUB,0,4.9066666666667,5.0,ресторан;круглосуточная стойка;сауна;Бассейн (открытый);лифт;прачечная
1068931469463,Гостевой дом Лотос,https://sutochno.ru/front/searchapp/hotels/106893,https://pumpons.github.io/sutochno-feeds/images/aefef79b87fd4a3a.png,Сочи,8800 RUB,0,4.9066666666667,5.0,ресторан;бар;Бассейн (открытый);Игровая площадка для детей
1068931702976,Гостевой дом Лотос,https://sutochno.ru/front/searchapp/hotels/106893,https://pumpons.github.io/sutochno-feeds/images/b7f6713ec1220eff.png,Сочи,5800 RUB,0,4.9066666666667,5.0,ресторан;бар;Бассейн (открытый);Игровая площадка для детей
1068931411589,Гостевой дом Лотос,https://sutochno.ru/front/searchapp/hotels/106893,https://pumpons.github.io/sutochno-feeds/images/c516946528355022.png,Сочи,5900 RUB,0,4.9066666666667,5.0,ресторан;бар;Бассейн (открытый);Игровая площадка для детей
1068931705061,Гостевой дом Лотос,https://sutochno.ru/front/searchapp/hotels/106893,https://pumpons.github.io/sutochno-feeds/images/c10511a6cf9e5093.png,Сочи,8600 RUB,0,4.9066666666667,5.0,ресторан;бар;Бассейн (открытый);Игровая площадка для детей
1361681762215,Отель Соната,https://sutochno.ru/front/searchapp/hotels/136168,https://pumpons.github.io/sutochno-feeds/images/91da098a797946a3.png,Сочи,4500 RUB,0,4.9066666666667,5.0,ресторан;круглосуточная стойка;сауна;Бассейн (открытый);лифт;прачечная
53893975525,Гостевой дом Черное море,https://sutochno.ru/front/searchapp/hotels/53893,https://pumpons.github.io/sutochno-feeds/images/9f008fcb29ddf006.png,Адлер,3900 RUB,0,4.9064414806583,5.0,круглосуточная стойка;Бассейн (открытый)
53893974963,Гостевой дом Черное море,https://sutochno.ru/front/searchapp/hotels/53893,https://pumpons.github.io/sutochno-feeds/images/a2ae7fbb2f066d6c.png,Адлер,4250 RUB,0,4.9064414806583,5.0,круглосуточная стойка;Бассейн (открытый)
53893975607,Гостевой дом Черное море,https://sutochno.ru/front/searchapp/hotels/53893,https://pumpons.github.io/sutochno-feeds/images/b60dcb0fa32c6c34.png,Адлер,3800 RUB,0,4.9064414806583,5.0,круглосуточная стойка;Бассейн (открытый)
53893975477,Гостевой дом Черное море,https://sutochno.ru/front/searchapp/hotels/53893,https://pumpons.github.io/sutochno-feeds/images/a2ae7fbb2f066d6c.png,Адлер,4250 RUB,0,4.9064414806583,5.0,круглосуточная стойка;Бассейн (открытый)
53893975395,Гостевой дом Черное море,https://sutochno.ru/front/searchapp/hotels/53893,https://pumpons.github.io/sutochno-feeds/images/9f008fcb29ddf006.png,Адлер,3900 RUB,0,4.9064414806583,5.0,круглосуточная стойка;Бассейн (открытый)
1309001837096,Гостиница На Лучезарной,https://sutochno.ru/front/searchapp/hotels/130900,https://pumpons.github.io/sutochno-feeds/images/f099c8ce46def71e.png,Сочи,22300 RUB,0,4.9059027777778,5.0,ресторан;сад;Терраса;Бассейн (открытый);Собственный пляж;лифт;бассейн с подогревом
1309001649741,Гостиница На Лучезарной,https://sutochno.ru/front/searchapp/hotels/130900,https://pumpons.github.io/sutochno-feeds/images/de4cfada6f9fdb5e.png,Сочи,14500 RUB,0,4.9059027777778,5.0,ресторан;сад;Терраса;Бассейн (открытый);Собственный пляж;лифт;бассейн с подогревом
1309001626380,Гостиница На Лучезарной,https://sutochno.ru/front/searchapp/hotels/130900,https://pumpons.github.io/sutochno-feeds/images/6d3e11a0f531e6e1.png,Сочи,5300 RUB,0,4.9059027777778,5.0,ресторан;сад;Терраса;Бассейн (открытый);Собственный пляж;лифт;бассейн с подогревом
1309001644423,Гостиница На Лучезарной,https://sutochno.ru/front/searchapp/hotels/130900,https://pumpons.github.io/sutochno-feeds/images/40083be2e6b3c4e1.png,Сочи,13800 RUB,0,4.9059027777778,5.0,ресторан;сад;Терраса;Бассейн (открытый);Собственный пляж;лифт;бассейн с подогревом
1309001825564,Гостиница На Лучезарной,https://sutochno.ru/front/searchapp/hotels/130900,https://pumpons.github.io/sutochno-feeds/images/92c2ae7bdc64312a.png,Сочи,9000 RUB,0,4.9059027777778,5.0,ресторан;сад;Терраса;Бассейн (открытый);Собственный пляж;лифт;бассейн с подогревом
1556812305424,Гостевой дом Дар,https://sutochno.ru/front/searchapp/hotels/155681,https://pumpons.github.io/sutochno-feeds/images/e5b81dc217fca4fe.png,Адлер,3600 RUB,0,4.9050685425685,5.0,
1556812304994,Гостевой дом Дар,https://sutochno.ru/front/searchapp/hotels/155681,https://pumpons.github.io/sutochno-feeds/images/5f8ca1c68d3959d6.png,Адлер,2500 RUB,0,4.9050685425685,5.0,
1556812162672,Гостевой дом Дар,https://sutochno.ru/front/searchapp/hotels/155681,https://pumpons.github.io/sutochno-feeds/images/6afaae4c9db7a44c.png,Адлер,2000 RUB,0,4.9050685425685,5.0,
1556812305395,Гостевой дом Дар,https://sutochno.ru/front/searchapp/hotels/155681,https://pumpons.github.io/sutochno-feeds/images/5f8ca1c68d3959d6.png,Адлер,2500 RUB,0,4.9050685425685,5.0,
1556812162680,Гостевой дом Дар,https://sutochno.ru/front/searchapp/hotels/155681,https://pumpons.github.io/sutochno-feeds/images/f5fe09c396c1ce73.png,Адлер,2700 RUB,0,4.9050685425685,5.0,
56149966357,Гостевой дом Файв Стори,https://sutochno.ru/front/searchapp/hotels/56149,https://pumpons.github.io/sutochno-feeds/images/c70293992c1eb1ab.png,Адлер,2880 RUB,0,4.9050292159875,5.0,трансфер;круглосуточная стойка;Бассейн (открытый);бассейн с подогревом
56149966435,Гостевой дом Файв Стори,https://sutochno.ru/front/searchapp/hotels/56149,https://pumpons.github.io/sutochno-feeds/images/d7140d0098570d95.png,Адлер,2190 RUB,0,4.9050292159875,5.0,трансфер;круглосуточная стойка;Бассейн (открытый);бассейн с подогревом
56149966413,Гостевой дом Файв Стори,https://sutochno.ru/front/searchapp/hotels/56149,https://pumpons.github.io/sutochno-feeds/images/7bd6dea27d935ef2.png,Адлер,5180 RUB,0,4.9050292159875,5.0,трансфер;круглосуточная стойка;Бассейн (открытый);бассейн с подогревом
788371138193,Отель Cosmos Sochi Hotel,https://sutochno.ru/front/searchapp/hotels/78837,https://pumpons.github.io/sutochno-feeds/images/9c59d33f4704e0fe.png,Сочи,8000 RUB,4,4.9047619047619,5.0,трансфер;ресторан;доставка в номер;бар;круглосуточная стойка;Фитнес/спортзал;лифт;пандус;переговорная;конференц-зал;прачечная
788371138287,Отель Cosmos Sochi Hotel,https://sutochno.ru/front/searchapp/hotels/78837,https://pumpons.github.io/sutochno-feeds/images/e9b5824fdc6764fa.png,Сочи,10000 RUB,4,4.9047619047619,5.0,трансфер;ресторан;доставка в номер;бар;круглосуточная стойка;Фитнес/спортзал;лифт;пандус;переговорная;конференц-зал;прачечная
707471076579,Отель Бристоль,https://sutochno.ru/front/searchapp/hotels/70747,https://pumpons.github.io/sutochno-feeds/images/23fb97e14c6ced20.png,Сочи,4257 RUB,3,4.9047619047619,5.0,трансфер;ресторан;бар;круглосуточная стойка;сауна;Терраса;Бассейн (открытый);Игровая площадка для детей;лифт;прачечная
788371138315,Отель Cosmos Sochi Hotel,https://sutochno.ru/front/searchapp/hotels/78837,https://pumpons.github.io/sutochno-feeds/images/8a65fa49aef9c6e0.png,Сочи,15500 RUB,4,4.9047619047619,5.0,трансфер;ресторан;доставка в номер;бар;круглосуточная стойка;Фитнес/спортзал;лифт;пандус;переговорная;конференц-зал;прачечная
1528711983350,Гостевой дом Лето,https://sutochno.ru/front/searchapp/hotels/152871,https://pumpons.github.io/sutochno-feeds/images/5fcf2020bfb0c2b1.png,Адлер,3500 RUB,0,4.9046400894814,5.0,
1528711983343,Гостевой дом Лето,https://sutochno.ru/front/searchapp/hotels/152871,https://pumpons.github.io/sutochno-feeds/images/05842175a48658dd.png,Адлер,2500 RUB,0,4.9046400894814,5.0,
1528711983327,Гостевой дом Лето,https://sutochno.ru/front/searchapp/hotels/152871,https://pumpons.github.io/sutochno-feeds/images/43580f194a733af9.png,Адлер,2000 RUB,0,4.9046400894814,5.0,
1528711983336,Гостевой дом Лето,https://sutochno.ru/front/searchapp/hotels/152871,https://pumpons.github.io/sutochno-feeds/images/05842175a48658dd.png,Адлер,2500 RUB,0,4.9046400894814,5.0,
1528711983388,Гостевой дом Лето,https://sutochno.ru/front/searchapp/hotels/152871,https://pumpons.github.io/sutochno-feeds/images/43580f194a733af9.png,Адлер,2000 RUB,0,4.9046400894814,5.0,
56621984433,Объект Эмилия,https://sutochno.ru/front/searchapp/hotels/56621,https://pumpons.github.io/sutochno-feeds/images/74aaf495a06a334d.png,Сочи,2400 RUB,0,4.9045833333333,5.0,трансфер;круглосуточная стойка;сад;Терраса;футбольное поле
56621970123,Объект Эмилия,https://sutochno.ru/front/searchapp/hotels/56621,https://pumpons.github.io/sutochno-feeds/images/cef4c2746536227b.png,Сочи,4800 RUB,0,4.9045833333333,5.0,трансфер;круглосуточная стойка;сад;Терраса;футбольное поле
56621984807,Объект Эмилия,https://sutochno.ru/front/searchapp/hotels/56621,https://pumpons.github.io/sutochno-feeds/images/74aaf495a06a334d.png,Сочи,2400 RUB,0,4.9045833333333,5.0,трансфер;круглосуточная стойка;сад;Терраса;футбольное поле
6339533767,Гостевой дом Лермонтова8,https://sutochno.ru/front/searchapp/hotels/6339,https://pumpons.github.io/sutochno-feeds/images/ed270dbfaefd71e4.png,Сочи,2800 RUB,0,4.9044444444444,5.0,
6339533965,Гостевой дом Лермонтова8,https://sutochno.ru/front/searchapp/hotels/6339,https://pumpons.github.io/sutochno-feeds/images/ed270dbfaefd71e4.png,Сочи,2800 RUB,0,4.9044444444444,5.0,
1028391361051,Отель Горная Кадриль,https://sutochno.ru/front/searchapp/hotels/102839,https://pumpons.github.io/sutochno-feeds/images/bf49cf87536e3233.png,Красная Поляна,4240 RUB,4,4.904005344342,5.0,трансфер;круглосуточная стойка;сауна;Бассейн (открытый);бассейн с подогревом
1028391361043,Отель Горная Кадриль,https://sutochno.ru/front/searchapp/hotels/102839,https://pumpons.github.io/sutochno-feeds/images/683fd3c8507d4ed8.png,Красная Поляна,3710 RUB,4,4.904005344342,5.0,трансфер;круглосуточная стойка;сауна;Бассейн (открытый);бассейн с подогревом
1028391360997,Отель Горная Кадриль,https://sutochno.ru/front/searchapp/hotels/102839,https://pumpons.github.io/sutochno-feeds/images/328a03562e4fa19e.png,Красная Поляна,2170 RUB,4,4.904005344342,5.0,трансфер;круглосуточная стойка;сауна;Бассейн (открытый);бассейн с подогревом
1028391361023,Отель Горная Кадриль,https://sutochno.ru/front/searchapp/hotels/102839,https://pumpons.github.io/sutochno-feeds/images/5bda0b6fd97a58fc.png,Красная Поляна,2650 RUB,4,4.904005344342,5.0,трансфер;круглосуточная стойка;сауна;Бассейн (открытый);бассейн с подогревом
1028391361035,Отель Горная Кадриль,https://sutochno.ru/front/searchapp/hotels/102839,https://pumpons.github.io/sutochno-feeds/images/082f7ca9bfcb946d.png,Красная Поляна,3300 RUB,4,4.904005344342,5.0,трансфер;круглосуточная стойка;сауна;Бассейн (открытый);бассейн с подогревом
1028391642248,Отель Горная Кадриль,https://sutochno.ru/front/searchapp/hotels/102839,https://pumpons.github.io/sutochno-feeds/images/5960e9d1df198359.png,Красная Поляна,2870 RUB,4,4.904005344342,5.0,трансфер;круглосуточная стойка;сауна;Бассейн (открытый);бассейн с подогревом
1028391642243,Отель Горная Кадриль,https://sutochno.ru/front/searchapp/hotels/102839,https://pumpons.github.io/sutochno-feeds/images/c4a75d6dd14b99d5.png,Красная Поляна,2120 RUB,4,4.904005344342,5.0,трансфер;круглосуточная стойка;сауна;Бассейн (открытый);бассейн с подогревом
1028391361019,Отель Горная Кадриль,https://sutochno.ru/front/searchapp/hotels/102839,https://pumpons.github.io/sutochno-feeds/images/ca57d4f2e7c72131.png,Красная Поляна,2330 RUB,4,4.904005344342,5.0,трансфер;круглосуточная стойка;сауна;Бассейн (открытый);бассейн с подогревом
22785689025,Объект Анжелика,https://sutochno.ru/front/searchapp/hotels/22785,https://pumpons.github.io/sutochno-feeds/images/696478088dfe9cbe.png,Адлер,2000 RUB,0,4.9031476931477,5.0,круглосуточная стойка
22785689039,Объект Анжелика,https://sutochno.ru/front/searchapp/hotels/22785,https://pumpons.github.io/sutochno-feeds/images/d15b40665c25a960.png,Адлер,3500 RUB,0,4.9031476931477,5.0,круглосуточная стойка
1361661762125,Гостевой дом Suzi,https://sutochno.ru/front/searchapp/hotels/136166,https://pumpons.github.io/sutochno-feeds/images/3b33e80821a85fae.png,Адлер,3000 RUB,0,4.9028571428571,5.0,Терраса
1361661762152,Гостевой дом Suzi,https://sutochno.ru/front/searchapp/hotels/136166,https://pumpons.github.io/sutochno-feeds/images/3b33e80821a85fae.png,Адлер,3000 RUB,0,4.9028571428571,5.0,Терраса
1639552135215,Объект Амелия,https://sutochno.ru/front/searchapp/hotels/163955,https://pumpons.github.io/sutochno-feeds/images/8c1d578c81db9863.png,Адлер,4500 RUB,0,4.9,5.0,
1639552116257,Объект Амелия,https://sutochno.ru/front/searchapp/hotels/163955,https://pumpons.github.io/sutochno-feeds/images/29a0b5d468f65eae.png,Адлер,5000 RUB,0,4.9,5.0,
1186721534413,Объект На Ключевом ,https://sutochno.ru/front/searchapp/hotels/118672,https://pumpons.github.io/sutochno-feeds/images/5c659d6c0a695d20.png,Адлер,4000 RUB,0,4.9,5.0,трансфер
157462806217,Объект У Манушак,https://sutochno.ru/front/searchapp/hotels/157462,https://pumpons.github.io/sutochno-feeds/images/b73fa7eb44e6897e.png,Адлер,4000 RUB,0,4.9,5.0,трансфер
1148471492097,Объект У Андрея,https://sutochno.ru/front/searchapp/hotels/114847,https://pumpons.github.io/sutochno-feeds/images/46b7a10c77cfaf23.png,Сочи,2500 RUB,0,4.9,5.0,трансфер;сад
588091231395,Объект Белый дом,https://sutochno.ru/front/searchapp/hotels/58809,https://pumpons.github.io/sutochno-feeds/images/c7e10be497235b21.png,Сочи,2200 RUB,0,4.9,5.0,трансфер;сад;Терраса
1148471492279,Объект У Андрея,https://sutochno.ru/front/searchapp/hotels/114847,https://pumpons.github.io/sutochno-feeds/images/220f65696d7694c5.png,Сочи,2800 RUB,0,4.9,5.0,трансфер;сад
1148471492331,Объект У Андрея,https://sutochno.ru/front/searchapp/hotels/114847,https://pumpons.github.io/sutochno-feeds/images/34faa79de0dccc9c.png,Сочи,2000 RUB,0,4.9,5.0,трансфер;сад
582351019785,Гостевой дом Пеликан,https://sutochno.ru/front/searchapp/hotels/58235,https://pumpons.github.io/sutochno-feeds/images/d0238d220ed215b8.png,Сочи,3500 RUB,0,4.8998123335258,5.0,круглосуточная стойка;лифт
582351019883,Гостевой дом Пеликан,https://sutochno.ru/front/searchapp/hotels/58235,https://pumpons.github.io/sutochno-feeds/images/d0238d220ed215b8.png,Сочи,3500 RUB,0,4.8998123335258,5.0,круглосуточная стойка;лифт
582351019859,Гостевой дом Пеликан,https://sutochno.ru/front/searchapp/hotels/58235,https://pumpons.github.io/sutochno-feeds/images/64d716b244429a79.png,Сочи,3000 RUB,0,4.8998123335258,5.0,круглосуточная стойка;лифт
1171041517441,Объект Танаис,https://sutochno.ru/front/searchapp/hotels/117104,https://pumpons.github.io/sutochno-feeds/images/b1daff2306269e53.png,Адлер,2000 RUB,0,4.8990151515151,5.0,трансфер;Терраса;прачечная
1171041528382,Объект Танаис,https://sutochno.ru/front/searchapp/hotels/117104,https://pumpons.github.io/sutochno-feeds/images/cd8d2f210ecbc0be.png,Адлер,3000 RUB,0,4.8990151515151,5.0,трансфер;Терраса;прачечная
1171041535470,Объект Танаис,https://sutochno.ru/front/searchapp/hotels/117104,https://pumpons.github.io/sutochno-feeds/images/218ec41114a5fc93.png,Адлер,2500 RUB,0,4.8990151515151,5.0,трансфер;Терраса;прачечная
1171041766905,Объект Танаис,https://sutochno.ru/front/searchapp/hotels/117104,https://pumpons.github.io/sutochno-feeds/images/b1daff2306269e53.png,Адлер,2000 RUB,0,4.8990151515151,5.0,трансфер;Терраса;прачечная
1304341693038,Гостевой дом Адрианна,https://sutochno.ru/front/searchapp/hotels/130434,https://pumpons.github.io/sutochno-feeds/images/f2db957c13eee878.png,Адлер,990 RUB,0,4.8988095238095,5.0,круглосуточная стойка;Терраса
1304341693045,Гостевой дом Адрианна,https://sutochno.ru/front/searchapp/hotels/130434,https://pumpons.github.io/sutochno-feeds/images/9fd45e6999d8e742.png,Адлер,1200 RUB,0,4.8988095238095,5.0,круглосуточная стойка;Терраса
1463811879757,Объект На Крупской,https://sutochno.ru/front/searchapp/hotels/146381,https://pumpons.github.io/sutochno-feeds/images/4c8ac7e95d74a100.png,Адлер,3000 RUB,0,4.8981481481481,5.0,Терраса
1463811824172,Объект На Крупской,https://sutochno.ru/front/searchapp/hotels/146381,https://pumpons.github.io/sutochno-feeds/images/a4515c2fb875a3db.png,Адлер,4900 RUB,0,4.8981481481481,5.0,Терраса
864611669708,Апарт-отель Пушкин Неолит,https://sutochno.ru/front/searchapp/hotels/86461,https://pumpons.github.io/sutochno-feeds/images/52afc1462c4ef572.png,Сочи,2799 RUB,0,4.896522417154,5.0,доставка в номер;круглосуточная стойка
1487881961374,Гостевой дом Лето,https://sutochno.ru/front/searchapp/hotels/148788,https://pumpons.github.io/sutochno-feeds/images/db3f4e4c830ac965.png,Адлер,1025 RUB,0,4.8959054834055,5.0,круглосуточная стойка;прачечная
1487881919120,Гостевой дом Лето,https://sutochno.ru/front/searchapp/hotels/148788,https://pumpons.github.io/sutochno-feeds/images/1ffe68ef50901fad.png,Адлер,1400 RUB,0,4.8959054834055,5.0,круглосуточная стойка;прачечная
488471116145,Гостевой дом Чайка-Сочи,https://sutochno.ru/front/searchapp/hotels/48847,https://pumpons.github.io/sutochno-feeds/images/e081fc7b48d550a6.png,Сочи,3500 RUB,0,4.8958800357375,5.0,круглосуточная стойка;сад;Терраса
48847900621,Гостевой дом Чайка-Сочи,https://sutochno.ru/front/searchapp/hotels/48847,https://pumpons.github.io/sutochno-feeds/images/163c06cb0d1ab6ea.png,Сочи,4500 RUB,0,4.8958800357375,5.0,круглосуточная стойка;сад;Терраса
1484791921589,Объект Ниагара Фоллс,https://sutochno.ru/front/searchapp/hotels/148479,https://pumpons.github.io/sutochno-feeds/images/4f95c7c1edd50666.png,Сочи,2500 RUB,0,4.8958333333333,5.0,Терраса;Бассейн (открытый)
740911461977,Объект Морской Бриз,https://sutochno.ru/front/searchapp/hotels/74091,https://pumpons.github.io/sutochno-feeds/images/51da78046275769e.png,Сочи,2000 RUB,0,4.8958333333333,5.0,трансфер
1484791913628,Объект Ниагара Фоллс,https://sutochno.ru/front/searchapp/hotels/148479,https://pumpons.github.io/sutochno-feeds/images/39a340eb40cc73c2.png,Сочи,1500 RUB,0,4.8958333333333,5.0,Терраса;Бассейн (открытый)
740911461921,Объект Морской Бриз,https://sutochno.ru/front/searchapp/hotels/74091,https://pumpons.github.io/sutochno-feeds/images/c285f8d0992a1587.png,Сочи,2500 RUB,0,4.8958333333333,5.0,трансфер
1484791913617,Объект Ниагара Фоллс,https://sutochno.ru/front/searchapp/hotels/148479,https://pumpons.github.io/sutochno-feeds/images/572561b97173b3f4.png,Сочи,1950 RUB,0,4.8958333333333,5.0,Терраса;Бассейн (открытый)
1028891361667,Отель Вальс цветов Редэнс,https://sutochno.ru/front/searchapp/hotels/102889,https://pumpons.github.io/sutochno-feeds/images/12819fbc58320b24.png,Красная Поляна,2230 RUB,4,4.8954045890106,5.0,ресторан;бар;круглосуточная стойка;сауна;сад;Терраса;Спа;Бассейн (открытый);детский бассейн;бассейн с подогревом;прачечная;массаж
1028891361675,Отель Вальс цветов Редэнс,https://sutochno.ru/front/searchapp/hotels/102889,https://pumpons.github.io/sutochno-feeds/images/946c4ee0ab576428.png,Красная Поляна,2120 RUB,4,4.8954045890106,5.0,ресторан;бар;круглосуточная стойка;сауна;сад;Терраса;Спа;Бассейн (открытый);детский бассейн;бассейн с подогревом;прачечная;массаж
1028891361677,Отель Вальс цветов Редэнс,https://sutochno.ru/front/searchapp/hotels/102889,https://pumpons.github.io/sutochno-feeds/images/6661f88daefaea5a.png,Красная Поляна,2760 RUB,4,4.8954045890106,5.0,ресторан;бар;круглосуточная стойка;сауна;сад;Терраса;Спа;Бассейн (открытый);детский бассейн;бассейн с подогревом;прачечная;массаж
1028891361661,Отель Вальс цветов Редэнс,https://sutochno.ru/front/searchapp/hotels/102889,https://pumpons.github.io/sutochno-feeds/images/f30a3db44f5b2792.png,Красная Поляна,2280 RUB,4,4.8954045890106,5.0,ресторан;бар;круглосуточная стойка;сауна;сад;Терраса;Спа;Бассейн (открытый);детский бассейн;бассейн с подогревом;прачечная;массаж
1028891361655,Отель Вальс цветов Редэнс,https://sutochno.ru/front/searchapp/hotels/102889,https://pumpons.github.io/sutochno-feeds/images/4deb1a8afef05b25.png,Красная Поляна,2540 RUB,4,4.8954045890106,5.0,ресторан;бар;круглосуточная стойка;сауна;сад;Терраса;Спа;Бассейн (открытый);детский бассейн;бассейн с подогревом;прачечная;массаж
1028891361683,Отель Вальс цветов Редэнс,https://sutochno.ru/front/searchapp/hotels/102889,https://pumpons.github.io/sutochno-feeds/images/206b26a17c95a8fc.png,Красная Поляна,3600 RUB,4,4.8954045890106,5.0,ресторан;бар;круглосуточная стойка;сауна;сад;Терраса;Спа;Бассейн (открытый);детский бассейн;бассейн с подогревом;прачечная;массаж
1028891361693,Отель Вальс цветов Редэнс,https://sutochno.ru/front/searchapp/hotels/102889,https://pumpons.github.io/sutochno-feeds/images/38a5d6368107a49d.png,Красная Поляна,3710 RUB,4,4.8954045890106,5.0,ресторан;бар;круглосуточная стойка;сауна;сад;Терраса;Спа;Бассейн (открытый);детский бассейн;бассейн с подогревом;прачечная;массаж
1028891361681,Отель Вальс цветов Редэнс,https://sutochno.ru/front/searchapp/hotels/102889,https://pumpons.github.io/sutochno-feeds/images/6b41db84e5a7e130.png,Красная Поляна,2790 RUB,4,4.8954045890106,5.0,ресторан;бар;круглосуточная стойка;сауна;сад;Терраса;Спа;Бассейн (открытый);детский бассейн;бассейн с подогревом;прачечная;массаж
1028891361637,Отель Вальс цветов Редэнс,https://sutochno.ru/front/searchapp/hotels/102889,https://pumpons.github.io/sutochno-feeds/images/21a4edaf250d67d1.png,Красная Поляна,2300 RUB,4,4.8954045890106,5.0,ресторан;бар;круглосуточная стойка;сауна;сад;Терраса;Спа;Бассейн (открытый);детский бассейн;бассейн с подогревом;прачечная;массаж
1028891361663,Отель Вальс цветов Редэнс,https://sutochno.ru/front/searchapp/hotels/102889,https://pumpons.github.io/sutochno-feeds/images/32627ec1b9f70f60.png,Красная Поляна,2650 RUB,4,4.8954045890106,5.0,ресторан;бар;круглосуточная стойка;сауна;сад;Терраса;Спа;Бассейн (открытый);детский бассейн;бассейн с подогревом;прачечная;массаж
1028891361649,Отель Вальс цветов Редэнс,https://sutochno.ru/front/searchapp/hotels/102889,https://pumpons.github.io/sutochno-feeds/images/946c4ee0ab576428.png,Красная Поляна,2120 RUB,4,4.8954045890106,5.0,ресторан;бар;круглосуточная стойка;сауна;сад;Терраса;Спа;Бассейн (открытый);детский бассейн;бассейн с подогревом;прачечная;массаж
3851486775,Объект Мантис,https://sutochno.ru/front/searchapp/hotels/3851,https://pumpons.github.io/sutochno-feeds/images/af9c0bf226375a60.png,Сочи,1600 RUB,0,4.895,5.0,
3851486753,Объект Мантис,https://sutochno.ru/front/searchapp/hotels/3851,https://pumpons.github.io/sutochno-feeds/images/cf53147995e5c468.png,Сочи,3000 RUB,0,4.895,5.0,
1199811686370,Гостевой дом Банановый рай,https://sutochno.ru/front/searchapp/hotels/119981,https://pumpons.github.io/sutochno-feeds/images/88ba805a92a443b2.png,Адлер,4500 RUB,0,4.8941809116809,5.0,сад
1511812004586,"Отель ""Централ Резиденс""",https://sutochno.ru/front/searchapp/hotels/151181,https://pumpons.github.io/sutochno-feeds/images/67582a9d3c9d371f.png,Сочи,6710 RUB,3,4.8916223155929,5.0,доставка в номер;круглосуточная стойка
1511812022824,"Отель ""Централ Резиденс""",https://sutochno.ru/front/searchapp/hotels/151181,https://pumpons.github.io/sutochno-feeds/images/51dbfa9b6444e7a3.png,Сочи,4950 RUB,3,4.8916223155929,5.0,доставка в номер;круглосуточная стойка
1511811960397,"Отель ""Централ Резиденс""",https://sutochno.ru/front/searchapp/hotels/151181,https://pumpons.github.io/sutochno-feeds/images/edee8c4f479fb52d.png,Сочи,2860 RUB,3,4.8916223155929,5.0,доставка в номер;круглосуточная стойка
1511811960434,"Отель ""Централ Резиденс""",https://sutochno.ru/front/searchapp/hotels/151181,https://pumpons.github.io/sutochno-feeds/images/8342dd44793662d6.png,Сочи,3630 RUB,3,4.8916223155929,5.0,доставка в номер;круглосуточная стойка
1511811960427,"Отель ""Централ Резиденс""",https://sutochno.ru/front/searchapp/hotels/151181,https://pumpons.github.io/sutochno-feeds/images/a7d70295807c11f6.png,Сочи,4730 RUB,3,4.8916223155929,5.0,доставка в номер;круглосуточная стойка
1511811960404,"Отель ""Централ Резиденс""",https://sutochno.ru/front/searchapp/hotels/151181,https://pumpons.github.io/sutochno-feeds/images/0e4c6d62f72d8953.png,Сочи,3190 RUB,3,4.8916223155929,5.0,доставка в номер;круглосуточная стойка
1511811960419,"Отель ""Централ Резиденс""",https://sutochno.ru/front/searchapp/hotels/151181,https://pumpons.github.io/sutochno-feeds/images/d7f055f0bcb75f98.png,Сочи,3520 RUB,3,4.8916223155929,5.0,доставка в номер;круглосуточная стойка
1519011969774,Гостевой дом Бриз,https://sutochno.ru/front/searchapp/hotels/151901,https://pumpons.github.io/sutochno-feeds/images/d0bcdb1892b62e7d.png,Адлер,1800 RUB,0,4.8914021164021,5.0,
1519011969804,Гостевой дом Бриз,https://sutochno.ru/front/searchapp/hotels/151901,https://pumpons.github.io/sutochno-feeds/images/4ab2ef58a4c0be7e.png,Адлер,2300 RUB,0,4.8914021164021,5.0,
1519011969786,Гостевой дом Бриз,https://sutochno.ru/front/searchapp/hotels/151901,https://pumpons.github.io/sutochno-feeds/images/51ab90ac10a22125.png,Адлер,2000 RUB,0,4.8914021164021,5.0,
1101351443363,Объект На Виноградной,https://sutochno.ru/front/searchapp/hotels/110135,https://pumpons.github.io/sutochno-feeds/images/b967f64b5049ae23.png,Сочи,2100 RUB,0,4.8910256410256,5.0,Игровая площадка для детей
910051921248,Объект Неля,https://sutochno.ru/front/searchapp/hotels/91005,https://pumpons.github.io/sutochno-feeds/images/ccd5682d013be8df.png,Адлер,1550 RUB,0,4.8907004830918,5.0,
910051238133,Объект Неля,https://sutochno.ru/front/searchapp/hotels/91005,https://pumpons.github.io/sutochno-feeds/images/6151ea7f5286d62a.png,Адлер,950 RUB,0,4.8907004830918,5.0,
910051606817,Объект Неля,https://sutochno.ru/front/searchapp/hotels/91005,https://pumpons.github.io/sutochno-feeds/images/f3ec4c4ce175bc8c.png,Адлер,1800 RUB,0,4.8907004830918,5.0,
1276172064110,Гостевой дом Алгор,https://sutochno.ru/front/searchapp/hotels/127617,https://pumpons.github.io/sutochno-feeds/images/fb7e8e959f221b3c.png,Адлер,1500 RUB,0,4.8899787040916,5.0,
1276171651824,Гостевой дом Алгор,https://sutochno.ru/front/searchapp/hotels/127617,https://pumpons.github.io/sutochno-feeds/images/10842ea68315e274.png,Адлер,2500 RUB,0,4.8899787040916,5.0,
1276171660143,Гостевой дом Алгор,https://sutochno.ru/front/searchapp/hotels/127617,https://pumpons.github.io/sutochno-feeds/images/e7bda87c7be67192.png,Адлер,1600 RUB,0,4.8899787040916,5.0,
1276171998299,Гостевой дом Алгор,https://sutochno.ru/front/searchapp/hotels/127617,https://pumpons.github.io/sutochno-feeds/images/da1dd5a0d623e55c.png,Адлер,2000 RUB,0,4.8899787040916,5.0,
1208851578901,Объект На Мамайке,https://sutochno.ru/front/searchapp/hotels/120885,https://pumpons.github.io/sutochno-feeds/images/524b96ff2c62ef9c.png,Сочи,3500 RUB,0,4.8888888888889,5.0,
29273443995,Объект На Круговой,https://sutochno.ru/front/searchapp/hotels/29273,https://pumpons.github.io/sutochno-feeds/images/35d793d2dce0a2bc.png,Сочи,2800 RUB,0,4.8888888888889,5.0,трансфер
292731815824,Объект На Круговой,https://sutochno.ru/front/searchapp/hotels/29273,https://pumpons.github.io/sutochno-feeds/images/5b4cfd2af3462687.png,Сочи,2500 RUB,0,4.8888888888889,5.0,трансфер
292732126752,Объект На Круговой,https://sutochno.ru/front/searchapp/hotels/29273,https://pumpons.github.io/sutochno-feeds/images/db88ee7988c9006d.png,Сочи,1800 RUB,0,4.8888888888889,5.0,трансфер
1111711499585,Объект Pearl of GrandLoo,https://sutochno.ru/front/searchapp/hotels/111171,https://pumpons.github.io/sutochno-feeds/images/9e90098fd02b171d.png,Сочи,5200 RUB,0,4.8888888888889,5.0,трансфер;бар;круглосуточная стойка;сад;Терраса;Бассейн (открытый);Игровая площадка для детей
1111711453809,Объект Pearl of GrandLoo,https://sutochno.ru/front/searchapp/hotels/111171,https://pumpons.github.io/sutochno-feeds/images/3cf1b76f7da65e48.png,Сочи,2080 RUB,0,4.8888888888889,5.0,трансфер;бар;круглосуточная стойка;сад;Терраса;Бассейн (открытый);Игровая площадка для детей
1111711499580,Объект Pearl of GrandLoo,https://sutochno.ru/front/searchapp/hotels/111171,https://pumpons.github.io/sutochno-feeds/images/0fa6b5b4b529bf19.png,Сочи,3900 RUB,0,4.8888888888889,5.0,трансфер;бар;круглосуточная стойка;сад;Терраса;Бассейн (открытый);Игровая площадка для детей
1208851558246,Объект На Мамайке,https://sutochno.ru/front/searchapp/hotels/120885,https://pumpons.github.io/sutochno-feeds/images/524b96ff2c62ef9c.png,Сочи,3500 RUB,0,4.8888888888889,5.0,
1111711499573,Объект Pearl of GrandLoo,https://sutochno.ru/front/searchapp/hotels/111171,https://pumpons.github.io/sutochno-feeds/images/6507908e7f442151.png,Сочи,3120 RUB,0,4.8888888888889,5.0,трансфер;бар;круглосуточная стойка;сад;Терраса;Бассейн (открытый);Игровая площадка для детей
66023655403,Объект На Фабричной,https://sutochno.ru/front/searchapp/hotels/66023,https://pumpons.github.io/sutochno-feeds/images/8d67aacc19ab32cb.png,Адлер,2000 RUB,0,4.8882352941176,5.0,
777151995457,Апарт-отель Архитектор by Provence,https://sutochno.ru/front/searchapp/hotels/77715,https://pumpons.github.io/sutochno-feeds/images/329295982f9e6271.png,Сочи,4120 RUB,4,4.8870240870241,5.0,трансфер;круглосуточная стойка;Терраса;лифт
777152022969,Апарт-отель Архитектор by Provence,https://sutochno.ru/front/searchapp/hotels/77715,https://pumpons.github.io/sutochno-feeds/images/d6cbf84e590f7b0b.png,Сочи,6240 RUB,4,4.8870240870241,5.0,трансфер;круглосуточная стойка;Терраса;лифт
1511441664397,Объект Алекс,https://sutochno.ru/front/searchapp/hotels/151144,https://pumpons.github.io/sutochno-feeds/images/8b1367359ce7e643.png,Адлер,3500 RUB,0,4.8860902255639,5.0,
1511441622934,Объект Алекс,https://sutochno.ru/front/searchapp/hotels/151144,https://pumpons.github.io/sutochno-feeds/images/d3530cfe4bf576e1.png,Адлер,2000 RUB,0,4.8860902255639,5.0,
1511441843652,Объект Алекс,https://sutochno.ru/front/searchapp/hotels/151144,https://pumpons.github.io/sutochno-feeds/images/5e22a0771d6d9cad.png,Адлер,1800 RUB,0,4.8860902255639,5.0,
719211978484,Апартаменты На Учительской,https://sutochno.ru/front/searchapp/hotels/71921,https://pumpons.github.io/sutochno-feeds/images/76b1cf8f426aa73d.png,Сочи,2500 RUB,0,4.8860147176978,5.0,
719211949789,Апартаменты На Учительской,https://sutochno.ru/front/searchapp/hotels/71921,https://pumpons.github.io/sutochno-feeds/images/76b1cf8f426aa73d.png,Сочи,2500 RUB,0,4.8860147176978,5.0,
1223271778758,Объект Нина,https://sutochno.ru/front/searchapp/hotels/122327,https://pumpons.github.io/sutochno-feeds/images/c4067b5785df5861.png,Сочи,1200 RUB,0,4.8854166666667,5.0,трансфер
1223271778547,Объект Нина,https://sutochno.ru/front/searchapp/hotels/122327,https://pumpons.github.io/sutochno-feeds/images/6e5b3f1623ecaf37.png,Сочи,1300 RUB,0,4.8854166666667,5.0,трансфер
52799944677,Отель Денарт,https://sutochno.ru/front/searchapp/hotels/52799,https://pumpons.github.io/sutochno-feeds/images/09f33775db09f126.png,Сочи,5400 RUB,4,4.8854166666667,5.0,ресторан;доставка в номер;круглосуточная стойка;лифт
1223272097587,Объект Нина,https://sutochno.ru/front/searchapp/hotels/122327,https://pumpons.github.io/sutochno-feeds/images/283ff21dc35a0ca5.png,Сочи,3500 RUB,0,4.8854166666667,5.0,трансфер
52799944521,Отель Денарт,https://sutochno.ru/front/searchapp/hotels/52799,https://pumpons.github.io/sutochno-feeds/images/81ad5aced42f68ba.png,Сочи,4900 RUB,4,4.8854166666667,5.0,ресторан;доставка в номер;круглосуточная стойка;лифт
551092284271,Отель Серенити Премиум,https://sutochno.ru/front/searchapp/hotels/55109,https://pumpons.github.io/sutochno-feeds/images/f0b4f8d26dfa7182.png,Сочи,3500 RUB,0,4.8841049382716,5.0,ресторан;бар;Спа;лифт;камера хранения
1529171983823,Отель Гарден Хиллс,https://sutochno.ru/front/searchapp/hotels/152917,https://pumpons.github.io/sutochno-feeds/images/01ca296210a447f6.png,Сочи,1300 RUB,3,4.8833632019116,5.0,круглосуточная стойка;Бассейн (открытый);лифт;бассейн с подогревом;конференц-зал;камера хранения;прачечная
1529171983843,Отель Гарден Хиллс,https://sutochno.ru/front/searchapp/hotels/152917,https://pumpons.github.io/sutochno-feeds/images/561a76d270f6d600.png,Сочи,2000 RUB,3,4.8833632019116,5.0,круглосуточная стойка;Бассейн (открытый);лифт;бассейн с подогревом;конференц-зал;камера хранения;прачечная
1529171983825,Отель Гарден Хиллс,https://sutochno.ru/front/searchapp/hotels/152917,https://pumpons.github.io/sutochno-feeds/images/5e8382b72217e7bf.png,Сочи,1600 RUB,3,4.8833632019116,5.0,круглосуточная стойка;Бассейн (открытый);лифт;бассейн с подогревом;конференц-зал;камера хранения;прачечная
1529171983845,Отель Гарден Хиллс,https://sutochno.ru/front/searchapp/hotels/152917,https://pumpons.github.io/sutochno-feeds/images/79add63588322cc8.png,Сочи,1900 RUB,3,4.8833632019116,5.0,круглосуточная стойка;Бассейн (открытый);лифт;бассейн с подогревом;конференц-зал;камера хранения;прачечная
1529171983831,Отель Гарден Хиллс,https://sutochno.ru/front/searchapp/hotels/152917,https://pumpons.github.io/sutochno-feeds/images/33eb7e7dfe6a21eb.png,Сочи,1800 RUB,3,4.8833632019116,5.0,круглосуточная стойка;Бассейн (открытый);лифт;бассейн с подогревом;конференц-зал;камера хранения;прачечная
1529171983816,Отель Гарден Хиллс,https://sutochno.ru/front/searchapp/hotels/152917,https://pumpons.github.io/sutochno-feeds/images/01ca296210a447f6.png,Сочи,1300 RUB,3,4.8833632019116,5.0,круглосуточная стойка;Бассейн (открытый);лифт;бассейн с подогревом;конференц-зал;камера хранения;прачечная
1529171983834,Отель Гарден Хиллс,https://sutochno.ru/front/searchapp/hotels/152917,https://pumpons.github.io/sutochno-feeds/images/e55427c82dda26fa.png,Сочи,1500 RUB,3,4.8833632019116,5.0,круглосуточная стойка;Бассейн (открытый);лифт;бассейн с подогревом;конференц-зал;камера хранения;прачечная
1529171983827,Отель Гарден Хиллс,https://sutochno.ru/front/searchapp/hotels/152917,https://pumpons.github.io/sutochno-feeds/images/e4e5280c670a376b.png,Сочи,1400 RUB,3,4.8833632019116,5.0,круглосуточная стойка;Бассейн (открытый);лифт;бассейн с подогревом;конференц-зал;камера хранения;прачечная
1699552236205,Гостевой дом Альпийский двор,https://sutochno.ru/front/searchapp/hotels/169955,https://pumpons.github.io/sutochno-feeds/images/4e37f9247d075633.png,Красная Поляна,3700 RUB,0,4.8833333333333,5.0,ресторан;круглосуточная стойка;Игровая площадка для детей;прачечная
1699552236190,Гостевой дом Альпийский двор,https://sutochno.ru/front/searchapp/hotels/169955,https://pumpons.github.io/sutochno-feeds/images/40398e9e83ba1f15.png,Красная Поляна,3300 RUB,0,4.8833333333333,5.0,ресторан;круглосуточная стойка;Игровая площадка для детей;прачечная
1699552236188,Гостевой дом Альпийский двор,https://sutochno.ru/front/searchapp/hotels/169955,https://pumpons.github.io/sutochno-feeds/images/3a9b7519c07d7480.png,Красная Поляна,3500 RUB,0,4.8833333333333,5.0,ресторан;круглосуточная стойка;Игровая площадка для детей;прачечная
920511248187,Гостевой дом Белая Резиденция,https://sutochno.ru/front/searchapp/hotels/92051,https://pumpons.github.io/sutochno-feeds/images/a4df8d5b5429e7a1.png,Сочи,6500 RUB,0,4.8828544061303,5.0,круглосуточная стойка;Фитнес/спортзал;Терраса;Бассейн (открытый)
920511253605,Гостевой дом Белая Резиденция,https://sutochno.ru/front/searchapp/hotels/92051,https://pumpons.github.io/sutochno-feeds/images/b5e28cfa9283ee74.png,Сочи,8000 RUB,0,4.8828544061303,5.0,круглосуточная стойка;Фитнес/спортзал;Терраса;Бассейн (открытый)
920511253547,Гостевой дом Белая Резиденция,https://sutochno.ru/front/searchapp/hotels/92051,https://pumpons.github.io/sutochno-feeds/images/b95bad456a17d0b0.png,Сочи,5000 RUB,0,4.8828544061303,5.0,круглосуточная стойка;Фитнес/спортзал;Терраса;Бассейн (открытый)
920511253509,Гостевой дом Белая Резиденция,https://sutochno.ru/front/searchapp/hotels/92051,https://pumpons.github.io/sutochno-feeds/images/df43518904524747.png,Сочи,5500 RUB,0,4.8828544061303,5.0,круглосуточная стойка;Фитнес/спортзал;Терраса;Бассейн (открытый)
1094831520515,Объект Sunsvet,https://sutochno.ru/front/searchapp/hotels/109483,https://pumpons.github.io/sutochno-feeds/images/e45d94b01110045d.png,Красная Поляна,2072 RUB,0,4.8818174670447,5.0,ресторан;бар;сауна;Терраса;Спа;банный чан;конференц-зал;камера хранения
1094831518148,Объект Sunsvet,https://sutochno.ru/front/searchapp/hotels/109483,https://pumpons.github.io/sutochno-feeds/images/75af07aae1899841.png,Красная Поляна,1725 RUB,0,4.8818174670447,5.0,ресторан;бар;сауна;Терраса;Спа;банный чан;конференц-зал;камера хранения
1094831520634,Объект Sunsvet,https://sutochno.ru/front/searchapp/hotels/109483,https://pumpons.github.io/sutochno-feeds/images/a44002bc24e4af9e.png,Красная Поляна,2450 RUB,0,4.8818174670447,5.0,ресторан;бар;сауна;Терраса;Спа;банный чан;конференц-зал;камера хранения
1094831520574,Объект Sunsvet,https://sutochno.ru/front/searchapp/hotels/109483,https://pumpons.github.io/sutochno-feeds/images/3c7af103d7253f2a.png,Красная Поляна,2538 RUB,0,4.8818174670447,5.0,ресторан;бар;сауна;Терраса;Спа;банный чан;конференц-зал;камера хранения
1094831520700,Объект Sunsvet,https://sutochno.ru/front/searchapp/hotels/109483,https://pumpons.github.io/sutochno-feeds/images/6d6ad551f81857b1.png,Красная Поляна,1250 RUB,0,4.8818174670447,5.0,ресторан;бар;сауна;Терраса;Спа;банный чан;конференц-зал;камера хранения
619772292001,Гостиница ДеАрт,https://sutochno.ru/front/searchapp/hotels/61977,https://pumpons.github.io/sutochno-feeds/images/d3e125bc3c949ce4.png,Сочи,850 RUB,0,4.8816137566138,5.0,
619771651556,Гостиница ДеАрт,https://sutochno.ru/front/searchapp/hotels/61977,https://pumpons.github.io/sutochno-feeds/images/aff279a2974471d1.png,Сочи,990 RUB,0,4.8816137566138,5.0,
619771010855,Гостиница ДеАрт,https://sutochno.ru/front/searchapp/hotels/61977,https://pumpons.github.io/sutochno-feeds/images/06ee493872b4e7e5.png,Сочи,2600 RUB,0,4.8816137566138,5.0,
619771010549,Гостиница ДеАрт,https://sutochno.ru/front/searchapp/hotels/61977,https://pumpons.github.io/sutochno-feeds/images/46ff9afad7fedbf5.png,Сочи,3500 RUB,0,4.8816137566138,5.0,
619772291981,Гостиница ДеАрт,https://sutochno.ru/front/searchapp/hotels/61977,https://pumpons.github.io/sutochno-feeds/images/6adcc4446d4da058.png,Сочи,890 RUB,0,4.8816137566138,5.0,
619771011687,Гостиница ДеАрт,https://sutochno.ru/front/searchapp/hotels/61977,https://pumpons.github.io/sutochno-feeds/images/d3e125bc3c949ce4.png,Сочи,850 RUB,0,4.8816137566138,5.0,
619771010983,Гостиница ДеАрт,https://sutochno.ru/front/searchapp/hotels/61977,https://pumpons.github.io/sutochno-feeds/images/d3e125bc3c949ce4.png,Сочи,850 RUB,0,4.8816137566138,5.0,
619772291991,Гостиница ДеАрт,https://sutochno.ru/front/searchapp/hotels/61977,https://pumpons.github.io/sutochno-feeds/images/64bb05015de72543.png,Сочи,790 RUB,0,4.8816137566138,5.0,
1052251398743,Гостевой дом Нэва,https://sutochno.ru/front/searchapp/hotels/105225,https://pumpons.github.io/sutochno-feeds/images/bd86f2813fae16be.png,Адлер,1800 RUB,0,4.8812208045486,5.0,круглосуточная стойка
1052251394379,Гостевой дом Нэва,https://sutochno.ru/front/searchapp/hotels/105225,https://pumpons.github.io/sutochno-feeds/images/f06d5036c286b6dd.png,Адлер,1500 RUB,0,4.8812208045486,5.0,круглосуточная стойка
1052251398805,Гостевой дом Нэва,https://sutochno.ru/front/searchapp/hotels/105225,https://pumpons.github.io/sutochno-feeds/images/a3b8e1351fedb80e.png,Адлер,2800 RUB,0,4.8812208045486,5.0,круглосуточная стойка
1052252246714,Гостевой дом Нэва,https://sutochno.ru/front/searchapp/hotels/105225,https://pumpons.github.io/sutochno-feeds/images/bd86f2813fae16be.png,Адлер,1800 RUB,0,4.8812208045486,5.0,круглосуточная стойка
1052251394395,Гостевой дом Нэва,https://sutochno.ru/front/searchapp/hotels/105225,https://pumpons.github.io/sutochno-feeds/images/0e835b7de89d97e4.png,Адлер,1300 RUB,0,4.8812208045486,5.0,круглосуточная стойка
1052251398761,Гостевой дом Нэва,https://sutochno.ru/front/searchapp/hotels/105225,https://pumpons.github.io/sutochno-feeds/images/69e99fd076c9d2ab.png,Адлер,2000 RUB,0,4.8812208045486,5.0,круглосуточная стойка
1052252246711,Гостевой дом Нэва,https://sutochno.ru/front/searchapp/hotels/105225,https://pumpons.github.io/sutochno-feeds/images/6488b22c344db261.png,Адлер,2300 RUB,0,4.8812208045486,5.0,круглосуточная стойка
59031987991,Гостевой дом Василеос,https://sutochno.ru/front/searchapp/hotels/59031,https://pumpons.github.io/sutochno-feeds/images/3a87741ea4d6a843.png,Адлер,2500 RUB,0,4.8777777777778,5.0,круглосуточная стойка
545012085309,Объект На Куйбышева,https://sutochno.ru/front/searchapp/hotels/54501,https://pumpons.github.io/sutochno-feeds/images/28e70973dd26c4f4.png,Сочи,2500 RUB,0,4.8767051548291,5.0,сад
54501953931,Объект На Куйбышева,https://sutochno.ru/front/searchapp/hotels/54501,https://pumpons.github.io/sutochno-feeds/images/28e70973dd26c4f4.png,Сочи,2500 RUB,0,4.8767051548291,5.0,сад
54501953939,Объект На Куйбышева,https://sutochno.ru/front/searchapp/hotels/54501,https://pumpons.github.io/sutochno-feeds/images/28e70973dd26c4f4.png,Сочи,2500 RUB,0,4.8767051548291,5.0,сад
54501990085,Объект На Куйбышева,https://sutochno.ru/front/searchapp/hotels/54501,https://pumpons.github.io/sutochno-feeds/images/28e70973dd26c4f4.png,Сочи,2500 RUB,0,4.8767051548291,5.0,сад
54501953883,Объект На Куйбышева,https://sutochno.ru/front/searchapp/hotels/54501,https://pumpons.github.io/sutochno-feeds/images/28e70973dd26c4f4.png,Сочи,2500 RUB,0,4.8767051548291,5.0,сад
54501953865,Объект На Куйбышева,https://sutochno.ru/front/searchapp/hotels/54501,https://pumpons.github.io/sutochno-feeds/images/ab5d3fff1a500349.png,Сочи,2000 RUB,0,4.8767051548291,5.0,сад
841011220321,Гостевой дом Ниагара А,https://sutochno.ru/front/searchapp/hotels/84101,https://pumpons.github.io/sutochno-feeds/images/19df2e83a248117a.png,Адлер,4000 RUB,0,4.8761104552014,5.0,
841011592177,Гостевой дом Ниагара А,https://sutochno.ru/front/searchapp/hotels/84101,https://pumpons.github.io/sutochno-feeds/images/21d1efa09b68083f.png,Адлер,1200 RUB,0,4.8761104552014,5.0,
841011177077,Гостевой дом Ниагара А,https://sutochno.ru/front/searchapp/hotels/84101,https://pumpons.github.io/sutochno-feeds/images/1245182f8a78ebb0.png,Адлер,1000 RUB,0,4.8761104552014,5.0,
841011178805,Гостевой дом Ниагара А,https://sutochno.ru/front/searchapp/hotels/84101,https://pumpons.github.io/sutochno-feeds/images/1245182f8a78ebb0.png,Адлер,1000 RUB,0,4.8761104552014,5.0,
841011177109,Гостевой дом Ниагара А,https://sutochno.ru/front/searchapp/hotels/84101,https://pumpons.github.io/sutochno-feeds/images/1245182f8a78ebb0.png,Адлер,1000 RUB,0,4.8761104552014,5.0,
841011218497,Гостевой дом Ниагара А,https://sutochno.ru/front/searchapp/hotels/84101,https://pumpons.github.io/sutochno-feeds/images/1d2da9e0fd733154.png,Адлер,2000 RUB,0,4.8761104552014,5.0,
841011507630,Гостевой дом Ниагара А,https://sutochno.ru/front/searchapp/hotels/84101,https://pumpons.github.io/sutochno-feeds/images/1245182f8a78ebb0.png,Адлер,1000 RUB,0,4.8761104552014,5.0,
1215831995883,Объект У Терезы,https://sutochno.ru/front/searchapp/hotels/121583,https://pumpons.github.io/sutochno-feeds/images/a6f5a2eacd02f073.png,Адлер,3000 RUB,0,4.8753968253968,5.0,трансфер
1215831566013,Объект У Терезы,https://sutochno.ru/front/searchapp/hotels/121583,https://pumpons.github.io/sutochno-feeds/images/3a11e9811deee2b8.png,Адлер,4000 RUB,0,4.8753968253968,5.0,трансфер
1215832000687,Объект У Терезы,https://sutochno.ru/front/searchapp/hotels/121583,https://pumpons.github.io/sutochno-feeds/images/68729180cb38d3eb.png,Адлер,3500 RUB,0,4.8753968253968,5.0,трансфер
1215831573778,Объект У Терезы,https://sutochno.ru/front/searchapp/hotels/121583,https://pumpons.github.io/sutochno-feeds/images/82b87a47866cd838.png,Адлер,5000 RUB,0,4.8753968253968,5.0,трансфер
1215831573793,Объект У Терезы,https://sutochno.ru/front/searchapp/hotels/121583,https://pumpons.github.io/sutochno-feeds/images/3a11e9811deee2b8.png,Адлер,4000 RUB,0,4.8753968253968,5.0,трансфер
1357581756681,Апартаменты Dolce Vita,https://sutochno.ru/front/searchapp/hotels/135758,https://pumpons.github.io/sutochno-feeds/images/9b9d4d7bab62a9d5.png,Сочи,2600 RUB,0,4.875,5.0,сад;Бассейн (открытый);Игровая площадка для детей;прачечная
1357581756700,Апартаменты Dolce Vita,https://sutochno.ru/front/searchapp/hotels/135758,https://pumpons.github.io/sutochno-feeds/images/9b9d4d7bab62a9d5.png,Сочи,2600 RUB,0,4.875,5.0,сад;Бассейн (открытый);Игровая площадка для детей;прачечная
1593552109994,Объект Валентина,https://sutochno.ru/front/searchapp/hotels/159355,https://pumpons.github.io/sutochno-feeds/images/b1694ed38fb98140.png,Сочи,2000 RUB,0,4.875,5.0,трансфер
1357581756720,Апартаменты Dolce Vita,https://sutochno.ru/front/searchapp/hotels/135758,https://pumpons.github.io/sutochno-feeds/images/9b2ba79a435c9d10.png,Сочи,6900 RUB,0,4.875,5.0,сад;Бассейн (открытый);Игровая площадка для детей;прачечная
1593552070171,Объект Валентина,https://sutochno.ru/front/searchapp/hotels/159355,https://pumpons.github.io/sutochno-feeds/images/b1694ed38fb98140.png,Сочи,2000 RUB,0,4.875,5.0,трансфер
1593552069310,Объект Валентина,https://sutochno.ru/front/searchapp/hotels/159355,https://pumpons.github.io/sutochno-feeds/images/dc6e1ff839242bc7.png,Сочи,1700 RUB,0,4.875,5.0,трансфер
722231096139,Гостевой дом Амбассадор  Лазаревское,https://sutochno.ru/front/searchapp/hotels/72223,https://pumpons.github.io/sutochno-feeds/images/4b05da7acf03f5ac.png,Сочи,3200 RUB,0,4.8748842592593,5.0,трансфер;доставка в номер;круглосуточная стойка;сад;Бассейн (открытый);Игровая площадка для детей;банный чан;бассейн с подогревом;прачечная;заказ экскурсий
722231121099,Гостевой дом Амбассадор  Лазаревское,https://sutochno.ru/front/searchapp/hotels/72223,https://pumpons.github.io/sutochno-feeds/images/46e5ec49da711677.png,Сочи,2500 RUB,0,4.8748842592593,5.0,трансфер;доставка в номер;круглосуточная стойка;сад;Бассейн (открытый);Игровая площадка для детей;банный чан;бассейн с подогревом;прачечная;заказ экскурсий
722231120765,Гостевой дом Амбассадор  Лазаревское,https://sutochno.ru/front/searchapp/hotels/72223,https://pumpons.github.io/sutochno-feeds/images/1f8e89cc9fd741a3.png,Сочи,1600 RUB,0,4.8748842592593,5.0,трансфер;доставка в номер;круглосуточная стойка;сад;Бассейн (открытый);Игровая площадка для детей;банный чан;бассейн с подогревом;прачечная;заказ экскурсий
722231459789,Гостевой дом Амбассадор  Лазаревское,https://sutochno.ru/front/searchapp/hotels/72223,https://pumpons.github.io/sutochno-feeds/images/1f8e89cc9fd741a3.png,Сочи,1600 RUB,0,4.8748842592593,5.0,трансфер;доставка в номер;круглосуточная стойка;сад;Бассейн (открытый);Игровая площадка для детей;банный чан;бассейн с подогревом;прачечная;заказ экскурсий
722231123239,Гостевой дом Амбассадор  Лазаревское,https://sutochno.ru/front/searchapp/hotels/72223,https://pumpons.github.io/sutochno-feeds/images/f183947a396e87b3.png,Сочи,3700 RUB,0,4.8748842592593,5.0,трансфер;доставка в номер;круглосуточная стойка;сад;Бассейн (открытый);Игровая площадка для детей;банный чан;бассейн с подогревом;прачечная;заказ экскурсий
722231123245,Гостевой дом Амбассадор  Лазаревское,https://sutochno.ru/front/searchapp/hotels/72223,https://pumpons.github.io/sutochno-feeds/images/98e8b590ce489d61.png,Сочи,4000 RUB,0,4.8748842592593,5.0,трансфер;доставка в номер;круглосуточная стойка;сад;Бассейн (открытый);Игровая площадка для детей;банный чан;бассейн с подогревом;прачечная;заказ экскурсий
722231123253,Гостевой дом Амбассадор  Лазаревское,https://sutochno.ru/front/searchapp/hotels/72223,https://pumpons.github.io/sutochno-feeds/images/3d960e1feb7f1414.png,Сочи,2100 RUB,0,4.8748842592593,5.0,трансфер;доставка в номер;круглосуточная стойка;сад;Бассейн (открытый);Игровая площадка для детей;банный чан;бассейн с подогревом;прачечная;заказ экскурсий
1630142106701,Гостиница El Mar,https://sutochno.ru/front/searchapp/hotels/163014,https://pumpons.github.io/sutochno-feeds/images/37b8697c4f8c4aef.png,Сочи,1000 RUB,0,4.8744444444444,5.0,бар;круглосуточная стойка
1473892282980,Апартаменты На Ленина,https://sutochno.ru/front/searchapp/hotels/147389,https://pumpons.github.io/sutochno-feeds/images/475ce42b2a07cf0f.png,Адлер,4375 RUB,0,4.8743055555556,5.0,ресторан;доставка в номер;Фитнес/спортзал;Бассейн (открытый);Игровая площадка для детей;лифт;детский бассейн;бассейн с подогревом;конференц-зал;прачечная
1473892294904,Апартаменты На Ленина,https://sutochno.ru/front/searchapp/hotels/147389,https://pumpons.github.io/sutochno-feeds/images/ff358957d8eb1a71.png,Адлер,5000 RUB,0,4.8743055555556,5.0,ресторан;доставка в номер;Фитнес/спортзал;Бассейн (открытый);Игровая площадка для детей;лифт;детский бассейн;бассейн с подогревом;конференц-зал;прачечная
1473892294875,Апартаменты На Ленина,https://sutochno.ru/front/searchapp/hotels/147389,https://pumpons.github.io/sutochno-feeds/images/475ce42b2a07cf0f.png,Адлер,4375 RUB,0,4.8743055555556,5.0,ресторан;доставка в номер;Фитнес/спортзал;Бассейн (открытый);Игровая площадка для детей;лифт;детский бассейн;бассейн с подогревом;конференц-зал;прачечная
1473891779207,Апартаменты На Ленина,https://sutochno.ru/front/searchapp/hotels/147389,https://pumpons.github.io/sutochno-feeds/images/475ce42b2a07cf0f.png,Адлер,4375 RUB,0,4.8743055555556,5.0,ресторан;доставка в номер;Фитнес/спортзал;Бассейн (открытый);Игровая площадка для детей;лифт;детский бассейн;бассейн с подогревом;конференц-зал;прачечная
1473892133183,Апартаменты На Ленина,https://sutochno.ru/front/searchapp/hotels/147389,https://pumpons.github.io/sutochno-feeds/images/475ce42b2a07cf0f.png,Адлер,4375 RUB,0,4.8743055555556,5.0,ресторан;доставка в номер;Фитнес/спортзал;Бассейн (открытый);Игровая площадка для детей;лифт;детский бассейн;бассейн с подогревом;конференц-зал;прачечная
1473892025563,Апартаменты На Ленина,https://sutochno.ru/front/searchapp/hotels/147389,https://pumpons.github.io/sutochno-feeds/images/81a78dc066487670.png,Адлер,4500 RUB,0,4.8743055555556,5.0,ресторан;доставка в номер;Фитнес/спортзал;Бассейн (открытый);Игровая площадка для детей;лифт;детский бассейн;бассейн с подогревом;конференц-зал;прачечная
607891000741,Мини-гостиница Максим Горький,https://sutochno.ru/front/searchapp/hotels/60789,https://pumpons.github.io/sutochno-feeds/images/ffe58a76c14217b4.png,Сочи,2000 RUB,0,4.8720589242374,5.0,камера хранения
607891309491,Мини-гостиница Максим Горький,https://sutochno.ru/front/searchapp/hotels/60789,https://pumpons.github.io/sutochno-feeds/images/9c24706a725bf722.png,Сочи,1800 RUB,0,4.8720589242374,5.0,камера хранения
607891308985,Мини-гостиница Максим Горький,https://sutochno.ru/front/searchapp/hotels/60789,https://pumpons.github.io/sutochno-feeds/images/5d4857f355a81ceb.png,Сочи,2300 RUB,0,4.8720589242374,5.0,камера хранения
607891308991,Мини-гостиница Максим Горький,https://sutochno.ru/front/searchapp/hotels/60789,https://pumpons.github.io/sutochno-feeds/images/9c24706a725bf722.png,Сочи,1800 RUB,0,4.8720589242374,5.0,камера хранения
607891309503,Мини-гостиница Максим Горький,https://sutochno.ru/front/searchapp/hotels/60789,https://pumpons.github.io/sutochno-feeds/images/9c24706a725bf722.png,Сочи,1800 RUB,0,4.8720589242374,5.0,камера хранения
536091727429,Гостевой дом Амалия,https://sutochno.ru/front/searchapp/hotels/53609,https://pumpons.github.io/sutochno-feeds/images/19bd68c09a1b323d.png,Адлер,4000 RUB,0,4.8717803030303,5.0,
53609946211,Гостевой дом Амалия,https://sutochno.ru/front/searchapp/hotels/53609,https://pumpons.github.io/sutochno-feeds/images/7dcc7ffabf6dea02.png,Адлер,6000 RUB,0,4.8717803030303,5.0,
55459988113,Объект Бутик отель Орхидея,https://sutochno.ru/front/searchapp/hotels/55459,https://pumpons.github.io/sutochno-feeds/images/ea910dd586220dbb.png,Адлер,4200 RUB,0,4.870928030303,5.0,бар;круглосуточная стойка;сауна;Терраса;Бассейн (открытый);бассейн с подогревом
55459988091,Объект Бутик отель Орхидея,https://sutochno.ru/front/searchapp/hotels/55459,https://pumpons.github.io/sutochno-feeds/images/c024214235b4f798.png,Адлер,4900 RUB,0,4.870928030303,5.0,бар;круглосуточная стойка;сауна;Терраса;Бассейн (открытый);бассейн с подогревом
55459988145,Объект Бутик отель Орхидея,https://sutochno.ru/front/searchapp/hotels/55459,https://pumpons.github.io/sutochno-feeds/images/4ace6a11043e8975.png,Адлер,7000 RUB,0,4.870928030303,5.0,бар;круглосуточная стойка;сауна;Терраса;Бассейн (открытый);бассейн с подогревом
55459960987,Объект Бутик отель Орхидея,https://sutochno.ru/front/searchapp/hotels/55459,https://pumpons.github.io/sutochno-feeds/images/f0a97b8ae20ecde5.png,Адлер,3500 RUB,0,4.870928030303,5.0,бар;круглосуточная стойка;сауна;Терраса;Бассейн (открытый);бассейн с подогревом
1560782026688,Объект Софит,https://sutochno.ru/front/searchapp/hotels/156078,https://pumpons.github.io/sutochno-feeds/images/9e8562ecd310b5ee.png,Адлер,5000 RUB,0,4.8703703703704,5.0,
1560782026660,Объект Софит,https://sutochno.ru/front/searchapp/hotels/156078,https://pumpons.github.io/sutochno-feeds/images/9e8562ecd310b5ee.png,Адлер,5000 RUB,0,4.8703703703704,5.0,
1016491347221,Гостевой дом Гранд Аеро,https://sutochno.ru/front/searchapp/hotels/101649,https://pumpons.github.io/sutochno-feeds/images/805002ab35a1fee0.png,Сочи,2448 RUB,0,4.8696390588578,5.0,круглосуточная стойка
1016491346659,Гостевой дом Гранд Аеро,https://sutochno.ru/front/searchapp/hotels/101649,https://pumpons.github.io/sutochno-feeds/images/805002ab35a1fee0.png,Сочи,2448 RUB,0,4.8696390588578,5.0,круглосуточная стойка
1016491347229,Гостевой дом Гранд Аеро,https://sutochno.ru/front/searchapp/hotels/101649,https://pumpons.github.io/sutochno-feeds/images/28bc95cebd136c55.png,Сочи,2592 RUB,0,4.8696390588578,5.0,круглосуточная стойка
1016491347233,Гостевой дом Гранд Аеро,https://sutochno.ru/front/searchapp/hotels/101649,https://pumpons.github.io/sutochno-feeds/images/55bcb259f0aabe41.png,Сочи,3195 RUB,0,4.8696390588578,5.0,круглосуточная стойка
1454391866369,Гостевой дом Утомленные солнцем,https://sutochno.ru/front/searchapp/hotels/145439,https://pumpons.github.io/sutochno-feeds/images/fa9a27449ebd3d12.png,Красная Поляна,2900 RUB,0,4.8695436507936,5.0,круглосуточная стойка;прачечная
1454391866355,Гостевой дом Утомленные солнцем,https://sutochno.ru/front/searchapp/hotels/145439,https://pumpons.github.io/sutochno-feeds/images/4485d8d92d1b4974.png,Красная Поляна,2200 RUB,0,4.8695436507936,5.0,круглосуточная стойка;прачечная
1344491740211,Апартаменты Один,https://sutochno.ru/front/searchapp/hotels/134449,https://pumpons.github.io/sutochno-feeds/images/330c2a9cfb6edd16.png,Сочи,3000 RUB,0,4.8695054945055,5.0,лифт
1344491989731,Апартаменты Один,https://sutochno.ru/front/searchapp/hotels/134449,https://pumpons.github.io/sutochno-feeds/images/a5b98d8e2343a7b7.png,Сочи,3500 RUB,0,4.8695054945055,5.0,лифт
1509301963619,Объект У дяди Володи,https://sutochno.ru/front/searchapp/hotels/150930,https://pumpons.github.io/sutochno-feeds/images/7b72967c856dc65e.png,Адлер,1800 RUB,0,4.8680555555555,5.0,трансфер
1509301963630,Объект У дяди Володи,https://sutochno.ru/front/searchapp/hotels/150930,https://pumpons.github.io/sutochno-feeds/images/7b72967c856dc65e.png,Адлер,1800 RUB,0,4.8680555555555,5.0,трансфер
1484301912803,Объект Сюзанна,https://sutochno.ru/front/searchapp/hotels/148430,https://pumpons.github.io/sutochno-feeds/images/bd8d69b557899bde.png,Сочи,2200 RUB,0,4.8676470588235,5.0,круглосуточная стойка
1484302015067,Объект Сюзанна,https://sutochno.ru/front/searchapp/hotels/148430,https://pumpons.github.io/sutochno-feeds/images/8fc021311e34a07d.png,Сочи,2000 RUB,0,4.8676470588235,5.0,круглосуточная стойка
1484301912815,Объект Сюзанна,https://sutochno.ru/front/searchapp/hotels/148430,https://pumpons.github.io/sutochno-feeds/images/612e70f54a876757.png,Сочи,1611 RUB,0,4.8676470588235,5.0,круглосуточная стойка
1484301912816,Объект Сюзанна,https://sutochno.ru/front/searchapp/hotels/148430,https://pumpons.github.io/sutochno-feeds/images/18753f318e060642.png,Сочи,1800 RUB,0,4.8676470588235,5.0,круглосуточная стойка
49215906291,Отель Сочи Галерея Парк,https://sutochno.ru/front/searchapp/hotels/49215,https://pumpons.github.io/sutochno-feeds/images/9cfc815411347e39.png,Сочи,1990 RUB,3,4.8673138028626,5.0,трансфер;круглосуточная стойка
49215906101,Отель Сочи Галерея Парк,https://sutochno.ru/front/searchapp/hotels/49215,https://pumpons.github.io/sutochno-feeds/images/1dc510e8fdf51816.png,Сочи,1800 RUB,3,4.8673138028626,5.0,трансфер;круглосуточная стойка
1291201679390,Объект Дом у моря,https://sutochno.ru/front/searchapp/hotels/129120,https://pumpons.github.io/sutochno-feeds/images/b93639b0363ebba4.png,Адлер,2400 RUB,0,4.8661375661376,5.0,трансфер
1291201679377,Объект Дом у моря,https://sutochno.ru/front/searchapp/hotels/129120,https://pumpons.github.io/sutochno-feeds/images/d9376afaa3ac5bac.png,Адлер,1800 RUB,0,4.8661375661376,5.0,трансфер
1291201679403,Объект Дом у моря,https://sutochno.ru/front/searchapp/hotels/129120,https://pumpons.github.io/sutochno-feeds/images/a22697c51e5a7638.png,Адлер,2900 RUB,0,4.8661375661376,5.0,трансфер
47107876971,Объект Аледо,https://sutochno.ru/front/searchapp/hotels/47107,https://pumpons.github.io/sutochno-feeds/images/0c412cbf056ce01e.png,Сочи,3000 RUB,0,4.8659259259259,5.0,трансфер;круглосуточная стойка
47107884349,Объект Аледо,https://sutochno.ru/front/searchapp/hotels/47107,https://pumpons.github.io/sutochno-feeds/images/81cb8d9acfd968f8.png,Сочи,3960 RUB,0,4.8659259259259,5.0,трансфер;круглосуточная стойка
47107886011,Объект Аледо,https://sutochno.ru/front/searchapp/hotels/47107,https://pumpons.github.io/sutochno-feeds/images/0c412cbf056ce01e.png,Сочи,3000 RUB,0,4.8659259259259,5.0,трансфер;круглосуточная стойка
1303231691896,Гостевой дом Пальма,https://sutochno.ru/front/searchapp/hotels/130323,https://pumpons.github.io/sutochno-feeds/images/c72c593d44330e17.png,Адлер,1200 RUB,0,4.8657936507937,5.0,круглосуточная стойка;Терраса
1303231691947,Гостевой дом Пальма,https://sutochno.ru/front/searchapp/hotels/130323,https://pumpons.github.io/sutochno-feeds/images/d14300a848fe0a37.png,Адлер,1600 RUB,0,4.8657936507937,5.0,круглосуточная стойка;Терраса
1303231691865,Гостевой дом Пальма,https://sutochno.ru/front/searchapp/hotels/130323,https://pumpons.github.io/sutochno-feeds/images/c72c593d44330e17.png,Адлер,1200 RUB,0,4.8657936507937,5.0,круглосуточная стойка;Терраса
1137371314673,Объект Горный Хрусталь,https://sutochno.ru/front/searchapp/hotels/113737,https://pumpons.github.io/sutochno-feeds/images/c8fb046b181bd850.png,Красная Поляна,4200 RUB,0,4.8657407407407,5.0,трансфер;ресторан;доставка в номер;сауна;Терраса;Бассейн (крытый);Игровая площадка для детей;бассейн с подогревом;прачечная
983051310081,Хостел Хостел Станция - Station,https://sutochno.ru/front/searchapp/hotels/98305,https://pumpons.github.io/sutochno-feeds/images/94405fc989982d84.png,Адлер,900 RUB,0,4.8656737405432,5.0,круглосуточная стойка
983051309437,Хостел Хостел Станция - Station,https://sutochno.ru/front/searchapp/hotels/98305,https://pumpons.github.io/sutochno-feeds/images/d35ade6ab5f3260c.png,Адлер,1800 RUB,0,4.8656737405432,5.0,круглосуточная стойка
983051313139,Хостел Хостел Станция - Station,https://sutochno.ru/front/searchapp/hotels/98305,https://pumpons.github.io/sutochno-feeds/images/94405fc989982d84.png,Адлер,900 RUB,0,4.8656737405432,5.0,круглосуточная стойка
983051309353,Хостел Хостел Станция - Station,https://sutochno.ru/front/searchapp/hotels/98305,https://pumpons.github.io/sutochno-feeds/images/e3d1dfb95b35e7f3.png,Адлер,2200 RUB,0,4.8656737405432,5.0,круглосуточная стойка
608432185968,Гостиница Shine House,https://sutochno.ru/front/searchapp/hotels/60843,https://pumpons.github.io/sutochno-feeds/images/83cada0cb9f157b8.png,Адлер,6800 RUB,0,4.8650793650794,5.0,ресторан;доставка в номер;бар;круглосуточная стойка;сауна;Бассейн (открытый);лифт
608431001469,Гостиница Shine House,https://sutochno.ru/front/searchapp/hotels/60843,https://pumpons.github.io/sutochno-feeds/images/df899ccde2c307ad.png,Адлер,9000 RUB,0,4.8650793650794,5.0,ресторан;доставка в номер;бар;круглосуточная стойка;сауна;Бассейн (открытый);лифт
608431001249,Гостиница Shine House,https://sutochno.ru/front/searchapp/hotels/60843,https://pumpons.github.io/sutochno-feeds/images/fafae862e30a9573.png,Адлер,6000 RUB,0,4.8650793650794,5.0,ресторан;доставка в номер;бар;круглосуточная стойка;сауна;Бассейн (открытый);лифт
51745932269,Объект Южный ветерок,https://sutochno.ru/front/searchapp/hotels/51745,https://pumpons.github.io/sutochno-feeds/images/12dd52e1aad6efa1.png,Адлер,1800 RUB,0,4.8645833333333,5.0,трансфер;круглосуточная стойка;Бассейн (открытый)
51745932539,Объект Южный ветерок,https://sutochno.ru/front/searchapp/hotels/51745,https://pumpons.github.io/sutochno-feeds/images/afbba2edc52dc625.png,Адлер,2000 RUB,0,4.8645833333333,5.0,трансфер;круглосуточная стойка;Бассейн (открытый)
51745931817,Объект Южный ветерок,https://sutochno.ru/front/searchapp/hotels/51745,https://pumpons.github.io/sutochno-feeds/images/6397ad9800c06976.png,Адлер,1200 RUB,0,4.8645833333333,5.0,трансфер;круглосуточная стойка;Бассейн (открытый)
53833947939,Мини-гостиница Namaste,https://sutochno.ru/front/searchapp/hotels/53833,https://pumpons.github.io/sutochno-feeds/images/7e34ed0dc06a343a.png,Красная Поляна,2000 RUB,3,4.8644099976398,5.0,
53833948573,Мини-гостиница Namaste,https://sutochno.ru/front/searchapp/hotels/53833,https://pumpons.github.io/sutochno-feeds/images/7e34ed0dc06a343a.png,Красная Поляна,2000 RUB,3,4.8644099976398,5.0,
53833948025,Мини-гостиница Namaste,https://sutochno.ru/front/searchapp/hotels/53833,https://pumpons.github.io/sutochno-feeds/images/57ae9737a4a102a8.png,Красная Поляна,2500 RUB,3,4.8644099976398,5.0,
53833948633,Мини-гостиница Namaste,https://sutochno.ru/front/searchapp/hotels/53833,https://pumpons.github.io/sutochno-feeds/images/57ae9737a4a102a8.png,Красная Поляна,2500 RUB,3,4.8644099976398,5.0,
695511071581,Объект На Виноградной,https://sutochno.ru/front/searchapp/hotels/69551,https://pumpons.github.io/sutochno-feeds/images/f00d78acd02c5f1e.png,Сочи,4600 RUB,0,4.8638888888889,5.0,
695511066291,Объект На Виноградной,https://sutochno.ru/front/searchapp/hotels/69551,https://pumpons.github.io/sutochno-feeds/images/0d6b601c60e058ce.png,Сочи,3400 RUB,0,4.8638888888889,5.0,
695511071243,Объект На Виноградной,https://sutochno.ru/front/searchapp/hotels/69551,https://pumpons.github.io/sutochno-feeds/images/4b80969a1fdd04dc.png,Сочи,4800 RUB,0,4.8638888888889,5.0,
695511071999,Объект На Виноградной,https://sutochno.ru/front/searchapp/hotels/69551,https://pumpons.github.io/sutochno-feeds/images/1fa4c5a1b01abdb9.png,Сочи,4100 RUB,0,4.8638888888889,5.0,
695511066445,Объект На Виноградной,https://sutochno.ru/front/searchapp/hotels/69551,https://pumpons.github.io/sutochno-feeds/images/4b80969a1fdd04dc.png,Сочи,4800 RUB,0,4.8638888888889,5.0,
695511066443,Объект На Виноградной,https://sutochno.ru/front/searchapp/hotels/69551,https://pumpons.github.io/sutochno-feeds/images/c26adfd7f8ebcd84.png,Сочи,4200 RUB,0,4.8638888888889,5.0,
1701911120995,Объект Алые Паруса,https://sutochno.ru/front/searchapp/hotels/170191,https://pumpons.github.io/sutochno-feeds/images/c1b702b33029d236.png,Адлер,2812 RUB,0,4.8637183235867,5.0,круглосуточная стойка
1701912206707,Объект Алые Паруса,https://sutochno.ru/front/searchapp/hotels/170191,https://pumpons.github.io/sutochno-feeds/images/0a4c57a9d0568b6c.png,Адлер,4375 RUB,0,4.8637183235867,5.0,круглосуточная стойка
1701912206192,Объект Алые Паруса,https://sutochno.ru/front/searchapp/hotels/170191,https://pumpons.github.io/sutochno-feeds/images/bd36028709bb36fc.png,Адлер,2125 RUB,0,4.8637183235867,5.0,круглосуточная стойка
1701912206751,Объект Алые Паруса,https://sutochno.ru/front/searchapp/hotels/170191,https://pumpons.github.io/sutochno-feeds/images/3c40f62c9396bc60.png,Адлер,8375 RUB,0,4.8637183235867,5.0,круглосуточная стойка
55101963165,Гостевой дом Флорика,https://sutochno.ru/front/searchapp/hotels/55101,https://pumpons.github.io/sutochno-feeds/images/ff7761566c6befa9.png,Адлер,2300 RUB,0,4.8635699177366,5.0,сад
55101957713,Гостевой дом Флорика,https://sutochno.ru/front/searchapp/hotels/55101,https://pumpons.github.io/sutochno-feeds/images/f5b98f653378661c.png,Адлер,1700 RUB,0,4.8635699177366,5.0,сад
55101957815,Гостевой дом Флорика,https://sutochno.ru/front/searchapp/hotels/55101,https://pumpons.github.io/sutochno-feeds/images/f5b98f653378661c.png,Адлер,1700 RUB,0,4.8635699177366,5.0,сад
551011860674,Гостевой дом Флорика,https://sutochno.ru/front/searchapp/hotels/55101,https://pumpons.github.io/sutochno-feeds/images/6293814de5ea21e8.png,Адлер,2700 RUB,0,4.8635699177366,5.0,сад
55101963241,Гостевой дом Флорика,https://sutochno.ru/front/searchapp/hotels/55101,https://pumpons.github.io/sutochno-feeds/images/e78505b79806aecf.png,Адлер,1600 RUB,0,4.8635699177366,5.0,сад
55101964843,Гостевой дом Флорика,https://sutochno.ru/front/searchapp/hotels/55101,https://pumpons.github.io/sutochno-feeds/images/9a7e280912dca83c.png,Адлер,2400 RUB,0,4.8635699177366,5.0,сад
55417913847,Апартаменты Gold Wings,https://sutochno.ru/front/searchapp/hotels/55417,https://pumpons.github.io/sutochno-feeds/images/4a56412fc205f069.png,Сочи,6200 RUB,0,4.8634259259259,5.0,трансфер;доставка в номер;лифт
1461801405811,Объект Мира 31А,https://sutochno.ru/front/searchapp/hotels/146180,https://pumpons.github.io/sutochno-feeds/images/f2fafd1dc70810e9.png,Сочи,2500 RUB,0,4.8627450980392,5.0,сад;Терраса;Игровая площадка для детей;камера хранения;прачечная
1461801877075,Объект Мира 31А,https://sutochno.ru/front/searchapp/hotels/146180,https://pumpons.github.io/sutochno-feeds/images/25cd03eb0c4df594.png,Сочи,2200 RUB,0,4.8627450980392,5.0,сад;Терраса;Игровая площадка для детей;камера хранения;прачечная
1330001894556,Гостевой дом Гостишка,https://sutochno.ru/front/searchapp/hotels/133000,https://pumpons.github.io/sutochno-feeds/images/7d869d19b78073e6.png,Сочи,960 RUB,0,4.8625992063492,5.0,трансфер
1330001894580,Гостевой дом Гостишка,https://sutochno.ru/front/searchapp/hotels/133000,https://pumpons.github.io/sutochno-feeds/images/839f75baa9c93206.png,Сочи,1800 RUB,0,4.8625992063492,5.0,трансфер
1330001894594,Гостевой дом Гостишка,https://sutochno.ru/front/searchapp/hotels/133000,https://pumpons.github.io/sutochno-feeds/images/839f75baa9c93206.png,Сочи,1800 RUB,0,4.8625992063492,5.0,трансфер
1330001894566,Гостевой дом Гостишка,https://sutochno.ru/front/searchapp/hotels/133000,https://pumpons.github.io/sutochno-feeds/images/423dbe3629e5c941.png,Сочи,1200 RUB,0,4.8625992063492,5.0,трансфер
1330001894591,Гостевой дом Гостишка,https://sutochno.ru/front/searchapp/hotels/133000,https://pumpons.github.io/sutochno-feeds/images/03c2cb6361a17486.png,Сочи,1260 RUB,0,4.8625992063492,5.0,трансфер
1330001899457,Гостевой дом Гостишка,https://sutochno.ru/front/searchapp/hotels/133000,https://pumpons.github.io/sutochno-feeds/images/45c2a9fe64820d55.png,Сочи,2160 RUB,0,4.8625992063492,5.0,трансфер
1366001766419,Объект Лилия,https://sutochno.ru/front/searchapp/hotels/136600,https://pumpons.github.io/sutochno-feeds/images/1e6efb5c2643c88b.png,Сочи,2100 RUB,0,4.862037037037,5.0,трансфер;сад;Терраса
1366001766453,Объект Лилия,https://sutochno.ru/front/searchapp/hotels/136600,https://pumpons.github.io/sutochno-feeds/images/ebd64ec1aeded044.png,Сочи,2500 RUB,0,4.862037037037,5.0,трансфер;сад;Терраса
1366001766439,Объект Лилия,https://sutochno.ru/front/searchapp/hotels/136600,https://pumpons.github.io/sutochno-feeds/images/3b863ce526d8c3bb.png,Сочи,1800 RUB,0,4.862037037037,5.0,трансфер;сад;Терраса
54527954627,Апартаменты Happy Time in Sochi,https://sutochno.ru/front/searchapp/hotels/54527,https://pumpons.github.io/sutochno-feeds/images/c1dc8ba047de6fd1.png,Сочи,3500 RUB,0,4.8619588744589,5.0,трансфер
54527954413,Апартаменты Happy Time in Sochi,https://sutochno.ru/front/searchapp/hotels/54527,https://pumpons.github.io/sutochno-feeds/images/d93475d38337020c.png,Сочи,4500 RUB,0,4.8619588744589,5.0,трансфер
54527954481,Апартаменты Happy Time in Sochi,https://sutochno.ru/front/searchapp/hotels/54527,https://pumpons.github.io/sutochno-feeds/images/4db54a5755c9c9b0.png,Сочи,2800 RUB,0,4.8619588744589,5.0,трансфер
54527955279,Апартаменты Happy Time in Sochi,https://sutochno.ru/front/searchapp/hotels/54527,https://pumpons.github.io/sutochno-feeds/images/be07b7e8fa862642.png,Сочи,3100 RUB,0,4.8619588744589,5.0,трансфер
39661823185,Объект Альбатрос,https://sutochno.ru/front/searchapp/hotels/39661,https://pumpons.github.io/sutochno-feeds/images/5b8a0006bb461dc6.png,Сочи,2000 RUB,0,4.8615555555555,5.0,
39661823183,Объект Альбатрос,https://sutochno.ru/front/searchapp/hotels/39661,https://pumpons.github.io/sutochno-feeds/images/5b8a0006bb461dc6.png,Сочи,2000 RUB,0,4.8615555555555,5.0,
39661823067,Объект Альбатрос,https://sutochno.ru/front/searchapp/hotels/39661,https://pumpons.github.io/sutochno-feeds/images/5b8a0006bb461dc6.png,Сочи,2000 RUB,0,4.8615555555555,5.0,
1306531695458,Гостевой дом Эдем,https://sutochno.ru/front/searchapp/hotels/130653,https://pumpons.github.io/sutochno-feeds/images/a837fa3f02af0b8f.png,Сочи,2530 RUB,0,4.8615476190476,5.0,круглосуточная стойка;Терраса;лифт
1306531695625,Гостевой дом Эдем,https://sutochno.ru/front/searchapp/hotels/130653,https://pumpons.github.io/sutochno-feeds/images/fbd3fb81321aba96.png,Сочи,5175 RUB,0,4.8615476190476,5.0,круглосуточная стойка;Терраса;лифт
1306531695612,Гостевой дом Эдем,https://sutochno.ru/front/searchapp/hotels/130653,https://pumpons.github.io/sutochno-feeds/images/8690116ef6ebc71d.png,Сочи,3450 RUB,0,4.8615476190476,5.0,круглосуточная стойка;Терраса;лифт
1306531695468,Гостевой дом Эдем,https://sutochno.ru/front/searchapp/hotels/130653,https://pumpons.github.io/sutochno-feeds/images/6afb513d6c8ff25f.png,Сочи,3105 RUB,0,4.8615476190476,5.0,круглосуточная стойка;Терраса;лифт
1306531695621,Гостевой дом Эдем,https://sutochno.ru/front/searchapp/hotels/130653,https://pumpons.github.io/sutochno-feeds/images/8484d5392295f407.png,Сочи,4025 RUB,0,4.8615476190476,5.0,круглосуточная стойка;Терраса;лифт
1306531695617,Гостевой дом Эдем,https://sutochno.ru/front/searchapp/hotels/130653,https://pumpons.github.io/sutochno-feeds/images/07a847aae3af7b61.png,Сочи,4600 RUB,0,4.8615476190476,5.0,круглосуточная стойка;Терраса;лифт
726431804945,Гостевой дом Тукан,https://sutochno.ru/front/searchapp/hotels/72643,https://pumpons.github.io/sutochno-feeds/images/72bca9ae4fbbc55d.png,Красная Поляна,2300 RUB,0,4.8611676821505,5.0,сауна;Бассейн (крытый)
726431804615,Гостевой дом Тукан,https://sutochno.ru/front/searchapp/hotels/72643,https://pumpons.github.io/sutochno-feeds/images/6645ef19c1cf493e.png,Красная Поляна,1800 RUB,0,4.8611676821505,5.0,сауна;Бассейн (крытый)
726431807146,Гостевой дом Тукан,https://sutochno.ru/front/searchapp/hotels/72643,https://pumpons.github.io/sutochno-feeds/images/a18dbf668e93d470.png,Красная Поляна,2700 RUB,0,4.8611676821505,5.0,сауна;Бассейн (крытый)
726431092449,Гостевой дом Тукан,https://sutochno.ru/front/searchapp/hotels/72643,https://pumpons.github.io/sutochno-feeds/images/502b61111585060e.png,Красная Поляна,3000 RUB,0,4.8611676821505,5.0,сауна;Бассейн (крытый)
1404481831102,Объект У Елены,https://sutochno.ru/front/searchapp/hotels/140448,https://pumpons.github.io/sutochno-feeds/images/705f9c81116eb7d5.png,Адлер,5000 RUB,0,4.8611111111111,5.0,
1404481831185,Объект У Елены,https://sutochno.ru/front/searchapp/hotels/140448,https://pumpons.github.io/sutochno-feeds/images/705f9c81116eb7d5.png,Адлер,5000 RUB,0,4.8611111111111,5.0,
1404481830956,Объект У Елены,https://sutochno.ru/front/searchapp/hotels/140448,https://pumpons.github.io/sutochno-feeds/images/705f9c81116eb7d5.png,Адлер,5000 RUB,0,4.8611111111111,5.0,
1062031404055,Отель АРТапарт,https://sutochno.ru/front/searchapp/hotels/106203,https://pumpons.github.io/sutochno-feeds/images/fdd80d203984a421.png,Сочи,4740 RUB,0,4.8611111111111,5.0,трансфер;ресторан;бар;теннисный корт
631151814429,Объект Элиф,https://sutochno.ru/front/searchapp/hotels/63115,https://pumpons.github.io/sutochno-feeds/images/c13836f9bf65037c.png,Сочи,2300 RUB,0,4.8611111111111,5.0,Бассейн (открытый);Игровая площадка для детей
631151814453,Объект Элиф,https://sutochno.ru/front/searchapp/hotels/63115,https://pumpons.github.io/sutochno-feeds/images/c3425604f80528be.png,Сочи,10000 RUB,0,4.8611111111111,5.0,Бассейн (открытый);Игровая площадка для детей
1062031407973,Отель АРТапарт,https://sutochno.ru/front/searchapp/hotels/106203,https://pumpons.github.io/sutochno-feeds/images/911e0f14d18b6eac.png,Сочи,5160 RUB,0,4.8611111111111,5.0,трансфер;ресторан;бар;теннисный корт
631151021285,Объект Элиф,https://sutochno.ru/front/searchapp/hotels/63115,https://pumpons.github.io/sutochno-feeds/images/c9cf5b6a01843d90.png,Сочи,3105 RUB,0,4.8611111111111,5.0,Бассейн (открытый);Игровая площадка для детей
53859952043,Гостевой дом АЛМ Хаус,https://sutochno.ru/front/searchapp/hotels/53859,https://pumpons.github.io/sutochno-feeds/images/6469750b1b158214.png,Красная Поляна,3645 RUB,0,4.859623015873,5.0,ресторан;доставка в номер;круглосуточная стойка;сауна;Терраса;Бассейн (открытый);банный чан
53859952177,Гостевой дом АЛМ Хаус,https://sutochno.ru/front/searchapp/hotels/53859,https://pumpons.github.io/sutochno-feeds/images/9c5627d5ecf03cc7.png,Красная Поляна,6750 RUB,0,4.859623015873,5.0,ресторан;доставка в номер;круглосуточная стойка;сауна;Терраса;Бассейн (открытый);банный чан
53859953989,Гостевой дом АЛМ Хаус,https://sutochno.ru/front/searchapp/hotels/53859,https://pumpons.github.io/sutochno-feeds/images/c104cf292b35972a.png,Красная Поляна,7155 RUB,0,4.859623015873,5.0,ресторан;доставка в номер;круглосуточная стойка;сауна;Терраса;Бассейн (открытый);банный чан
53859952193,Гостевой дом АЛМ Хаус,https://sutochno.ru/front/searchapp/hotels/53859,https://pumpons.github.io/sutochno-feeds/images/984a4b18fc7dc97b.png,Красная Поляна,2025 RUB,0,4.859623015873,5.0,ресторан;доставка в номер;круглосуточная стойка;сауна;Терраса;Бассейн (открытый);банный чан
53859953973,Гостевой дом АЛМ Хаус,https://sutochno.ru/front/searchapp/hotels/53859,https://pumpons.github.io/sutochno-feeds/images/914378be9e91b11c.png,Красная Поляна,4050 RUB,0,4.859623015873,5.0,ресторан;доставка в номер;круглосуточная стойка;сауна;Терраса;Бассейн (открытый);банный чан
1305681694573,Гостевой дом Лакоста,https://sutochno.ru/front/searchapp/hotels/130568,https://pumpons.github.io/sutochno-feeds/images/ada4b78e63ed3e6b.png,Сочи,1430 RUB,0,4.8595679012346,5.0,круглосуточная стойка;сад
1305681694576,Гостевой дом Лакоста,https://sutochno.ru/front/searchapp/hotels/130568,https://pumpons.github.io/sutochno-feeds/images/ed1a371d14f638c3.png,Сочи,1320 RUB,0,4.8595679012346,5.0,круглосуточная стойка;сад
1305682103071,Гостевой дом Лакоста,https://sutochno.ru/front/searchapp/hotels/130568,https://pumpons.github.io/sutochno-feeds/images/9990ee6ee027e9b0.png,Сочи,1100 RUB,0,4.8595679012346,5.0,круглосуточная стойка;сад
1305681737331,Гостевой дом Лакоста,https://sutochno.ru/front/searchapp/hotels/130568,https://pumpons.github.io/sutochno-feeds/images/9990ee6ee027e9b0.png,Сочи,1100 RUB,0,4.8595679012346,5.0,круглосуточная стойка;сад
1305681694577,Гостевой дом Лакоста,https://sutochno.ru/front/searchapp/hotels/130568,https://pumpons.github.io/sutochno-feeds/images/e29df1bc226fae1f.png,Сочи,1210 RUB,0,4.8595679012346,5.0,круглосуточная стойка;сад
890771442425,Апартаменты Метрополь ZBS,https://sutochno.ru/front/searchapp/hotels/89077,https://pumpons.github.io/sutochno-feeds/images/f16caebb1a67fca7.png,Сочи,3321 RUB,0,4.8590100857748,5.0,Фитнес/спортзал;сад;Терраса;теннисный корт;Бассейн (открытый);Игровая площадка для детей;лифт;детский бассейн;прачечная
890771467569,Апартаменты Метрополь ZBS,https://sutochno.ru/front/searchapp/hotels/89077,https://pumpons.github.io/sutochno-feeds/images/a08ed4c5b15014c3.png,Сочи,4305 RUB,0,4.8590100857748,5.0,Фитнес/спортзал;сад;Терраса;теннисный корт;Бассейн (открытый);Игровая площадка для детей;лифт;детский бассейн;прачечная
890772041673,Апартаменты Метрополь ZBS,https://sutochno.ru/front/searchapp/hotels/89077,https://pumpons.github.io/sutochno-feeds/images/bd885de434d6351f.png,Сочи,4059 RUB,0,4.8590100857748,5.0,Фитнес/спортзал;сад;Терраса;теннисный корт;Бассейн (открытый);Игровая площадка для детей;лифт;детский бассейн;прачечная
50563927931,Гостевой дом На Грибоедова,https://sutochno.ru/front/searchapp/hotels/50563,https://pumpons.github.io/sutochno-feeds/images/62179eee14b0bc3e.png,Сочи,7000 RUB,0,4.858728716662,5.0,Терраса
505631148483,Гостевой дом На Грибоедова,https://sutochno.ru/front/searchapp/hotels/50563,https://pumpons.github.io/sutochno-feeds/images/62179eee14b0bc3e.png,Сочи,7000 RUB,0,4.858728716662,5.0,Терраса
505631029153,Гостевой дом На Грибоедова,https://sutochno.ru/front/searchapp/hotels/50563,https://pumpons.github.io/sutochno-feeds/images/9a72c40ab689c37f.png,Сочи,3000 RUB,0,4.858728716662,5.0,Терраса
50563921917,Гостевой дом На Грибоедова,https://sutochno.ru/front/searchapp/hotels/50563,https://pumpons.github.io/sutochno-feeds/images/a73931dc6bd324fc.png,Сочи,2200 RUB,0,4.858728716662,5.0,Терраса
752011112185,Объект Акварель,https://sutochno.ru/front/searchapp/hotels/75201,https://pumpons.github.io/sutochno-feeds/images/ad000c4fa965521b.png,Адлер,8000 RUB,0,4.8581039755352,5.0,ресторан;круглосуточная стойка;сад;лифт
1202191550810,Объект Палермо ,https://sutochno.ru/front/searchapp/hotels/120219,https://pumpons.github.io/sutochno-feeds/images/8aa19eec77283ee6.png,Адлер,2500 RUB,0,4.8571428571428,5.0,
1202191555249,Объект Палермо ,https://sutochno.ru/front/searchapp/hotels/120219,https://pumpons.github.io/sutochno-feeds/images/ed8d289bdff94d2a.png,Адлер,3500 RUB,0,4.8571428571428,5.0,
614591006595,Объект Вилла Уютная,https://sutochno.ru/front/searchapp/hotels/61459,https://pumpons.github.io/sutochno-feeds/images/b8ceb441dfaf9e6f.png,Красная Поляна,4200 RUB,0,4.8561586575133,5.0,сауна;Фитнес/спортзал;Терраса
614591006625,Объект Вилла Уютная,https://sutochno.ru/front/searchapp/hotels/61459,https://pumpons.github.io/sutochno-feeds/images/e65f122ca23571d9.png,Красная Поляна,5000 RUB,0,4.8561586575133,5.0,сауна;Фитнес/спортзал;Терраса
614591006521,Объект Вилла Уютная,https://sutochno.ru/front/searchapp/hotels/61459,https://pumpons.github.io/sutochno-feeds/images/7a2df9abc3b30e6d.png,Красная Поляна,3000 RUB,0,4.8561586575133,5.0,сауна;Фитнес/спортзал;Терраса
1282051658876,Гостевой дом Белые паруса,https://sutochno.ru/front/searchapp/hotels/128205,https://pumpons.github.io/sutochno-feeds/images/e7bd49ca3967b4e5.png,Адлер,1800 RUB,0,4.8555555555556,5.0,
1282051940150,Гостевой дом Белые паруса,https://sutochno.ru/front/searchapp/hotels/128205,https://pumpons.github.io/sutochno-feeds/images/3b3f3703a3af48f4.png,Адлер,1300 RUB,0,4.8555555555556,5.0,
1282051658669,Гостевой дом Белые паруса,https://sutochno.ru/front/searchapp/hotels/128205,https://pumpons.github.io/sutochno-feeds/images/5c03a9eb73a86835.png,Адлер,1500 RUB,0,4.8555555555556,5.0,
1282051658884,Гостевой дом Белые паруса,https://sutochno.ru/front/searchapp/hotels/128205,https://pumpons.github.io/sutochno-feeds/images/4f897d85eaa208a1.png,Адлер,1600 RUB,0,4.8555555555556,5.0,
1304231697228,Отель Грейс Горизонт,https://sutochno.ru/front/searchapp/hotels/130423,https://pumpons.github.io/sutochno-feeds/images/b775673b4263ec35.png,Сочи,9200 RUB,4,4.8555555555556,5.0,трансфер;круглосуточная стойка;сауна;Спа;лифт
1304231697229,Отель Грейс Горизонт,https://sutochno.ru/front/searchapp/hotels/130423,https://pumpons.github.io/sutochno-feeds/images/d9e43b00d6cf1082.png,Сочи,10120 RUB,4,4.8555555555556,5.0,трансфер;круглосуточная стойка;сауна;Спа;лифт
1304231696830,Отель Грейс Горизонт,https://sutochno.ru/front/searchapp/hotels/130423,https://pumpons.github.io/sutochno-feeds/images/1256a852b7de4813.png,Сочи,5750 RUB,4,4.8555555555556,5.0,трансфер;круглосуточная стойка;сауна;Спа;лифт
1304231697387,Отель Грейс Горизонт,https://sutochno.ru/front/searchapp/hotels/130423,https://pumpons.github.io/sutochno-feeds/images/6d8b17000d84681a.png,Сочи,12765 RUB,4,4.8555555555556,5.0,трансфер;круглосуточная стойка;сауна;Спа;лифт
1304231697365,Отель Грейс Горизонт,https://sutochno.ru/front/searchapp/hotels/130423,https://pumpons.github.io/sutochno-feeds/images/1b8c50e68dc59f0d.png,Сочи,11040 RUB,4,4.8555555555556,5.0,трансфер;круглосуточная стойка;сауна;Спа;лифт
1304231697226,Отель Грейс Горизонт,https://sutochno.ru/front/searchapp/hotels/130423,https://pumpons.github.io/sutochno-feeds/images/0d85c33e71e1a994.png,Сочи,6325 RUB,4,4.8555555555556,5.0,трансфер;круглосуточная стойка;сауна;Спа;лифт
1304231697377,Отель Грейс Горизонт,https://sutochno.ru/front/searchapp/hotels/130423,https://pumpons.github.io/sutochno-feeds/images/d9e43b00d6cf1082.png,Сочи,10120 RUB,4,4.8555555555556,5.0,трансфер;круглосуточная стойка;сауна;Спа;лифт
1304231697383,Отель Грейс Горизонт,https://sutochno.ru/front/searchapp/hotels/130423,https://pumpons.github.io/sutochno-feeds/images/15fd09aa00ab5f24.png,Сочи,11960 RUB,4,4.8555555555556,5.0,трансфер;круглосуточная стойка;сауна;Спа;лифт
1202591959027,Объект На Белорусской,https://sutochno.ru/front/searchapp/hotels/120259,https://pumpons.github.io/sutochno-feeds/images/7667b6673213ae47.png,Адлер,3500 RUB,0,4.8551800648575,5.0,трансфер
1585022058136,Гостевой дом Ефремовъ-Море,https://sutochno.ru/front/searchapp/hotels/158502,https://pumpons.github.io/sutochno-feeds/images/ebe6ce11034bab4d.png,Адлер,3000 RUB,0,4.8551136363636,5.0,ресторан;круглосуточная стойка;лифт
1585022058147,Гостевой дом Ефремовъ-Море,https://sutochno.ru/front/searchapp/hotels/158502,https://pumpons.github.io/sutochno-feeds/images/ebe6ce11034bab4d.png,Адлер,3000 RUB,0,4.8551136363636,5.0,ресторан;круглосуточная стойка;лифт
1585022058156,Гостевой дом Ефремовъ-Море,https://sutochno.ru/front/searchapp/hotels/158502,https://pumpons.github.io/sutochno-feeds/images/1de95e752b3ea3d1.png,Адлер,9000 RUB,0,4.8551136363636,5.0,ресторан;круглосуточная стойка;лифт
1585022058151,Гостевой дом Ефремовъ-Море,https://sutochno.ru/front/searchapp/hotels/158502,https://pumpons.github.io/sutochno-feeds/images/8be5cdd763c55a4b.png,Адлер,6000 RUB,0,4.8551136363636,5.0,ресторан;круглосуточная стойка;лифт
1279651654921,Объект Алтай,https://sutochno.ru/front/searchapp/hotels/127965,https://pumpons.github.io/sutochno-feeds/images/68fd8c4d01ece838.png,Адлер,2376 RUB,0,4.8523148148148,5.0,лифт
1279651654902,Объект Алтай,https://sutochno.ru/front/searchapp/hotels/127965,https://pumpons.github.io/sutochno-feeds/images/416038bb23991464.png,Адлер,1836 RUB,0,4.8523148148148,5.0,лифт
1279651654895,Объект Алтай,https://sutochno.ru/front/searchapp/hotels/127965,https://pumpons.github.io/sutochno-feeds/images/b0ad32dcd3e748b2.png,Адлер,1620 RUB,0,4.8523148148148,5.0,лифт
826451805362,Объект Александра,https://sutochno.ru/front/searchapp/hotels/82645,https://pumpons.github.io/sutochno-feeds/images/9cb328017de73939.png,Адлер,1800 RUB,0,4.851746031746,5.0,
826451805732,Объект Александра,https://sutochno.ru/front/searchapp/hotels/82645,https://pumpons.github.io/sutochno-feeds/images/6c15f349c3e7ac67.png,Адлер,1920 RUB,0,4.851746031746,5.0,
826451164795,Объект Александра,https://sutochno.ru/front/searchapp/hotels/82645,https://pumpons.github.io/sutochno-feeds/images/7f5b69c65529efa2.png,Адлер,1200 RUB,0,4.851746031746,5.0,
826451167267,Объект Александра,https://sutochno.ru/front/searchapp/hotels/82645,https://pumpons.github.io/sutochno-feeds/images/9cb328017de73939.png,Адлер,1800 RUB,0,4.851746031746,5.0,
826451167259,Объект Александра,https://sutochno.ru/front/searchapp/hotels/82645,https://pumpons.github.io/sutochno-feeds/images/032263ff2ad225cc.png,Адлер,2000 RUB,0,4.851746031746,5.0,
21541699987,Хостел Аэропорт,https://sutochno.ru/front/searchapp/hotels/21541,https://pumpons.github.io/sutochno-feeds/images/f47a5d847792a78c.png,Сочи,1290 RUB,0,4.8511097851672,5.0,круглосуточная стойка
21541699985,Хостел Аэропорт,https://sutochno.ru/front/searchapp/hotels/21541,https://pumpons.github.io/sutochno-feeds/images/1342cc3c519a47b5.png,Сочи,1200 RUB,0,4.8511097851672,5.0,круглосуточная стойка
21541699993,Хостел Аэропорт,https://sutochno.ru/front/searchapp/hotels/21541,https://pumpons.github.io/sutochno-feeds/images/1342cc3c519a47b5.png,Сочи,1200 RUB,0,4.8511097851672,5.0,круглосуточная стойка
21541699983,Хостел Аэропорт,https://sutochno.ru/front/searchapp/hotels/21541,https://pumpons.github.io/sutochno-feeds/images/ebe65a2d8c6939a2.png,Сочи,860 RUB,0,4.8511097851672,5.0,круглосуточная стойка
21541699991,Хостел Аэропорт,https://sutochno.ru/front/searchapp/hotels/21541,https://pumpons.github.io/sutochno-feeds/images/1342cc3c519a47b5.png,Сочи,1200 RUB,0,4.8511097851672,5.0,круглосуточная стойка
21541699977,Хостел Аэропорт,https://sutochno.ru/front/searchapp/hotels/21541,https://pumpons.github.io/sutochno-feeds/images/cde35c511feaad91.png,Сочи,2700 RUB,0,4.8511097851672,5.0,круглосуточная стойка
21541699989,Хостел Аэропорт,https://sutochno.ru/front/searchapp/hotels/21541,https://pumpons.github.io/sutochno-feeds/images/06e06a63b8bc6278.png,Сочи,900 RUB,0,4.8511097851672,5.0,круглосуточная стойка
21541699999,Хостел Аэропорт,https://sutochno.ru/front/searchapp/hotels/21541,https://pumpons.github.io/sutochno-feeds/images/f47a5d847792a78c.png,Сочи,1290 RUB,0,4.8511097851672,5.0,круглосуточная стойка
21541674753,Хостел Аэропорт,https://sutochno.ru/front/searchapp/hotels/21541,https://pumpons.github.io/sutochno-feeds/images/06e06a63b8bc6278.png,Сочи,900 RUB,0,4.8511097851672,5.0,круглосуточная стойка
730331095305,Отель Мариано,https://sutochno.ru/front/searchapp/hotels/73033,https://pumpons.github.io/sutochno-feeds/images/8cc3e2c4eef83215.png,Сочи,2090 RUB,0,4.8502142857143,5.0,трансфер;доставка в номер;бар;круглосуточная стойка;сауна;Терраса;лифт
730331431711,Отель Мариано,https://sutochno.ru/front/searchapp/hotels/73033,https://pumpons.github.io/sutochno-feeds/images/ab5a21df20c4f473.png,Сочи,1990 RUB,0,4.8502142857143,5.0,трансфер;доставка в номер;бар;круглосуточная стойка;сауна;Терраса;лифт
730331372039,Отель Мариано,https://sutochno.ru/front/searchapp/hotels/73033,https://pumpons.github.io/sutochno-feeds/images/ec5db550086ee6bd.png,Сочи,2590 RUB,0,4.8502142857143,5.0,трансфер;доставка в номер;бар;круглосуточная стойка;сауна;Терраса;лифт
18217651429,Гостевой дом VIVA,https://sutochno.ru/front/searchapp/hotels/18217,https://pumpons.github.io/sutochno-feeds/images/bdaf463c1e84e24e.png,Сочи,2850 RUB,0,4.8501816239316,5.0,
18217651943,Гостевой дом VIVA,https://sutochno.ru/front/searchapp/hotels/18217,https://pumpons.github.io/sutochno-feeds/images/ced9475b5e3d6e3a.png,Сочи,4200 RUB,0,4.8501816239316,5.0,
18217790673,Гостевой дом VIVA,https://sutochno.ru/front/searchapp/hotels/18217,https://pumpons.github.io/sutochno-feeds/images/53cc6d640ff1fbd5.png,Сочи,3900 RUB,0,4.8501816239316,5.0,
1343341738990,Объект Рай,https://sutochno.ru/front/searchapp/hotels/134334,https://pumpons.github.io/sutochno-feeds/images/1d24272f60119fb9.png,Адлер,1800 RUB,0,4.85,5.0,Терраса;Бассейн (открытый);бассейн с подогревом;прачечная
1343341738997,Объект Рай,https://sutochno.ru/front/searchapp/hotels/134334,https://pumpons.github.io/sutochno-feeds/images/20a9ab84e84724b1.png,Адлер,3000 RUB,0,4.85,5.0,Терраса;Бассейн (открытый);бассейн с подогревом;прачечная
1343341739032,Объект Рай,https://sutochno.ru/front/searchapp/hotels/134334,https://pumpons.github.io/sutochno-feeds/images/a101933d156a0a57.png,Адлер,6000 RUB,0,4.85,5.0,Терраса;Бассейн (открытый);бассейн с подогревом;прачечная
1343341739040,Объект Рай,https://sutochno.ru/front/searchapp/hotels/134334,https://pumpons.github.io/sutochno-feeds/images/de8409edbeb2b6e3.png,Адлер,4200 RUB,0,4.85,5.0,Терраса;Бассейн (открытый);бассейн с подогревом;прачечная
1546802006034,Объект Мария,https://sutochno.ru/front/searchapp/hotels/154680,https://pumpons.github.io/sutochno-feeds/images/ea2184b9cbca4c17.png,Сочи,5000 RUB,0,4.85,5.0,трансфер;круглосуточная стойка;Терраса;Бассейн (открытый);Игровая площадка для детей;прачечная
1546802006017,Объект Мария,https://sutochno.ru/front/searchapp/hotels/154680,https://pumpons.github.io/sutochno-feeds/images/6c13a68094da2a03.png,Сочи,3300 RUB,0,4.85,5.0,трансфер;круглосуточная стойка;Терраса;Бассейн (открытый);Игровая площадка для детей;прачечная
1546802043475,Объект Мария,https://sutochno.ru/front/searchapp/hotels/154680,https://pumpons.github.io/sutochno-feeds/images/af7b66d95cd34e5e.png,Сочи,6000 RUB,0,4.85,5.0,трансфер;круглосуточная стойка;Терраса;Бассейн (открытый);Игровая площадка для детей;прачечная
1546802006031,Объект Мария,https://sutochno.ru/front/searchapp/hotels/154680,https://pumpons.github.io/sutochno-feeds/images/2f79d0d00c3dd2c2.png,Сочи,4100 RUB,0,4.85,5.0,трансфер;круглосуточная стойка;Терраса;Бассейн (открытый);Игровая площадка для детей;прачечная
51843932569,База отдыха Барракуда,https://sutochno.ru/front/searchapp/hotels/51843,https://pumpons.github.io/sutochno-feeds/images/642f22635c2f0e5e.png,Адлер,4800 RUB,0,4.8494082341953,5.0,круглосуточная стойка
51843932733,База отдыха Барракуда,https://sutochno.ru/front/searchapp/hotels/51843,https://pumpons.github.io/sutochno-feeds/images/d1f86438fa0fc76f.png,Адлер,7100 RUB,0,4.8494082341953,5.0,круглосуточная стойка
51843932367,База отдыха Барракуда,https://sutochno.ru/front/searchapp/hotels/51843,https://pumpons.github.io/sutochno-feeds/images/642f22635c2f0e5e.png,Адлер,4800 RUB,0,4.8494082341953,5.0,круглосуточная стойка
1175331783977,Объект На Марьинском шоссе,https://sutochno.ru/front/searchapp/hotels/117533,https://pumpons.github.io/sutochno-feeds/images/2b94ef2fd2a25e55.png,Сочи,2000 RUB,0,4.8492283950617,5.0,трансфер;сад;Терраса
1175331703313,Объект На Марьинском шоссе,https://sutochno.ru/front/searchapp/hotels/117533,https://pumpons.github.io/sutochno-feeds/images/2b94ef2fd2a25e55.png,Сочи,2000 RUB,0,4.8492283950617,5.0,трансфер;сад;Терраса
1175331522304,Объект На Марьинском шоссе,https://sutochno.ru/front/searchapp/hotels/117533,https://pumpons.github.io/sutochno-feeds/images/2b94ef2fd2a25e55.png,Сочи,2000 RUB,0,4.8492283950617,5.0,трансфер;сад;Терраса
1175331783735,Объект На Марьинском шоссе,https://sutochno.ru/front/searchapp/hotels/117533,https://pumpons.github.io/sutochno-feeds/images/2b94ef2fd2a25e55.png,Сочи,2000 RUB,0,4.8492283950617,5.0,трансфер;сад;Терраса
1261771689171,Гостевой дом Инесса,https://sutochno.ru/front/searchapp/hotels/126177,https://pumpons.github.io/sutochno-feeds/images/b6a05f3299b54e92.png,Адлер,1728 RUB,0,4.8484186533277,5.0,сад
1261771628002,Гостевой дом Инесса,https://sutochno.ru/front/searchapp/hotels/126177,https://pumpons.github.io/sutochno-feeds/images/c7a25bd284176b3e.png,Адлер,1776 RUB,0,4.8484186533277,5.0,сад
1261771648443,Гостевой дом Инесса,https://sutochno.ru/front/searchapp/hotels/126177,https://pumpons.github.io/sutochno-feeds/images/4fd358eaa35d2726.png,Адлер,1428 RUB,0,4.8484186533277,5.0,сад
1261771649363,Гостевой дом Инесса,https://sutochno.ru/front/searchapp/hotels/126177,https://pumpons.github.io/sutochno-feeds/images/896724598907ac1e.png,Адлер,1632 RUB,0,4.8484186533277,5.0,сад
1261771654598,Гостевой дом Инесса,https://sutochno.ru/front/searchapp/hotels/126177,https://pumpons.github.io/sutochno-feeds/images/b6d90e33fcfe5365.png,Адлер,2148 RUB,0,4.8484186533277,5.0,сад
1261771647018,Гостевой дом Инесса,https://sutochno.ru/front/searchapp/hotels/126177,https://pumpons.github.io/sutochno-feeds/images/01e892a5d97a1f78.png,Адлер,1173 RUB,0,4.8484186533277,5.0,сад
1261771654604,Гостевой дом Инесса,https://sutochno.ru/front/searchapp/hotels/126177,https://pumpons.github.io/sutochno-feeds/images/23fae01dc2bcebdb.png,Адлер,1703 RUB,0,4.8484186533277,5.0,сад
1261771654602,Гостевой дом Инесса,https://sutochno.ru/front/searchapp/hotels/126177,https://pumpons.github.io/sutochno-feeds/images/6c38625ef5fec053.png,Адлер,2285 RUB,0,4.8484186533277,5.0,сад
627451016383,Объект Катерина-комфорт,https://sutochno.ru/front/searchapp/hotels/62745,https://pumpons.github.io/sutochno-feeds/images/8dc00c4750f91ea7.png,Сочи,1800 RUB,0,4.8482706971678,5.0,
627451016319,Объект Катерина-комфорт,https://sutochno.ru/front/searchapp/hotels/62745,https://pumpons.github.io/sutochno-feeds/images/9e4c896c199d64a3.png,Сочи,2000 RUB,0,4.8482706971678,5.0,
520471683398,Отель Золотой Лев,https://sutochno.ru/front/searchapp/hotels/52047,https://pumpons.github.io/sutochno-feeds/images/db626a2f2b0f2e5f.png,Сочи,6250 RUB,0,4.8481481481481,5.0,трансфер;бар;Бассейн (открытый);Игровая площадка для детей
52047934443,Отель Золотой Лев,https://sutochno.ru/front/searchapp/hotels/52047,https://pumpons.github.io/sutochno-feeds/images/5dd61d807449b1be.png,Сочи,5000 RUB,0,4.8481481481481,5.0,трансфер;бар;Бассейн (открытый);Игровая площадка для детей
52047934405,Отель Золотой Лев,https://sutochno.ru/front/searchapp/hotels/52047,https://pumpons.github.io/sutochno-feeds/images/5c192624747e855b.png,Сочи,3750 RUB,0,4.8481481481481,5.0,трансфер;бар;Бассейн (открытый);Игровая площадка для детей
52047934321,Отель Золотой Лев,https://sutochno.ru/front/searchapp/hotels/52047,https://pumpons.github.io/sutochno-feeds/images/ace6c34eeed3e7ac.png,Сочи,2500 RUB,0,4.8481481481481,5.0,трансфер;бар;Бассейн (открытый);Игровая площадка для детей
1679351586416,Гостиница Morskoy Resort,https://sutochno.ru/front/searchapp/hotels/167935,https://pumpons.github.io/sutochno-feeds/images/3d5144fd6c909b2e.png,Сочи,4200 RUB,0,4.8478395061728,5.0,ресторан;круглосуточная стойка;сауна;Спа;Игровая площадка для детей;лифт;пандус
843051178449,Гостевой дом Бета,https://sutochno.ru/front/searchapp/hotels/84305,https://pumpons.github.io/sutochno-feeds/images/207a571706b8c3e1.png,Адлер,7200 RUB,0,4.8477777777778,5.0,
843052237137,Гостевой дом Бета,https://sutochno.ru/front/searchapp/hotels/84305,https://pumpons.github.io/sutochno-feeds/images/1bfcb5352409b25b.png,Адлер,4800 RUB,0,4.8477777777778,5.0,
843052240287,Гостевой дом Бета,https://sutochno.ru/front/searchapp/hotels/84305,https://pumpons.github.io/sutochno-feeds/images/c65071273b0b31f0.png,Адлер,6000 RUB,0,4.8477777777778,5.0,
843051936273,Гостевой дом Бета,https://sutochno.ru/front/searchapp/hotels/84305,https://pumpons.github.io/sutochno-feeds/images/f0a9da7fa8594f75.png,Адлер,6600 RUB,0,4.8477777777778,5.0,
843052237138,Гостевой дом Бета,https://sutochno.ru/front/searchapp/hotels/84305,https://pumpons.github.io/sutochno-feeds/images/9e70cf156fadcde5.png,Адлер,4200 RUB,0,4.8477777777778,5.0,
843051178477,Гостевой дом Бета,https://sutochno.ru/front/searchapp/hotels/84305,https://pumpons.github.io/sutochno-feeds/images/a055d3dea4f0275b.png,Адлер,3600 RUB,0,4.8477777777778,5.0,
843051690809,Гостевой дом Бета,https://sutochno.ru/front/searchapp/hotels/84305,https://pumpons.github.io/sutochno-feeds/images/1bfcb5352409b25b.png,Адлер,4800 RUB,0,4.8477777777778,5.0,
843051178417,Гостевой дом Бета,https://sutochno.ru/front/searchapp/hotels/84305,https://pumpons.github.io/sutochno-feeds/images/c65071273b0b31f0.png,Адлер,6000 RUB,0,4.8477777777778,5.0,
843051178461,Гостевой дом Бета,https://sutochno.ru/front/searchapp/hotels/84305,https://pumpons.github.io/sutochno-feeds/images/1bfcb5352409b25b.png,Адлер,4800 RUB,0,4.8477777777778,5.0,
843051178445,Гостевой дом Бета,https://sutochno.ru/front/searchapp/hotels/84305,https://pumpons.github.io/sutochno-feeds/images/f0a9da7fa8594f75.png,Адлер,6600 RUB,0,4.8477777777778,5.0,
951311273751,Объект Домик у моря,https://sutochno.ru/front/searchapp/hotels/95131,https://pumpons.github.io/sutochno-feeds/images/b03270a4702e0e2a.png,Сочи,5500 RUB,0,4.8472222222222,5.0,трансфер;сад;Терраса;Игровая площадка для детей
951311273923,Объект Домик у моря,https://sutochno.ru/front/searchapp/hotels/95131,https://pumpons.github.io/sutochno-feeds/images/6982bc105abe4965.png,Сочи,4950 RUB,0,4.8472222222222,5.0,трансфер;сад;Терраса;Игровая площадка для детей
23845700013,Апартаменты Волна,https://sutochno.ru/front/searchapp/hotels/23845,https://pumpons.github.io/sutochno-feeds/images/cfd71960b1e65df4.png,Сочи,2500 RUB,0,4.8459915276804,5.0,ресторан;круглосуточная стойка;лифт
23845207920,Апартаменты Волна,https://sutochno.ru/front/searchapp/hotels/23845,https://pumpons.github.io/sutochno-feeds/images/c874e05847c298ec.png,Сочи,5000 RUB,0,4.8459915276804,5.0,ресторан;круглосуточная стойка;лифт
23845700011,Апартаменты Волна,https://sutochno.ru/front/searchapp/hotels/23845,https://pumpons.github.io/sutochno-feeds/images/cfd71960b1e65df4.png,Сочи,2500 RUB,0,4.8459915276804,5.0,ресторан;круглосуточная стойка;лифт
18771655019,Объект Татьяна,https://sutochno.ru/front/searchapp/hotels/18771,https://pumpons.github.io/sutochno-feeds/images/0f2198a4750430d1.png,Адлер,2700 RUB,0,4.8458552631579,5.0,трансфер;круглосуточная стойка;сад;Бассейн (открытый)
18771657137,Объект Татьяна,https://sutochno.ru/front/searchapp/hotels/18771,https://pumpons.github.io/sutochno-feeds/images/9078628ab6cb30b0.png,Адлер,3500 RUB,0,4.8458552631579,5.0,трансфер;круглосуточная стойка;сад;Бассейн (открытый)
18771654979,Объект Татьяна,https://sutochno.ru/front/searchapp/hotels/18771,https://pumpons.github.io/sutochno-feeds/images/9f40b8dbbc2f7ad4.png,Адлер,1000 RUB,0,4.8458552631579,5.0,трансфер;круглосуточная стойка;сад;Бассейн (открытый)
18771655027,Объект Татьяна,https://sutochno.ru/front/searchapp/hotels/18771,https://pumpons.github.io/sutochno-feeds/images/9078628ab6cb30b0.png,Адлер,3500 RUB,0,4.8458552631579,5.0,трансфер;круглосуточная стойка;сад;Бассейн (открытый)
18771657251,Объект Татьяна,https://sutochno.ru/front/searchapp/hotels/18771,https://pumpons.github.io/sutochno-feeds/images/50936f82cc1cd6b6.png,Адлер,1500 RUB,0,4.8458552631579,5.0,трансфер;круглосуточная стойка;сад;Бассейн (открытый)
1299731689510,Объект София,https://sutochno.ru/front/searchapp/hotels/129973,https://pumpons.github.io/sutochno-feeds/images/6bae7fbf4a7b1b3e.png,Адлер,1700 RUB,0,4.8455026455026,5.0,круглосуточная стойка;сад;Терраса;Бассейн (открытый);Игровая площадка для детей;пандус
1299731689925,Объект София,https://sutochno.ru/front/searchapp/hotels/129973,https://pumpons.github.io/sutochno-feeds/images/33ca7d4d1c3935f6.png,Адлер,3500 RUB,0,4.8455026455026,5.0,круглосуточная стойка;сад;Терраса;Бассейн (открытый);Игровая площадка для детей;пандус
1299731687683,Объект София,https://sutochno.ru/front/searchapp/hotels/129973,https://pumpons.github.io/sutochno-feeds/images/44f41858b1a6c657.png,Адлер,1300 RUB,0,4.8455026455026,5.0,круглосуточная стойка;сад;Терраса;Бассейн (открытый);Игровая площадка для детей;пандус
1299731689854,Объект София,https://sutochno.ru/front/searchapp/hotels/129973,https://pumpons.github.io/sutochno-feeds/images/0b7c8f61549674fe.png,Адлер,2500 RUB,0,4.8455026455026,5.0,круглосуточная стойка;сад;Терраса;Бассейн (открытый);Игровая площадка для детей;пандус
1299731689456,Объект София,https://sutochno.ru/front/searchapp/hotels/129973,https://pumpons.github.io/sutochno-feeds/images/6bae7fbf4a7b1b3e.png,Адлер,1700 RUB,0,4.8455026455026,5.0,круглосуточная стойка;сад;Терраса;Бассейн (открытый);Игровая площадка для детей;пандус
1299731689388,Объект София,https://sutochno.ru/front/searchapp/hotels/129973,https://pumpons.github.io/sutochno-feeds/images/49307179e549f6c1.png,Адлер,1200 RUB,0,4.8455026455026,5.0,круглосуточная стойка;сад;Терраса;Бассейн (открытый);Игровая площадка для детей;пандус
1299731689865,Объект София,https://sutochno.ru/front/searchapp/hotels/129973,https://pumpons.github.io/sutochno-feeds/images/fe6a18b5f0a5c8e3.png,Адлер,3200 RUB,0,4.8455026455026,5.0,круглосуточная стойка;сад;Терраса;Бассейн (открытый);Игровая площадка для детей;пандус
795711151743,Гостевой дом Любава,https://sutochno.ru/front/searchapp/hotels/79571,https://pumpons.github.io/sutochno-feeds/images/1312dff573dfd667.png,Адлер,2440 RUB,0,4.84375,5.0,трансфер;сад
1027071359743,Гостевой дом Аида,https://sutochno.ru/front/searchapp/hotels/102707,https://pumpons.github.io/sutochno-feeds/images/2002aa1562fae6b0.png,Адлер,1490 RUB,0,4.8425925925926,5.0,трансфер;сад;Терраса;Бассейн (открытый);Игровая площадка для детей;детский бассейн;бассейн с подогревом
1027071359765,Гостевой дом Аида,https://sutochno.ru/front/searchapp/hotels/102707,https://pumpons.github.io/sutochno-feeds/images/1421fc4a261390f5.png,Адлер,1190 RUB,0,4.8425925925926,5.0,трансфер;сад;Терраса;Бассейн (открытый);Игровая площадка для детей;детский бассейн;бассейн с подогревом
1027071359769,Гостевой дом Аида,https://sutochno.ru/front/searchapp/hotels/102707,https://pumpons.github.io/sutochno-feeds/images/2d296e5a46542da5.png,Адлер,1790 RUB,0,4.8425925925926,5.0,трансфер;сад;Терраса;Бассейн (открытый);Игровая площадка для детей;детский бассейн;бассейн с подогревом
1027071359719,Гостевой дом Аида,https://sutochno.ru/front/searchapp/hotels/102707,https://pumpons.github.io/sutochno-feeds/images/1e488872c4f0ee6e.png,Адлер,1090 RUB,0,4.8425925925926,5.0,трансфер;сад;Терраса;Бассейн (открытый);Игровая площадка для детей;детский бассейн;бассейн с подогревом
1338381733163,Гостевой дом Зеленый попугай,https://sutochno.ru/front/searchapp/hotels/133838,https://pumpons.github.io/sutochno-feeds/images/71da36358ed6be9d.png,Сочи,1430 RUB,0,4.8415923945336,5.0,круглосуточная стойка;Бассейн (открытый);бассейн с подогревом;камера хранения;прачечная
1338381733183,Гостевой дом Зеленый попугай,https://sutochno.ru/front/searchapp/hotels/133838,https://pumpons.github.io/sutochno-feeds/images/1a5df5e09eec9230.png,Сочи,1760 RUB,0,4.8415923945336,5.0,круглосуточная стойка;Бассейн (открытый);бассейн с подогревом;камера хранения;прачечная
1338381733168,Гостевой дом Зеленый попугай,https://sutochno.ru/front/searchapp/hotels/133838,https://pumpons.github.io/sutochno-feeds/images/6c98f207f5fcd1ac.png,Сочи,2200 RUB,0,4.8415923945336,5.0,круглосуточная стойка;Бассейн (открытый);бассейн с подогревом;камера хранения;прачечная
1338381733179,Гостевой дом Зеленый попугай,https://sutochno.ru/front/searchapp/hotels/133838,https://pumpons.github.io/sutochno-feeds/images/71da36358ed6be9d.png,Сочи,1430 RUB,0,4.8415923945336,5.0,круглосуточная стойка;Бассейн (открытый);бассейн с подогревом;камера хранения;прачечная
1338381733160,Гостевой дом Зеленый попугай,https://sutochno.ru/front/searchapp/hotels/133838,https://pumpons.github.io/sutochno-feeds/images/986cb58d37a09d8e.png,Сочи,1210 RUB,0,4.8415923945336,5.0,круглосуточная стойка;Бассейн (открытый);бассейн с подогревом;камера хранения;прачечная
1338381733152,Гостевой дом Зеленый попугай,https://sutochno.ru/front/searchapp/hotels/133838,https://pumpons.github.io/sutochno-feeds/images/986cb58d37a09d8e.png,Сочи,1210 RUB,0,4.8415923945336,5.0,круглосуточная стойка;Бассейн (открытый);бассейн с подогревом;камера хранения;прачечная
1338381733157,Гостевой дом Зеленый попугай,https://sutochno.ru/front/searchapp/hotels/133838,https://pumpons.github.io/sutochno-feeds/images/f28e93fa9f869478.png,Сочи,1540 RUB,0,4.8415923945336,5.0,круглосуточная стойка;Бассейн (открытый);бассейн с подогревом;камера хранения;прачечная
1338381733172,Гостевой дом Зеленый попугай,https://sutochno.ru/front/searchapp/hotels/133838,https://pumpons.github.io/sutochno-feeds/images/775c53609c615d3c.png,Сочи,1100 RUB,0,4.8415923945336,5.0,круглосуточная стойка;Бассейн (открытый);бассейн с подогревом;камера хранения;прачечная
1338381733147,Гостевой дом Зеленый попугай,https://sutochno.ru/front/searchapp/hotels/133838,https://pumpons.github.io/sutochno-feeds/images/06c96c3c904f6ad9.png,Сочи,1980 RUB,0,4.8415923945336,5.0,круглосуточная стойка;Бассейн (открытый);бассейн с подогревом;камера хранения;прачечная
1338381733174,Гостевой дом Зеленый попугай,https://sutochno.ru/front/searchapp/hotels/133838,https://pumpons.github.io/sutochno-feeds/images/ebb9d9e7d29abf56.png,Сочи,1320 RUB,0,4.8415923945336,5.0,круглосуточная стойка;Бассейн (открытый);бассейн с подогревом;камера хранения;прачечная
58747990753,Отель ФиДжи,https://sutochno.ru/front/searchapp/hotels/58747,https://pumpons.github.io/sutochno-feeds/images/e1dcde55762ad3f7.png,Адлер,2600 RUB,3,4.8404217307908,5.0,трансфер;круглосуточная стойка;лифт
58747990765,Отель ФиДжи,https://sutochno.ru/front/searchapp/hotels/58747,https://pumpons.github.io/sutochno-feeds/images/e1dcde55762ad3f7.png,Адлер,2600 RUB,3,4.8404217307908,5.0,трансфер;круглосуточная стойка;лифт
58747990833,Отель ФиДжи,https://sutochno.ru/front/searchapp/hotels/58747,https://pumpons.github.io/sutochno-feeds/images/e56414ea3f73e308.png,Адлер,3900 RUB,3,4.8404217307908,5.0,трансфер;круглосуточная стойка;лифт
1102011444805,Объект Семейный,https://sutochno.ru/front/searchapp/hotels/110201,https://pumpons.github.io/sutochno-feeds/images/873abe5fb390a18f.png,Адлер,3125 RUB,0,4.840415972916,5.0,
1102011444333,Объект Семейный,https://sutochno.ru/front/searchapp/hotels/110201,https://pumpons.github.io/sutochno-feeds/images/46407b1d62dd4b21.png,Адлер,1875 RUB,0,4.840415972916,5.0,
1102011509469,Объект Семейный,https://sutochno.ru/front/searchapp/hotels/110201,https://pumpons.github.io/sutochno-feeds/images/35bbf549fb936ee8.png,Адлер,2000 RUB,0,4.840415972916,5.0,
1102011444751,Объект Семейный,https://sutochno.ru/front/searchapp/hotels/110201,https://pumpons.github.io/sutochno-feeds/images/35bbf549fb936ee8.png,Адлер,2000 RUB,0,4.840415972916,5.0,
1177651524415,Отель Бергамо,https://sutochno.ru/front/searchapp/hotels/117765,https://pumpons.github.io/sutochno-feeds/images/042742656d9c3aba.png,Красная Поляна,3645 RUB,3,4.840158045977,5.0,круглосуточная стойка;Бассейн (открытый);Игровая площадка для детей;бассейн с подогревом;камера хранения;прачечная
1177651614173,Отель Бергамо,https://sutochno.ru/front/searchapp/hotels/117765,https://pumpons.github.io/sutochno-feeds/images/2f277f5e9203221d.png,Красная Поляна,3150 RUB,3,4.840158045977,5.0,круглосуточная стойка;Бассейн (открытый);Игровая площадка для детей;бассейн с подогревом;камера хранения;прачечная
1177651614183,Отель Бергамо,https://sutochno.ru/front/searchapp/hotels/117765,https://pumpons.github.io/sutochno-feeds/images/5017532c7a4c8483.png,Красная Поляна,5130 RUB,3,4.840158045977,5.0,круглосуточная стойка;Бассейн (открытый);Игровая площадка для детей;бассейн с подогревом;камера хранения;прачечная
1177651614178,Отель Бергамо,https://sutochno.ru/front/searchapp/hotels/117765,https://pumpons.github.io/sutochno-feeds/images/f0cd2305136997f3.png,Красная Поляна,3510 RUB,3,4.840158045977,5.0,круглосуточная стойка;Бассейн (открытый);Игровая площадка для детей;бассейн с подогревом;камера хранения;прачечная
1177652117278,Отель Бергамо,https://sutochno.ru/front/searchapp/hotels/117765,https://pumpons.github.io/sutochno-feeds/images/2e5f4ba975a513b2.png,Красная Поляна,4320 RUB,3,4.840158045977,5.0,круглосуточная стойка;Бассейн (открытый);Игровая площадка для детей;бассейн с подогревом;камера хранения;прачечная
1177651524399,Отель Бергамо,https://sutochno.ru/front/searchapp/hotels/117765,https://pumpons.github.io/sutochno-feeds/images/27047eea28921ae3.png,Красная Поляна,3240 RUB,3,4.840158045977,5.0,круглосуточная стойка;Бассейн (открытый);Игровая площадка для детей;бассейн с подогревом;камера хранения;прачечная
1177651524384,Отель Бергамо,https://sutochno.ru/front/searchapp/hotels/117765,https://pumpons.github.io/sutochno-feeds/images/284ed7de8cae2013.png,Красная Поляна,2880 RUB,3,4.840158045977,5.0,круглосуточная стойка;Бассейн (открытый);Игровая площадка для детей;бассейн с подогревом;камера хранения;прачечная
82341552373,Гостевой дом У Эммы ,https://sutochno.ru/front/searchapp/hotels/8234,https://pumpons.github.io/sutochno-feeds/images/a49507444d552407.png,Адлер,3000 RUB,0,4.8388888888889,5.0,
82341551889,Гостевой дом У Эммы ,https://sutochno.ru/front/searchapp/hotels/8234,https://pumpons.github.io/sutochno-feeds/images/d081864be2edf933.png,Адлер,2500 RUB,0,4.8388888888889,5.0,
82341552147,Гостевой дом У Эммы ,https://sutochno.ru/front/searchapp/hotels/8234,https://pumpons.github.io/sutochno-feeds/images/d081864be2edf933.png,Адлер,2500 RUB,0,4.8388888888889,5.0,
694051070557,Гостевой дом Восток,https://sutochno.ru/front/searchapp/hotels/69405,https://pumpons.github.io/sutochno-feeds/images/dde1a3ef07194469.png,Сочи,4000 RUB,0,4.8380904872633,5.0,круглосуточная стойка
694051070581,Гостевой дом Восток,https://sutochno.ru/front/searchapp/hotels/69405,https://pumpons.github.io/sutochno-feeds/images/cee29dce8bad0cf3.png,Сочи,2500 RUB,0,4.8380904872633,5.0,круглосуточная стойка
694051070707,Гостевой дом Восток,https://sutochno.ru/front/searchapp/hotels/69405,https://pumpons.github.io/sutochno-feeds/images/429f7e57663f0c09.png,Сочи,3300 RUB,0,4.8380904872633,5.0,круглосуточная стойка
694051070609,Гостевой дом Восток,https://sutochno.ru/front/searchapp/hotels/69405,https://pumpons.github.io/sutochno-feeds/images/cee29dce8bad0cf3.png,Сочи,2500 RUB,0,4.8380904872633,5.0,круглосуточная стойка
694051065165,Гостевой дом Восток,https://sutochno.ru/front/searchapp/hotels/69405,https://pumpons.github.io/sutochno-feeds/images/b5270978370fcb4d.png,Сочи,2000 RUB,0,4.8380904872633,5.0,круглосуточная стойка
694051456657,Гостевой дом Восток,https://sutochno.ru/front/searchapp/hotels/69405,https://pumpons.github.io/sutochno-feeds/images/7fa20797f06bedcf.png,Сочи,1500 RUB,0,4.8380904872633,5.0,круглосуточная стойка
694051456469,Гостевой дом Восток,https://sutochno.ru/front/searchapp/hotels/69405,https://pumpons.github.io/sutochno-feeds/images/ecd6d4392cafc485.png,Сочи,950 RUB,0,4.8380904872633,5.0,круглосуточная стойка
17503670591,Объект Арина,https://sutochno.ru/front/searchapp/hotels/17503,https://pumpons.github.io/sutochno-feeds/images/ce00b33342212a80.png,Сочи,2300 RUB,0,4.8378086419753,5.0,трансфер;Бассейн (открытый)
175031784912,Объект Арина,https://sutochno.ru/front/searchapp/hotels/17503,https://pumpons.github.io/sutochno-feeds/images/2dd90596745f6ccd.png,Сочи,3500 RUB,0,4.8378086419753,5.0,трансфер;Бассейн (открытый)
17503659857,Объект Арина,https://sutochno.ru/front/searchapp/hotels/17503,https://pumpons.github.io/sutochno-feeds/images/08f1523674ee16b7.png,Сочи,1200 RUB,0,4.8378086419753,5.0,трансфер;Бассейн (открытый)
17503668545,Объект Арина,https://sutochno.ru/front/searchapp/hotels/17503,https://pumpons.github.io/sutochno-feeds/images/130b96aa747274d2.png,Сочи,1550 RUB,0,4.8378086419753,5.0,трансфер;Бассейн (открытый)
17503670271,Объект Арина,https://sutochno.ru/front/searchapp/hotels/17503,https://pumpons.github.io/sutochno-feeds/images/b19e1727743f1a67.png,Сочи,1850 RUB,0,4.8378086419753,5.0,трансфер;Бассейн (открытый)
774211128199,Отель Golden Tennis Club,https://sutochno.ru/front/searchapp/hotels/77421,https://pumpons.github.io/sutochno-feeds/images/5192692aefb14f0f.png,Адлер,7500 RUB,3,4.8373798076923,5.0,трансфер;круглосуточная стойка;теннисный корт;лифт
774211128047,Отель Golden Tennis Club,https://sutochno.ru/front/searchapp/hotels/77421,https://pumpons.github.io/sutochno-feeds/images/67d14adca5357c1a.png,Адлер,5625 RUB,3,4.8373798076923,5.0,трансфер;круглосуточная стойка;теннисный корт;лифт
774211128027,Отель Golden Tennis Club,https://sutochno.ru/front/searchapp/hotels/77421,https://pumpons.github.io/sutochno-feeds/images/70b97a026ddf36ab.png,Адлер,4375 RUB,3,4.8373798076923,5.0,трансфер;круглосуточная стойка;теннисный корт;лифт
1166822127533,Объект Зеленый рай,https://sutochno.ru/front/searchapp/hotels/116682,https://pumpons.github.io/sutochno-feeds/images/28c44249009049b2.png,Адлер,2800 RUB,0,4.836860670194,5.0,сад
1166821512727,Объект Зеленый рай,https://sutochno.ru/front/searchapp/hotels/116682,https://pumpons.github.io/sutochno-feeds/images/a8782dd735e1e065.png,Адлер,1600 RUB,0,4.836860670194,5.0,сад
1166821512947,Объект Зеленый рай,https://sutochno.ru/front/searchapp/hotels/116682,https://pumpons.github.io/sutochno-feeds/images/0b84a527ca8f1ffa.png,Адлер,2100 RUB,0,4.836860670194,5.0,сад
1166821512990,Объект Зеленый рай,https://sutochno.ru/front/searchapp/hotels/116682,https://pumpons.github.io/sutochno-feeds/images/0b84a527ca8f1ffa.png,Адлер,2100 RUB,0,4.836860670194,5.0,сад
1326541720837,Гостевой дом Оливия,https://sutochno.ru/front/searchapp/hotels/132654,https://pumpons.github.io/sutochno-feeds/images/72b0466d927f2512.png,Сочи,1600 RUB,0,4.8357298474945,5.0,сад;Терраса;Бассейн (открытый);Игровая площадка для детей;прачечная
1326541720839,Гостевой дом Оливия,https://sutochno.ru/front/searchapp/hotels/132654,https://pumpons.github.io/sutochno-feeds/images/66da130639214698.png,Сочи,5500 RUB,0,4.8357298474945,5.0,сад;Терраса;Бассейн (открытый);Игровая площадка для детей;прачечная
1525631979140,Отель Малекон,https://sutochno.ru/front/searchapp/hotels/152563,https://pumpons.github.io/sutochno-feeds/images/7ac6c471769febf5.png,Адлер,2900 RUB,3,4.8351851851852,5.0,круглосуточная стойка;сауна;лифт;бассейн с подогревом
1525631979152,Отель Малекон,https://sutochno.ru/front/searchapp/hotels/152563,https://pumpons.github.io/sutochno-feeds/images/32b58b5576ac43d6.png,Адлер,8800 RUB,3,4.8351851851852,5.0,круглосуточная стойка;сауна;лифт;бассейн с подогревом
1525631979146,Отель Малекон,https://sutochno.ru/front/searchapp/hotels/152563,https://pumpons.github.io/sutochno-feeds/images/5b7ad3a783e61781.png,Адлер,2000 RUB,3,4.8351851851852,5.0,круглосуточная стойка;сауна;лифт;бассейн с подогревом
1525631979126,Отель Малекон,https://sutochno.ru/front/searchapp/hotels/152563,https://pumpons.github.io/sutochno-feeds/images/af10f91cb5617722.png,Адлер,2800 RUB,3,4.8351851851852,5.0,круглосуточная стойка;сауна;лифт;бассейн с подогревом
1038551462943,Объект Аквамарин,https://sutochno.ru/front/searchapp/hotels/103855,https://pumpons.github.io/sutochno-feeds/images/5adf5243d813938d.png,Адлер,4000 RUB,0,4.8347222222222,5.0,круглосуточная стойка;сад;Терраса
1038551462997,Объект Аквамарин,https://sutochno.ru/front/searchapp/hotels/103855,https://pumpons.github.io/sutochno-feeds/images/13aa1bbec6827032.png,Адлер,4500 RUB,0,4.8347222222222,5.0,круглосуточная стойка;сад;Терраса
1038551707465,Объект Аквамарин,https://sutochno.ru/front/searchapp/hotels/103855,https://pumpons.github.io/sutochno-feeds/images/bd443cbe437a1e2c.png,Адлер,3300 RUB,0,4.8347222222222,5.0,круглосуточная стойка;сад;Терраса
1669672150394,Гостиница Экодом Адлер,https://sutochno.ru/front/searchapp/hotels/166967,https://pumpons.github.io/sutochno-feeds/images/9ee82e682b1b6f51.png,Адлер,5832 RUB,4,4.8333333333333,5.0,трансфер;ресторан;бар;круглосуточная стойка;сауна;Фитнес/спортзал;Спа;Бассейн (открытый);Игровая площадка для детей;лифт;пандус;детский бассейн;бассейн с подогревом;конференц-зал;камера хранения;прачечная
1435471843428,Объект У Манушак,https://sutochno.ru/front/searchapp/hotels/143547,https://pumpons.github.io/sutochno-feeds/images/3ee5a524be315cd6.png,Адлер,4000 RUB,0,4.8333333333333,5.0,трансфер
1720402240027,Отель Пальма,https://sutochno.ru/front/searchapp/hotels/172040,https://pumpons.github.io/sutochno-feeds/images/69937726406db235.png,Адлер,1375 RUB,0,4.8333333333333,5.0,круглосуточная стойка;Терраса;Бассейн (крытый);бассейн с подогревом
1669672150252,Гостиница Экодом Адлер,https://sutochno.ru/front/searchapp/hotels/166967,https://pumpons.github.io/sutochno-feeds/images/9ee82e682b1b6f51.png,Адлер,5832 RUB,4,4.8333333333333,5.0,трансфер;ресторан;бар;круглосуточная стойка;сауна;Фитнес/спортзал;Спа;Бассейн (открытый);Игровая площадка для детей;лифт;пандус;детский бассейн;бассейн с подогревом;конференц-зал;камера хранения;прачечная
1669672150201,Гостиница Экодом Адлер,https://sutochno.ru/front/searchapp/hotels/166967,https://pumpons.github.io/sutochno-feeds/images/9ee82e682b1b6f51.png,Адлер,5832 RUB,4,4.8333333333333,5.0,трансфер;ресторан;бар;круглосуточная стойка;сауна;Фитнес/спортзал;Спа;Бассейн (открытый);Игровая площадка для детей;лифт;пандус;детский бассейн;бассейн с подогревом;конференц-зал;камера хранения;прачечная
1309991714353,Гостевой дом Терраса,https://sutochno.ru/front/searchapp/hotels/130999,https://pumpons.github.io/sutochno-feeds/images/725c9257b7f2025b.png,Адлер,4270 RUB,0,4.8333333333333,5.0,сад;Терраса
1669672150339,Гостиница Экодом Адлер,https://sutochno.ru/front/searchapp/hotels/166967,https://pumpons.github.io/sutochno-feeds/images/9ee82e682b1b6f51.png,Адлер,5832 RUB,4,4.8333333333333,5.0,трансфер;ресторан;бар;круглосуточная стойка;сауна;Фитнес/спортзал;Спа;Бассейн (открытый);Игровая площадка для детей;лифт;пандус;детский бассейн;бассейн с подогревом;конференц-зал;камера хранения;прачечная
1669672150415,Гостиница Экодом Адлер,https://sutochno.ru/front/searchapp/hotels/166967,https://pumpons.github.io/sutochno-feeds/images/9ee82e682b1b6f51.png,Адлер,5832 RUB,4,4.8333333333333,5.0,трансфер;ресторан;бар;круглосуточная стойка;сауна;Фитнес/спортзал;Спа;Бассейн (открытый);Игровая площадка для детей;лифт;пандус;детский бассейн;бассейн с подогревом;конференц-зал;камера хранения;прачечная
1720402240083,Отель Пальма,https://sutochno.ru/front/searchapp/hotels/172040,https://pumpons.github.io/sutochno-feeds/images/cab93ed70caf0e13.png,Адлер,5125 RUB,0,4.8333333333333,5.0,круглосуточная стойка;Терраса;Бассейн (крытый);бассейн с подогревом
1669672150190,Гостиница Экодом Адлер,https://sutochno.ru/front/searchapp/hotels/166967,https://pumpons.github.io/sutochno-feeds/images/9ee82e682b1b6f51.png,Адлер,5832 RUB,4,4.8333333333333,5.0,трансфер;ресторан;бар;круглосуточная стойка;сауна;Фитнес/спортзал;Спа;Бассейн (открытый);Игровая площадка для детей;лифт;пандус;детский бассейн;бассейн с подогревом;конференц-зал;камера хранения;прачечная
1669672150218,Гостиница Экодом Адлер,https://sutochno.ru/front/searchapp/hotels/166967,https://pumpons.github.io/sutochno-feeds/images/9ee82e682b1b6f51.png,Адлер,5832 RUB,4,4.8333333333333,5.0,трансфер;ресторан;бар;круглосуточная стойка;сауна;Фитнес/спортзал;Спа;Бассейн (открытый);Игровая площадка для детей;лифт;пандус;детский бассейн;бассейн с подогревом;конференц-зал;камера хранения;прачечная
1669672150405,Гостиница Экодом Адлер,https://sutochno.ru/front/searchapp/hotels/166967,https://pumpons.github.io/sutochno-feeds/images/9ee82e682b1b6f51.png,Адлер,5832 RUB,4,4.8333333333333,5.0,трансфер;ресторан;бар;круглосуточная стойка;сауна;Фитнес/спортзал;Спа;Бассейн (открытый);Игровая площадка для детей;лифт;пандус;детский бассейн;бассейн с подогревом;конференц-зал;камера хранения;прачечная
1669672150264,Гостиница Экодом Адлер,https://sutochno.ru/front/searchapp/hotels/166967,https://pumpons.github.io/sutochno-feeds/images/9ee82e682b1b6f51.png,Адлер,5832 RUB,4,4.8333333333333,5.0,трансфер;ресторан;бар;круглосуточная стойка;сауна;Фитнес/спортзал;Спа;Бассейн (открытый);Игровая площадка для детей;лифт;пандус;детский бассейн;бассейн с подогревом;конференц-зал;камера хранения;прачечная
1669672150275,Гостиница Экодом Адлер,https://sutochno.ru/front/searchapp/hotels/166967,https://pumpons.github.io/sutochno-feeds/images/9ee82e682b1b6f51.png,Адлер,5832 RUB,4,4.8333333333333,5.0,трансфер;ресторан;бар;круглосуточная стойка;сауна;Фитнес/спортзал;Спа;Бассейн (открытый);Игровая площадка для детей;лифт;пандус;детский бассейн;бассейн с подогревом;конференц-зал;камера хранения;прачечная
51837932643,Апартаменты Куб в Кубе,https://sutochno.ru/front/searchapp/hotels/51837,https://pumpons.github.io/sutochno-feeds/images/abb91a0517ad7f24.png,Красная Поляна,6500 RUB,0,4.8333333333333,5.0,сад;Бассейн (открытый);лифт
1423671830278,Объект Alex Royal,https://sutochno.ru/front/searchapp/hotels/142367,https://pumpons.github.io/sutochno-feeds/images/bae298d1c6557b38.png,Сочи,8135 RUB,0,4.8333333333333,5.0,трансфер;ресторан;доставка в номер;бар;круглосуточная стойка;сауна
1423671830295,Объект Alex Royal,https://sutochno.ru/front/searchapp/hotels/142367,https://pumpons.github.io/sutochno-feeds/images/7ab4b4337f28e72a.png,Сочи,6875 RUB,0,4.8333333333333,5.0,трансфер;ресторан;доставка в номер;бар;круглосуточная стойка;сауна
1640502127641,Объект Горизонт,https://sutochno.ru/front/searchapp/hotels/164050,https://pumpons.github.io/sutochno-feeds/images/6ec463fb0bff324d.png,Сочи,3800 RUB,0,4.8333333333333,5.0,трансфер;Терраса
810631161005,Объект Татьянин день ,https://sutochno.ru/front/searchapp/hotels/81063,https://pumpons.github.io/sutochno-feeds/images/713e15220663c5ef.png,Сочи,2000 RUB,0,4.8333333333333,5.0,трансфер;круглосуточная стойка;сад;Бассейн (открытый);Игровая площадка для детей
1399361805378,Объект Дом для гостей на Бризовой,https://sutochno.ru/front/searchapp/hotels/139936,https://pumpons.github.io/sutochno-feeds/images/295dfa8e39a46190.png,Сочи,2500 RUB,0,4.8333333333333,5.0,трансфер;круглосуточная стойка;сад;Терраса;детский бассейн;прачечная
1545902005299,Гостевой дом Атлантида,https://sutochno.ru/front/searchapp/hotels/154590,https://pumpons.github.io/sutochno-feeds/images/03a1648e95d3feae.png,Сочи,5000 RUB,0,4.8333333333333,5.0,трансфер;круглосуточная стойка;джакузи общего пользования;прачечная
1545902004872,Гостевой дом Атлантида,https://sutochno.ru/front/searchapp/hotels/154590,https://pumpons.github.io/sutochno-feeds/images/973db1dd8d12e0fd.png,Сочи,3500 RUB,0,4.8333333333333,5.0,трансфер;круглосуточная стойка;джакузи общего пользования;прачечная
1119371461247,Гостевой дом Черный Кот,https://sutochno.ru/front/searchapp/hotels/111937,https://pumpons.github.io/sutochno-feeds/images/cfd08ee17b271979.png,Сочи,5000 RUB,0,4.8333333333333,5.0,круглосуточная стойка;сад;Терраса;Бассейн (открытый);прачечная
16653642233,Отель Green House Detox and SPA,https://sutochno.ru/front/searchapp/hotels/16653,https://pumpons.github.io/sutochno-feeds/images/2dee7d3c3a3ad631.png,Сочи,7600 RUB,0,4.8333333333333,5.0,трансфер;ресторан;бар;круглосуточная стойка;сауна;Терраса;Спа;Бассейн (открытый);лифт
1715132232639,Гостевой дом Морская волна,https://sutochno.ru/front/searchapp/hotels/171513,https://pumpons.github.io/sutochno-feeds/images/32d5adc4f54ef567.png,Сочи,1500 RUB,0,4.8333333333333,5.0,прачечная
16653642253,Отель Green House Detox and SPA,https://sutochno.ru/front/searchapp/hotels/16653,https://pumpons.github.io/sutochno-feeds/images/e9afa76978af085f.png,Сочи,8300 RUB,0,4.8333333333333,5.0,трансфер;ресторан;бар;круглосуточная стойка;сауна;Терраса;Спа;Бассейн (открытый);лифт
16653642331,Отель Green House Detox and SPA,https://sutochno.ru/front/searchapp/hotels/16653,https://pumpons.github.io/sutochno-feeds/images/e9afa76978af085f.png,Сочи,8300 RUB,0,4.8333333333333,5.0,трансфер;ресторан;бар;круглосуточная стойка;сауна;Терраса;Спа;Бассейн (открытый);лифт
1756922268549,Отель Зеркальное Сияние,https://sutochno.ru/front/searchapp/hotels/175692,https://pumpons.github.io/sutochno-feeds/images/7363dbef80796965.png,Сочи,2300 RUB,0,4.8333333333333,5.0,лифт
1640502124090,Объект Горизонт,https://sutochno.ru/front/searchapp/hotels/164050,https://pumpons.github.io/sutochno-feeds/images/0321b1bc3f678470.png,Сочи,3500 RUB,0,4.8333333333333,5.0,трансфер;Терраса
789031138463,Объект Енисей,https://sutochno.ru/front/searchapp/hotels/78903,https://pumpons.github.io/sutochno-feeds/images/48657a36004ef71a.png,Сочи,2200 RUB,0,4.8333333333333,5.0,трансфер;сад
1640502127674,Объект Горизонт,https://sutochno.ru/front/searchapp/hotels/164050,https://pumpons.github.io/sutochno-feeds/images/38682d4b22f0ea50.png,Сочи,4500 RUB,0,4.8333333333333,5.0,трансфер;Терраса
1423671948955,Объект Alex Royal,https://sutochno.ru/front/searchapp/hotels/142367,https://pumpons.github.io/sutochno-feeds/images/dadc144477bfda70.png,Сочи,6300 RUB,0,4.8333333333333,5.0,трансфер;ресторан;доставка в номер;бар;круглосуточная стойка;сауна
1640502124799,Объект Горизонт,https://sutochno.ru/front/searchapp/hotels/164050,https://pumpons.github.io/sutochno-feeds/images/38682d4b22f0ea50.png,Сочи,4500 RUB,0,4.8333333333333,5.0,трансфер;Терраса
1545902004835,Гостевой дом Атлантида,https://sutochno.ru/front/searchapp/hotels/154590,https://pumpons.github.io/sutochno-feeds/images/e552dbb372e7a687.png,Сочи,2800 RUB,0,4.8333333333333,5.0,трансфер;круглосуточная стойка;джакузи общего пользования;прачечная
1119372302909,Гостевой дом Черный Кот,https://sutochno.ru/front/searchapp/hotels/111937,https://pumpons.github.io/sutochno-feeds/images/5249d356586d1bc0.png,Сочи,21250 RUB,0,4.8333333333333,5.0,круглосуточная стойка;сад;Терраса;Бассейн (открытый);прачечная
961671284321,Объект Сочи-Ярдъ,https://sutochno.ru/front/searchapp/hotels/96167,https://pumpons.github.io/sutochno-feeds/images/2e455709849d9294.png,Сочи,3200 RUB,0,4.8333333333333,5.0,трансфер;круглосуточная стойка
1119371461259,Гостевой дом Черный Кот,https://sutochno.ru/front/searchapp/hotels/111937,https://pumpons.github.io/sutochno-feeds/images/f32585138e6efd18.png,Сочи,4125 RUB,0,4.8333333333333,5.0,круглосуточная стойка;сад;Терраса;Бассейн (открытый);прачечная
961671284339,Объект Сочи-Ярдъ,https://sutochno.ru/front/searchapp/hotels/96167,https://pumpons.github.io/sutochno-feeds/images/93fabeb77bf1bde9.png,Сочи,4800 RUB,0,4.8333333333333,5.0,трансфер;круглосуточная стойка
166532057577,Отель Green House Detox and SPA,https://sutochno.ru/front/searchapp/hotels/16653,https://pumpons.github.io/sutochno-feeds/images/ac46e7c2fa18a8a8.png,Сочи,9300 RUB,0,4.8333333333333,5.0,трансфер;ресторан;бар;круглосуточная стойка;сауна;Терраса;Спа;Бассейн (открытый);лифт
1119371461439,Гостевой дом Черный Кот,https://sutochno.ru/front/searchapp/hotels/111937,https://pumpons.github.io/sutochno-feeds/images/4ab775025aed645c.png,Сочи,7500 RUB,0,4.8333333333333,5.0,круглосуточная стойка;сад;Терраса;Бассейн (открытый);прачечная
1715132232642,Гостевой дом Морская волна,https://sutochno.ru/front/searchapp/hotels/171513,https://pumpons.github.io/sutochno-feeds/images/2fdd8adcf2b8967c.png,Сочи,1600 RUB,0,4.8333333333333,5.0,прачечная
16653642183,Отель Green House Detox and SPA,https://sutochno.ru/front/searchapp/hotels/16653,https://pumpons.github.io/sutochno-feeds/images/a6710f33f4ce3cbb.png,Сочи,5700 RUB,0,4.8333333333333,5.0,трансфер;ресторан;бар;круглосуточная стойка;сауна;Терраса;Спа;Бассейн (открытый);лифт
961671284335,Объект Сочи-Ярдъ,https://sutochno.ru/front/searchapp/hotels/96167,https://pumpons.github.io/sutochno-feeds/images/6a97798f9ed45603.png,Сочи,2800 RUB,0,4.8333333333333,5.0,трансфер;круглосуточная стойка
580411001805,Гостевой дом Александра,https://sutochno.ru/front/searchapp/hotels/58041,https://pumpons.github.io/sutochno-feeds/images/0a99a55a2a6334f9.png,Сочи,5000 RUB,0,4.8327142857143,5.0,сад;Терраса
580411001837,Гостевой дом Александра,https://sutochno.ru/front/searchapp/hotels/58041,https://pumpons.github.io/sutochno-feeds/images/6307e1d6910d56c0.png,Сочи,900 RUB,0,4.8327142857143,5.0,сад;Терраса
580411001849,Гостевой дом Александра,https://sutochno.ru/front/searchapp/hotels/58041,https://pumpons.github.io/sutochno-feeds/images/98af798782004355.png,Сочи,800 RUB,0,4.8327142857143,5.0,сад;Терраса
580411978854,Гостевой дом Александра,https://sutochno.ru/front/searchapp/hotels/58041,https://pumpons.github.io/sutochno-feeds/images/0a99a55a2a6334f9.png,Сочи,5000 RUB,0,4.8327142857143,5.0,сад;Терраса
580411001787,Гостевой дом Александра,https://sutochno.ru/front/searchapp/hotels/58041,https://pumpons.github.io/sutochno-feeds/images/dba52079dde8068c.png,Сочи,700 RUB,0,4.8327142857143,5.0,сад;Терраса
58041997627,Гостевой дом Александра,https://sutochno.ru/front/searchapp/hotels/58041,https://pumpons.github.io/sutochno-feeds/images/6307e1d6910d56c0.png,Сочи,900 RUB,0,4.8327142857143,5.0,сад;Терраса
580411880705,Гостевой дом Александра,https://sutochno.ru/front/searchapp/hotels/58041,https://pumpons.github.io/sutochno-feeds/images/98af798782004355.png,Сочи,800 RUB,0,4.8327142857143,5.0,сад;Терраса
58041985077,Гостевой дом Александра,https://sutochno.ru/front/searchapp/hotels/58041,https://pumpons.github.io/sutochno-feeds/images/0a99a55a2a6334f9.png,Сочи,5000 RUB,0,4.8327142857143,5.0,сад;Терраса
58041980329,Гостевой дом Александра,https://sutochno.ru/front/searchapp/hotels/58041,https://pumpons.github.io/sutochno-feeds/images/98af798782004355.png,Сочи,800 RUB,0,4.8327142857143,5.0,сад;Терраса
650551049223,Объект Дельфинчик,https://sutochno.ru/front/searchapp/hotels/65055,https://pumpons.github.io/sutochno-feeds/images/848af74fded02c87.png,Адлер,1400 RUB,0,4.8309523809524,5.0,
650551032479,Объект Дельфинчик,https://sutochno.ru/front/searchapp/hotels/65055,https://pumpons.github.io/sutochno-feeds/images/71ea39ab43d348ba.png,Адлер,900 RUB,0,4.8309523809524,5.0,
650552053388,Объект Дельфинчик,https://sutochno.ru/front/searchapp/hotels/65055,https://pumpons.github.io/sutochno-feeds/images/fb8002ebfa2c4908.png,Адлер,2200 RUB,0,4.8309523809524,5.0,
1160232063647,Гостевой дом Гал,https://sutochno.ru/front/searchapp/hotels/116023,https://pumpons.github.io/sutochno-feeds/images/cec963dad9c34f6b.png,Адлер,2300 RUB,0,4.8305606842956,5.0,ресторан;круглосуточная стойка;Бассейн (открытый);бассейн с подогревом
1160231505503,Гостевой дом Гал,https://sutochno.ru/front/searchapp/hotels/116023,https://pumpons.github.io/sutochno-feeds/images/a0510304e3994dbc.png,Адлер,1300 RUB,0,4.8305606842956,5.0,ресторан;круглосуточная стойка;Бассейн (открытый);бассейн с подогревом
846931181797,Отель Wind Rose & SPA Роза Ветров,https://sutochno.ru/front/searchapp/hotels/84693,https://pumpons.github.io/sutochno-feeds/images/2ee68c566d3d4e46.png,Сочи,7875 RUB,4,4.8304761904762,5.0,ресторан;доставка в номер;бар;круглосуточная стойка;сауна;Фитнес/спортзал;Спа;Бассейн (открытый);Бассейн (крытый);джакузи общего пользования;Игровая площадка для детей;детский бассейн
846931181761,Отель Wind Rose & SPA Роза Ветров,https://sutochno.ru/front/searchapp/hotels/84693,https://pumpons.github.io/sutochno-feeds/images/4a1f2fdc07dd9be2.png,Сочи,7350 RUB,4,4.8304761904762,5.0,ресторан;доставка в номер;бар;круглосуточная стойка;сауна;Фитнес/спортзал;Спа;Бассейн (открытый);Бассейн (крытый);джакузи общего пользования;Игровая площадка для детей;детский бассейн
846931181725,Отель Wind Rose & SPA Роза Ветров,https://sutochno.ru/front/searchapp/hotels/84693,https://pumpons.github.io/sutochno-feeds/images/25657f615e5c2c62.png,Сочи,6825 RUB,4,4.8304761904762,5.0,ресторан;доставка в номер;бар;круглосуточная стойка;сауна;Фитнес/спортзал;Спа;Бассейн (открытый);Бассейн (крытый);джакузи общего пользования;Игровая площадка для детей;детский бассейн
51809945829,Апартаменты Sochi Vip House,https://sutochno.ru/front/searchapp/hotels/51809,https://pumpons.github.io/sutochno-feeds/images/af55f50aee46a399.png,Сочи,1900 RUB,0,4.8304680100533,5.0,круглосуточная стойка;прачечная
51809945673,Апартаменты Sochi Vip House,https://sutochno.ru/front/searchapp/hotels/51809,https://pumpons.github.io/sutochno-feeds/images/af55f50aee46a399.png,Сочи,1900 RUB,0,4.8304680100533,5.0,круглосуточная стойка;прачечная
51809985593,Апартаменты Sochi Vip House,https://sutochno.ru/front/searchapp/hotels/51809,https://pumpons.github.io/sutochno-feeds/images/bd2f54340b1a20a6.png,Сочи,2800 RUB,0,4.8304680100533,5.0,круглосуточная стойка;прачечная
51809937751,Апартаменты Sochi Vip House,https://sutochno.ru/front/searchapp/hotels/51809,https://pumpons.github.io/sutochno-feeds/images/14837b8c740092e9.png,Сочи,2200 RUB,0,4.8304680100533,5.0,круглосуточная стойка;прачечная
51809932329,Апартаменты Sochi Vip House,https://sutochno.ru/front/searchapp/hotels/51809,https://pumpons.github.io/sutochno-feeds/images/1aae611bf61af625.png,Сочи,2900 RUB,0,4.8304680100533,5.0,круглосуточная стойка;прачечная
51809937803,Апартаменты Sochi Vip House,https://sutochno.ru/front/searchapp/hotels/51809,https://pumpons.github.io/sutochno-feeds/images/14837b8c740092e9.png,Сочи,2200 RUB,0,4.8304680100533,5.0,круглосуточная стойка;прачечная
1170942144644,Гостевой дом Сербия,https://sutochno.ru/front/searchapp/hotels/117094,https://pumpons.github.io/sutochno-feeds/images/87d0f9e443c0ee47.png,Адлер,2700 RUB,0,4.8303075396825,5.0,сауна;сад;Терраса;Бассейн (открытый);Игровая площадка для детей
1170941517339,Гостевой дом Сербия,https://sutochno.ru/front/searchapp/hotels/117094,https://pumpons.github.io/sutochno-feeds/images/7c80364295a339fc.png,Адлер,5500 RUB,0,4.8303075396825,5.0,сауна;сад;Терраса;Бассейн (открытый);Игровая площадка для детей
1170942144560,Гостевой дом Сербия,https://sutochno.ru/front/searchapp/hotels/117094,https://pumpons.github.io/sutochno-feeds/images/7007886b51b01081.png,Адлер,1800 RUB,0,4.8303075396825,5.0,сауна;сад;Терраса;Бассейн (открытый);Игровая площадка для детей
1338281733136,Гостевой дом Виктория плюс,https://sutochno.ru/front/searchapp/hotels/133828,https://pumpons.github.io/sutochno-feeds/images/c5d0b76758045332.png,Адлер,2500 RUB,0,4.8301078551079,5.0,трансфер;ресторан;доставка в номер;круглосуточная стойка;сауна;Терраса;Бассейн (открытый);детский бассейн;бассейн с подогревом;прачечная
1338281733182,Гостевой дом Виктория плюс,https://sutochno.ru/front/searchapp/hotels/133828,https://pumpons.github.io/sutochno-feeds/images/64e36f36060c70c5.png,Адлер,2000 RUB,0,4.8301078551079,5.0,трансфер;ресторан;доставка в номер;круглосуточная стойка;сауна;Терраса;Бассейн (открытый);детский бассейн;бассейн с подогревом;прачечная
1338281733102,Гостевой дом Виктория плюс,https://sutochno.ru/front/searchapp/hotels/133828,https://pumpons.github.io/sutochno-feeds/images/23abf32af096f7c8.png,Адлер,1200 RUB,0,4.8301078551079,5.0,трансфер;ресторан;доставка в номер;круглосуточная стойка;сауна;Терраса;Бассейн (открытый);детский бассейн;бассейн с подогревом;прачечная
1338281733016,Гостевой дом Виктория плюс,https://sutochno.ru/front/searchapp/hotels/133828,https://pumpons.github.io/sutochno-feeds/images/39e20942565b1724.png,Адлер,1000 RUB,0,4.8301078551079,5.0,трансфер;ресторан;доставка в номер;круглосуточная стойка;сауна;Терраса;Бассейн (открытый);детский бассейн;бассейн с подогревом;прачечная
1338281733092,Гостевой дом Виктория плюс,https://sutochno.ru/front/searchapp/hotels/133828,https://pumpons.github.io/sutochno-feeds/images/23abf32af096f7c8.png,Адлер,1200 RUB,0,4.8301078551079,5.0,трансфер;ресторан;доставка в номер;круглосуточная стойка;сауна;Терраса;Бассейн (открытый);детский бассейн;бассейн с подогревом;прачечная
570951248801,Объект Гринго-2,https://sutochno.ru/front/searchapp/hotels/57095,https://pumpons.github.io/sutochno-feeds/images/f09749d4af468dd9.png,Адлер,2000 RUB,0,4.8296522921523,5.0,трансфер
57095974885,Объект Гринго-2,https://sutochno.ru/front/searchapp/hotels/57095,https://pumpons.github.io/sutochno-feeds/images/e091230b5216b7c5.png,Адлер,3500 RUB,0,4.8296522921523,5.0,трансфер
57095987599,Объект Гринго-2,https://sutochno.ru/front/searchapp/hotels/57095,https://pumpons.github.io/sutochno-feeds/images/f09749d4af468dd9.png,Адлер,2000 RUB,0,4.8296522921523,5.0,трансфер
1075691417279,Апарт-отель Эстет,https://sutochno.ru/front/searchapp/hotels/107569,https://pumpons.github.io/sutochno-feeds/images/7a9af1e0d78e4f4d.png,Сочи,3000 RUB,0,4.8289808759667,5.0,круглосуточная стойка;лифт
1075691417315,Апарт-отель Эстет,https://sutochno.ru/front/searchapp/hotels/107569,https://pumpons.github.io/sutochno-feeds/images/7a9af1e0d78e4f4d.png,Сочи,3000 RUB,0,4.8289808759667,5.0,круглосуточная стойка;лифт
1075691930552,Апарт-отель Эстет,https://sutochno.ru/front/searchapp/hotels/107569,https://pumpons.github.io/sutochno-feeds/images/7a9af1e0d78e4f4d.png,Сочи,3000 RUB,0,4.8289808759667,5.0,круглосуточная стойка;лифт
1075691417299,Апарт-отель Эстет,https://sutochno.ru/front/searchapp/hotels/107569,https://pumpons.github.io/sutochno-feeds/images/dac37651208a7610.png,Сочи,3300 RUB,0,4.8289808759667,5.0,круглосуточная стойка;лифт
1023951355659,Объект Memories ,https://sutochno.ru/front/searchapp/hotels/102395,https://pumpons.github.io/sutochno-feeds/images/16ed5b83af4e22c9.png,Адлер,2260 RUB,0,4.8284722222222,5.0,сад
1023951355741,Объект Memories ,https://sutochno.ru/front/searchapp/hotels/102395,https://pumpons.github.io/sutochno-feeds/images/17a00e433f3b8ecf.png,Адлер,2900 RUB,0,4.8284722222222,5.0,сад
541391206169,Объект На Красной,https://sutochno.ru/front/searchapp/hotels/54139,https://pumpons.github.io/sutochno-feeds/images/51f1a608e58f6730.png,Сочи,3500 RUB,0,4.8281305114638,5.0,трансфер;Терраса
1302131690706,Гостевой дом Сиена,https://sutochno.ru/front/searchapp/hotels/130213,https://pumpons.github.io/sutochno-feeds/images/771df46aaffc2a0e.png,Адлер,5000 RUB,0,4.8263888888889,5.0,трансфер;доставка в номер;круглосуточная стойка;сад
1302132100931,Гостевой дом Сиена,https://sutochno.ru/front/searchapp/hotels/130213,https://pumpons.github.io/sutochno-feeds/images/51bd704f6b2b4f8a.png,Адлер,1900 RUB,0,4.8263888888889,5.0,трансфер;доставка в номер;круглосуточная стойка;сад
1302131771352,Гостевой дом Сиена,https://sutochno.ru/front/searchapp/hotels/130213,https://pumpons.github.io/sutochno-feeds/images/51bd704f6b2b4f8a.png,Адлер,1900 RUB,0,4.8263888888889,5.0,трансфер;доставка в номер;круглосуточная стойка;сад
1302131792750,Гостевой дом Сиена,https://sutochno.ru/front/searchapp/hotels/130213,https://pumpons.github.io/sutochno-feeds/images/12ffd4ce54a8ab73.png,Адлер,2500 RUB,0,4.8263888888889,5.0,трансфер;доставка в номер;круглосуточная стойка;сад
1302131792725,Гостевой дом Сиена,https://sutochno.ru/front/searchapp/hotels/130213,https://pumpons.github.io/sutochno-feeds/images/4e7990dc5a32d516.png,Адлер,3800 RUB,0,4.8263888888889,5.0,трансфер;доставка в номер;круглосуточная стойка;сад
1302131771364,Гостевой дом Сиена,https://sutochno.ru/front/searchapp/hotels/130213,https://pumpons.github.io/sutochno-feeds/images/b22bc20add6cc1fa.png,Адлер,3100 RUB,0,4.8263888888889,5.0,трансфер;доставка в номер;круглосуточная стойка;сад
743351110711,Гостевой дом Дольче Адлер,https://sutochno.ru/front/searchapp/hotels/74335,https://pumpons.github.io/sutochno-feeds/images/3cc10adc81cd3c38.png,Адлер,1125 RUB,0,4.8257575757576,5.0,трансфер;круглосуточная стойка;Терраса
743352256983,Гостевой дом Дольче Адлер,https://sutochno.ru/front/searchapp/hotels/74335,https://pumpons.github.io/sutochno-feeds/images/203ee518cbae7087.png,Адлер,1120 RUB,0,4.8257575757576,5.0,трансфер;круглосуточная стойка;Терраса
786011137123,Гостевой дом АкваКавказ,https://sutochno.ru/front/searchapp/hotels/78601,https://pumpons.github.io/sutochno-feeds/images/f0b183e900d4b621.png,Сочи,3000 RUB,0,4.8252525252525,5.0,трансфер;Терраса;детский бассейн
786011147377,Гостевой дом АкваКавказ,https://sutochno.ru/front/searchapp/hotels/78601,https://pumpons.github.io/sutochno-feeds/images/c9288db82df07347.png,Сочи,4000 RUB,0,4.8252525252525,5.0,трансфер;Терраса;детский бассейн
916791474665,Объект Адель,https://sutochno.ru/front/searchapp/hotels/91679,https://pumpons.github.io/sutochno-feeds/images/4647740ccba15f35.png,Сочи,3500 RUB,0,4.825,5.0,трансфер;сад;Терраса;Бассейн (открытый)
916791474683,Объект Адель,https://sutochno.ru/front/searchapp/hotels/91679,https://pumpons.github.io/sutochno-feeds/images/12ec1facfa4a3766.png,Сочи,2800 RUB,0,4.825,5.0,трансфер;сад;Терраса;Бассейн (открытый)
916791474705,Объект Адель,https://sutochno.ru/front/searchapp/hotels/91679,https://pumpons.github.io/sutochno-feeds/images/12ec1facfa4a3766.png,Сочи,2800 RUB,0,4.825,5.0,трансфер;сад;Терраса;Бассейн (открытый)
1348551745429,Апартаменты Черноморское ,https://sutochno.ru/front/searchapp/hotels/134855,https://pumpons.github.io/sutochno-feeds/images/74e98cab712e58e1.png,Сочи,3490 RUB,0,4.8241421568627,5.0,
1348551734304,Апартаменты Черноморское ,https://sutochno.ru/front/searchapp/hotels/134855,https://pumpons.github.io/sutochno-feeds/images/fd8e12f20225147f.png,Сочи,3990 RUB,0,4.8241421568627,5.0,
770151116159,Объект KarlovHouse,https://sutochno.ru/front/searchapp/hotels/77015,https://pumpons.github.io/sutochno-feeds/images/36e89604d44b591d.png,Адлер,3500 RUB,0,4.822619047619,5.0,ресторан;доставка в номер;сауна;Фитнес/спортзал;сад;Терраса;Бассейн (открытый);лифт
1185641536609,Гостевой дом Светлана,https://sutochno.ru/front/searchapp/hotels/118564,https://pumpons.github.io/sutochno-feeds/images/426e8973966dc5f4.png,Адлер,3500 RUB,0,4.8222222222222,5.0,
1185641535599,Гостевой дом Светлана,https://sutochno.ru/front/searchapp/hotels/118564,https://pumpons.github.io/sutochno-feeds/images/a2a2a8f1c008d5e3.png,Адлер,3900 RUB,0,4.8222222222222,5.0,
176172059895,Отель Радуга - Престиж,https://sutochno.ru/front/searchapp/hotels/17617,https://pumpons.github.io/sutochno-feeds/images/32c9488333e62630.png,Сочи,3500 RUB,3,4.8222222222222,5.0,ресторан;круглосуточная стойка;сауна;Терраса;Бассейн (открытый);лифт;бассейн с подогревом
17617954049,Отель Радуга - Престиж,https://sutochno.ru/front/searchapp/hotels/17617,https://pumpons.github.io/sutochno-feeds/images/6556ab8e70349fef.png,Сочи,5800 RUB,3,4.8222222222222,5.0,ресторан;круглосуточная стойка;сауна;Терраса;Бассейн (открытый);лифт;бассейн с подогревом
17617647531,Отель Радуга - Престиж,https://sutochno.ru/front/searchapp/hotels/17617,https://pumpons.github.io/sutochno-feeds/images/bf92ff1af55749e0.png,Сочи,4300 RUB,3,4.8222222222222,5.0,ресторан;круглосуточная стойка;сауна;Терраса;Бассейн (открытый);лифт;бассейн с подогревом
481711436923,Апарт-отель Sanremo,https://sutochno.ru/front/searchapp/hotels/48171,https://pumpons.github.io/sutochno-feeds/images/cbc35fcc77f18bf8.png,Сочи,11000 RUB,3,4.8222222222222,5.0,трансфер;ресторан;доставка в номер;бар;круглосуточная стойка;лифт
481712119135,Апарт-отель Sanremo,https://sutochno.ru/front/searchapp/hotels/48171,https://pumpons.github.io/sutochno-feeds/images/3f3cad6bdf1d7145.png,Сочи,19500 RUB,3,4.8222222222222,5.0,трансфер;ресторан;доставка в номер;бар;круглосуточная стойка;лифт
176172059801,Отель Радуга - Престиж,https://sutochno.ru/front/searchapp/hotels/17617,https://pumpons.github.io/sutochno-feeds/images/05f4bbb64c5c6509.png,Сочи,3000 RUB,3,4.8222222222222,5.0,ресторан;круглосуточная стойка;сауна;Терраса;Бассейн (открытый);лифт;бассейн с подогревом
176171003869,Отель Радуга - Престиж,https://sutochno.ru/front/searchapp/hotels/17617,https://pumpons.github.io/sutochno-feeds/images/6556ab8e70349fef.png,Сочи,5800 RUB,3,4.8222222222222,5.0,ресторан;круглосуточная стойка;сауна;Терраса;Бассейн (открытый);лифт;бассейн с подогревом
48171890119,Апарт-отель Sanremo,https://sutochno.ru/front/searchapp/hotels/48171,https://pumpons.github.io/sutochno-feeds/images/783ff1968cc361a7.png,Сочи,6900 RUB,3,4.8222222222222,5.0,трансфер;ресторан;доставка в номер;бар;круглосуточная стойка;лифт
48171890157,Апарт-отель Sanremo,https://sutochno.ru/front/searchapp/hotels/48171,https://pumpons.github.io/sutochno-feeds/images/218803ea40956d60.png,Сочи,10000 RUB,3,4.8222222222222,5.0,трансфер;ресторан;доставка в номер;бар;круглосуточная стойка;лифт
1620372097531,Гостевой дом Арарат,https://sutochno.ru/front/searchapp/hotels/162037,https://pumpons.github.io/sutochno-feeds/images/f7212fa2a06fcbc4.png,Адлер,1400 RUB,0,4.8214285714286,5.0,
1620372097535,Гостевой дом Арарат,https://sutochno.ru/front/searchapp/hotels/162037,https://pumpons.github.io/sutochno-feeds/images/4df34f47cc6150ff.png,Адлер,1800 RUB,0,4.8214285714286,5.0,
1620372097515,Гостевой дом Арарат,https://sutochno.ru/front/searchapp/hotels/162037,https://pumpons.github.io/sutochno-feeds/images/e7a88e8f48af36f3.png,Адлер,1300 RUB,0,4.8214285714286,5.0,
1620372097541,Гостевой дом Арарат,https://sutochno.ru/front/searchapp/hotels/162037,https://pumpons.github.io/sutochno-feeds/images/2a6fef65ecd3909b.png,Адлер,2500 RUB,0,4.8214285714286,5.0,
1620372097522,Гостевой дом Арарат,https://sutochno.ru/front/searchapp/hotels/162037,https://pumpons.github.io/sutochno-feeds/images/f7212fa2a06fcbc4.png,Адлер,1400 RUB,0,4.8214285714286,5.0,
1468501893736,Объект Невская,https://sutochno.ru/front/searchapp/hotels/146850,https://pumpons.github.io/sutochno-feeds/images/b0498d69b13e3c89.png,Сочи,2300 RUB,0,4.8206349206349,5.0,Игровая площадка для детей
1304941693595,Гостевой дом Светлый,https://sutochno.ru/front/searchapp/hotels/130494,https://pumpons.github.io/sutochno-feeds/images/1451903dfad803f2.png,Адлер,1380 RUB,0,4.820202020202,5.0,круглосуточная стойка;сад;Бассейн (открытый);бассейн с подогревом
1304941693586,Гостевой дом Светлый,https://sutochno.ru/front/searchapp/hotels/130494,https://pumpons.github.io/sutochno-feeds/images/2d975fb58759269c.png,Адлер,1150 RUB,0,4.820202020202,5.0,круглосуточная стойка;сад;Бассейн (открытый);бассейн с подогревом
1304941693590,Гостевой дом Светлый,https://sutochno.ru/front/searchapp/hotels/130494,https://pumpons.github.io/sutochno-feeds/images/e5dc43e2d1cb76ea.png,Адлер,1265 RUB,0,4.820202020202,5.0,круглосуточная стойка;сад;Бассейн (открытый);бассейн с подогревом
1304941693597,Гостевой дом Светлый,https://sutochno.ru/front/searchapp/hotels/130494,https://pumpons.github.io/sutochno-feeds/images/77e2c81f0a8c1bea.png,Адлер,1495 RUB,0,4.820202020202,5.0,круглосуточная стойка;сад;Бассейн (открытый);бассейн с подогревом
542331072049,Объект Лукоморье,https://sutochno.ru/front/searchapp/hotels/54233,https://pumpons.github.io/sutochno-feeds/images/415e54f5650ce1ad.png,Адлер,1200 RUB,0,4.82,5.0,трансфер;круглосуточная стойка;сад;Терраса;Игровая площадка для детей
54233953507,Объект Лукоморье,https://sutochno.ru/front/searchapp/hotels/54233,https://pumpons.github.io/sutochno-feeds/images/81818ac3f108cf10.png,Адлер,2500 RUB,0,4.82,5.0,трансфер;круглосуточная стойка;сад;Терраса;Игровая площадка для детей
310831641667,Объект Сабрина,https://sutochno.ru/front/searchapp/hotels/31083,https://pumpons.github.io/sutochno-feeds/images/7ce62bf76d0ec005.png,Сочи,2400 RUB,0,4.8194444444444,5.0,трансфер;сад
310831399785,Объект Сабрина,https://sutochno.ru/front/searchapp/hotels/31083,https://pumpons.github.io/sutochno-feeds/images/6cd8cf29f362031a.png,Сочи,1800 RUB,0,4.8194444444444,5.0,трансфер;сад
310831641248,Объект Сабрина,https://sutochno.ru/front/searchapp/hotels/31083,https://pumpons.github.io/sutochno-feeds/images/6cd8cf29f362031a.png,Сочи,1800 RUB,0,4.8194444444444,5.0,трансфер;сад
310831399801,Объект Сабрина,https://sutochno.ru/front/searchapp/hotels/31083,https://pumpons.github.io/sutochno-feeds/images/7ce62bf76d0ec005.png,Сочи,2400 RUB,0,4.8194444444444,5.0,трансфер;сад
901131230053,Гостевой дом  Вилла Виттория,https://sutochno.ru/front/searchapp/hotels/90113,https://pumpons.github.io/sutochno-feeds/images/6b5cdca859b9ac3c.png,Сочи,2500 RUB,0,4.8186965811966,5.0,трансфер;сад;Терраса;детский бассейн;прачечная
791711146299,Гостевой дом Фиеста,https://sutochno.ru/front/searchapp/hotels/79171,https://pumpons.github.io/sutochno-feeds/images/16e3a495b9f4a524.png,Адлер,1600 RUB,0,4.8184027777778,5.0,трансфер;сад;Терраса;Игровая площадка для детей
791711146197,Гостевой дом Фиеста,https://sutochno.ru/front/searchapp/hotels/79171,https://pumpons.github.io/sutochno-feeds/images/16e3a495b9f4a524.png,Адлер,1600 RUB,0,4.8184027777778,5.0,трансфер;сад;Терраса;Игровая площадка для детей
791711146241,Гостевой дом Фиеста,https://sutochno.ru/front/searchapp/hotels/79171,https://pumpons.github.io/sutochno-feeds/images/8f438b501529ef61.png,Адлер,2200 RUB,0,4.8184027777778,5.0,трансфер;сад;Терраса;Игровая площадка для детей
791711146327,Гостевой дом Фиеста,https://sutochno.ru/front/searchapp/hotels/79171,https://pumpons.github.io/sutochno-feeds/images/3ee56267a6746e66.png,Адлер,2900 RUB,0,4.8184027777778,5.0,трансфер;сад;Терраса;Игровая площадка для детей
791711146331,Гостевой дом Фиеста,https://sutochno.ru/front/searchapp/hotels/79171,https://pumpons.github.io/sutochno-feeds/images/a311df5d90048e15.png,Адлер,3000 RUB,0,4.8184027777778,5.0,трансфер;сад;Терраса;Игровая площадка для детей
791711146285,Гостевой дом Фиеста,https://sutochno.ru/front/searchapp/hotels/79171,https://pumpons.github.io/sutochno-feeds/images/8f445b52f62d415d.png,Адлер,2500 RUB,0,4.8184027777778,5.0,трансфер;сад;Терраса;Игровая площадка для детей
1281671659012,Гостевой дом Альмира,https://sutochno.ru/front/searchapp/hotels/128167,https://pumpons.github.io/sutochno-feeds/images/934239daec6b0feb.png,Адлер,4000 RUB,0,4.8169257779866,5.0,круглосуточная стойка;сад
1281671658117,Гостевой дом Альмира,https://sutochno.ru/front/searchapp/hotels/128167,https://pumpons.github.io/sutochno-feeds/images/01997f1525ee96e9.png,Адлер,3100 RUB,0,4.8169257779866,5.0,круглосуточная стойка;сад
1281671659004,Гостевой дом Альмира,https://sutochno.ru/front/searchapp/hotels/128167,https://pumpons.github.io/sutochno-feeds/images/fa66b9e123ea8ef0.png,Адлер,2800 RUB,0,4.8169257779866,5.0,круглосуточная стойка;сад
1281671659026,Гостевой дом Альмира,https://sutochno.ru/front/searchapp/hotels/128167,https://pumpons.github.io/sutochno-feeds/images/aff7e25db87adb1b.png,Адлер,4500 RUB,0,4.8169257779866,5.0,круглосуточная стойка;сад
1281671659008,Гостевой дом Альмира,https://sutochno.ru/front/searchapp/hotels/128167,https://pumpons.github.io/sutochno-feeds/images/9e103c80f9a6c5a3.png,Адлер,2100 RUB,0,4.8169257779866,5.0,круглосуточная стойка;сад
1281671659019,Гостевой дом Альмира,https://sutochno.ru/front/searchapp/hotels/128167,https://pumpons.github.io/sutochno-feeds/images/39b9ee0a13074373.png,Адлер,4200 RUB,0,4.8169257779866,5.0,круглосуточная стойка;сад
1281671658105,Гостевой дом Альмира,https://sutochno.ru/front/searchapp/hotels/128167,https://pumpons.github.io/sutochno-feeds/images/e776392f3a1c9bf7.png,Адлер,2900 RUB,0,4.8169257779866,5.0,круглосуточная стойка;сад
725211091503,Гостевой дом Сальма,https://sutochno.ru/front/searchapp/hotels/72521,https://pumpons.github.io/sutochno-feeds/images/effb49cdc23a0b13.png,Сочи,2500 RUB,0,4.8166666666667,5.0,
725211091657,Гостевой дом Сальма,https://sutochno.ru/front/searchapp/hotels/72521,https://pumpons.github.io/sutochno-feeds/images/edf9ad0f1454b322.png,Сочи,2000 RUB,0,4.8166666666667,5.0,
610911144605,Объект Благодать,https://sutochno.ru/front/searchapp/hotels/61091,https://pumpons.github.io/sutochno-feeds/images/1f6bb51a0d678005.png,Сочи,6000 RUB,0,4.8157407407407,5.0,трансфер;сад;Терраса
610911144543,Объект Благодать,https://sutochno.ru/front/searchapp/hotels/61091,https://pumpons.github.io/sutochno-feeds/images/f0f1856049fac9c7.png,Сочи,4440 RUB,0,4.8157407407407,5.0,трансфер;сад;Терраса
610911144433,Объект Благодать,https://sutochno.ru/front/searchapp/hotels/61091,https://pumpons.github.io/sutochno-feeds/images/bd8ab14ef4c47883.png,Сочи,4080 RUB,0,4.8157407407407,5.0,трансфер;сад;Терраса
610911144415,Объект Благодать,https://sutochno.ru/front/searchapp/hotels/61091,https://pumpons.github.io/sutochno-feeds/images/bd8ab14ef4c47883.png,Сочи,4080 RUB,0,4.8157407407407,5.0,трансфер;сад;Терраса
610911144599,Объект Благодать,https://sutochno.ru/front/searchapp/hotels/61091,https://pumpons.github.io/sutochno-feeds/images/391861e40d5c8b3a.png,Сочи,4800 RUB,0,4.8157407407407,5.0,трансфер;сад;Терраса
22757740139,Объект Orange House,https://sutochno.ru/front/searchapp/hotels/22757,https://pumpons.github.io/sutochno-feeds/images/9ab86c81cddc89ac.png,Адлер,6000 RUB,0,4.8155066064887,5.0,трансфер
22757688955,Объект Orange House,https://sutochno.ru/front/searchapp/hotels/22757,https://pumpons.github.io/sutochno-feeds/images/325dc7e41d8fdbe1.png,Адлер,2500 RUB,0,4.8155066064887,5.0,трансфер
22757688673,Объект Orange House,https://sutochno.ru/front/searchapp/hotels/22757,https://pumpons.github.io/sutochno-feeds/images/defa7f139ff62e00.png,Адлер,2200 RUB,0,4.8155066064887,5.0,трансфер
22757688665,Объект Orange House,https://sutochno.ru/front/searchapp/hotels/22757,https://pumpons.github.io/sutochno-feeds/images/558e5b5ea50d402b.png,Адлер,2000 RUB,0,4.8155066064887,5.0,трансфер
1183761532202,Объект Моя Семья,https://sutochno.ru/front/searchapp/hotels/118376,https://pumpons.github.io/sutochno-feeds/images/d24c0f6bed888c25.png,Адлер,2200 RUB,0,4.8154761904762,5.0,
1183761532173,Объект Моя Семья,https://sutochno.ru/front/searchapp/hotels/118376,https://pumpons.github.io/sutochno-feeds/images/41ca390693d870bd.png,Адлер,3500 RUB,0,4.8154761904762,5.0,
1542212000383,Отель Эльпида Неолит,https://sutochno.ru/front/searchapp/hotels/154221,https://pumpons.github.io/sutochno-feeds/images/d56961ed9e334f5d.png,Красная Поляна,2690 RUB,3,4.8154761904762,5.0,трансфер;ресторан;круглосуточная стойка;Терраса;Бассейн (открытый);бассейн с подогревом;камера хранения;прачечная
1542212000357,Отель Эльпида Неолит,https://sutochno.ru/front/searchapp/hotels/154221,https://pumpons.github.io/sutochno-feeds/images/b760651f38b9ac19.png,Красная Поляна,3190 RUB,3,4.8154761904762,5.0,трансфер;ресторан;круглосуточная стойка;Терраса;Бассейн (открытый);бассейн с подогревом;камера хранения;прачечная
1542212000277,Отель Эльпида Неолит,https://sutochno.ru/front/searchapp/hotels/154221,https://pumpons.github.io/sutochno-feeds/images/61a9a24f6f672973.png,Красная Поляна,2550 RUB,3,4.8154761904762,5.0,трансфер;ресторан;круглосуточная стойка;Терраса;Бассейн (открытый);бассейн с подогревом;камера хранения;прачечная
1542212000265,Отель Эльпида Неолит,https://sutochno.ru/front/searchapp/hotels/154221,https://pumpons.github.io/sutochno-feeds/images/861a7f5f1361ec3b.png,Красная Поляна,2290 RUB,3,4.8154761904762,5.0,трансфер;ресторан;круглосуточная стойка;Терраса;Бассейн (открытый);бассейн с подогревом;камера хранения;прачечная
52481947579,Гостевой дом Sophia GuestHouse,https://sutochno.ru/front/searchapp/hotels/52481,https://pumpons.github.io/sutochno-feeds/images/5a102950652e6f0e.png,Адлер,5000 RUB,0,4.8139625420875,5.0,
52481947437,Гостевой дом Sophia GuestHouse,https://sutochno.ru/front/searchapp/hotels/52481,https://pumpons.github.io/sutochno-feeds/images/2f3fde536c7159ec.png,Адлер,4500 RUB,0,4.8139625420875,5.0,
524811018763,Гостевой дом Sophia GuestHouse,https://sutochno.ru/front/searchapp/hotels/52481,https://pumpons.github.io/sutochno-feeds/images/527eeda4b5f06117.png,Адлер,2300 RUB,0,4.8139625420875,5.0,
52481947409,Гостевой дом Sophia GuestHouse,https://sutochno.ru/front/searchapp/hotels/52481,https://pumpons.github.io/sutochno-feeds/images/2c63ffacbccd0834.png,Адлер,2400 RUB,0,4.8139625420875,5.0,
52481947371,Гостевой дом Sophia GuestHouse,https://sutochno.ru/front/searchapp/hotels/52481,https://pumpons.github.io/sutochno-feeds/images/11fdb69c757f749a.png,Адлер,2500 RUB,0,4.8139625420875,5.0,
52481947553,Гостевой дом Sophia GuestHouse,https://sutochno.ru/front/searchapp/hotels/52481,https://pumpons.github.io/sutochno-feeds/images/5a102950652e6f0e.png,Адлер,5000 RUB,0,4.8139625420875,5.0,
827751774874,Объект Центр,https://sutochno.ru/front/searchapp/hotels/82775,https://pumpons.github.io/sutochno-feeds/images/5d947ca1570de4d1.png,Сочи,3200 RUB,0,4.8131944444444,5.0,трансфер
827751165995,Объект Центр,https://sutochno.ru/front/searchapp/hotels/82775,https://pumpons.github.io/sutochno-feeds/images/7055a475038d1d4a.png,Сочи,2600 RUB,0,4.8131944444444,5.0,трансфер
827751165953,Объект Центр,https://sutochno.ru/front/searchapp/hotels/82775,https://pumpons.github.io/sutochno-feeds/images/2ed1b8d2f89b340b.png,Сочи,2300 RUB,0,4.8131944444444,5.0,трансфер
827751179655,Объект Центр,https://sutochno.ru/front/searchapp/hotels/82775,https://pumpons.github.io/sutochno-feeds/images/9f68adb36e1ee09b.png,Сочи,2900 RUB,0,4.8131944444444,5.0,трансфер
51261928663,Гостевой дом Вершина,https://sutochno.ru/front/searchapp/hotels/51261,https://pumpons.github.io/sutochno-feeds/images/2ec9b05512b7d161.png,Красная Поляна,7150 RUB,0,4.8131444285031,5.0,трансфер;доставка в номер;Игровая площадка для детей
58367983081,Отель Маяк Дом,https://sutochno.ru/front/searchapp/hotels/58367,https://pumpons.github.io/sutochno-feeds/images/bbed7d8eb32f353b.png,Адлер,6000 RUB,0,4.8128723404255,5.0,ресторан;доставка в номер;бар;Терраса
1529611984572,Гостевой дом У Оксаны,https://sutochno.ru/front/searchapp/hotels/152961,https://pumpons.github.io/sutochno-feeds/images/6d3edaceabfaee87.png,Сочи,3278 RUB,0,4.8126984126984,5.0,бар;круглосуточная стойка;Бассейн (открытый);бассейн с подогревом
1529611984570,Гостевой дом У Оксаны,https://sutochno.ru/front/searchapp/hotels/152961,https://pumpons.github.io/sutochno-feeds/images/990d7d2aa9f425c9.png,Сочи,2875 RUB,0,4.8126984126984,5.0,бар;круглосуточная стойка;Бассейн (открытый);бассейн с подогревом
1529611984568,Гостевой дом У Оксаны,https://sutochno.ru/front/searchapp/hotels/152961,https://pumpons.github.io/sutochno-feeds/images/990d7d2aa9f425c9.png,Сочи,2875 RUB,0,4.8126984126984,5.0,бар;круглосуточная стойка;Бассейн (открытый);бассейн с подогревом
1529611984407,Гостевой дом У Оксаны,https://sutochno.ru/front/searchapp/hotels/152961,https://pumpons.github.io/sutochno-feeds/images/1e5117698c8ef883.png,Сочи,2530 RUB,0,4.8126984126984,5.0,бар;круглосуточная стойка;Бассейн (открытый);бассейн с подогревом
1529611984575,Гостевой дом У Оксаны,https://sutochno.ru/front/searchapp/hotels/152961,https://pumpons.github.io/sutochno-feeds/images/46e2334f91580af8.png,Сочи,3910 RUB,0,4.8126984126984,5.0,бар;круглосуточная стойка;Бассейн (открытый);бассейн с подогревом
1529611984481,Гостевой дом У Оксаны,https://sutochno.ru/front/searchapp/hotels/152961,https://pumpons.github.io/sutochno-feeds/images/1e5117698c8ef883.png,Сочи,2530 RUB,0,4.8126984126984,5.0,бар;круглосуточная стойка;Бассейн (открытый);бассейн с подогревом
1529611984593,Гостевой дом У Оксаны,https://sutochno.ru/front/searchapp/hotels/152961,https://pumpons.github.io/sutochno-feeds/images/d7183896bdb7c64d.png,Сочи,2645 RUB,0,4.8126984126984,5.0,бар;круглосуточная стойка;Бассейн (открытый);бассейн с подогревом
1101731444169,Гостевой дом Панорама,https://sutochno.ru/front/searchapp/hotels/110173,https://pumpons.github.io/sutochno-feeds/images/05863b4c1329da8e.png,Адлер,3400 RUB,0,4.8125,5.0,трансфер;круглосуточная стойка;сад;Терраса;Бассейн (открытый);Игровая площадка для детей;бассейн с подогревом
1101731443859,Гостевой дом Панорама,https://sutochno.ru/front/searchapp/hotels/110173,https://pumpons.github.io/sutochno-feeds/images/220a9ac1991c1761.png,Адлер,2800 RUB,0,4.8125,5.0,трансфер;круглосуточная стойка;сад;Терраса;Бассейн (открытый);Игровая площадка для детей;бассейн с подогревом
1101731444185,Гостевой дом Панорама,https://sutochno.ru/front/searchapp/hotels/110173,https://pumpons.github.io/sutochno-feeds/images/92a5586d14bea2f7.png,Адлер,3700 RUB,0,4.8125,5.0,трансфер;круглосуточная стойка;сад;Терраса;Бассейн (открытый);Игровая площадка для детей;бассейн с подогревом
1101731443903,Гостевой дом Панорама,https://sutochno.ru/front/searchapp/hotels/110173,https://pumpons.github.io/sutochno-feeds/images/220a9ac1991c1761.png,Адлер,2800 RUB,0,4.8125,5.0,трансфер;круглосуточная стойка;сад;Терраса;Бассейн (открытый);Игровая площадка для детей;бассейн с подогревом
1457781871522,Отель Грейс Лазурь,https://sutochno.ru/front/searchapp/hotels/145778,https://pumpons.github.io/sutochno-feeds/images/d2f06d076380faad.png,Адлер,23000 RUB,4,4.8117283950617,5.0,бар;круглосуточная стойка;сауна;Терраса;Спа;Бассейн (открытый);джакузи общего пользования;Игровая площадка для детей;лифт;бассейн с подогревом
1457781871571,Отель Грейс Лазурь,https://sutochno.ru/front/searchapp/hotels/145778,https://pumpons.github.io/sutochno-feeds/images/ee0645cbe177399c.png,Адлер,13225 RUB,4,4.8117283950617,5.0,бар;круглосуточная стойка;сауна;Терраса;Спа;Бассейн (открытый);джакузи общего пользования;Игровая площадка для детей;лифт;бассейн с подогревом
1457781871515,Отель Грейс Лазурь,https://sutochno.ru/front/searchapp/hotels/145778,https://pumpons.github.io/sutochno-feeds/images/edfe3fe097df50f4.png,Адлер,15525 RUB,4,4.8117283950617,5.0,бар;круглосуточная стойка;сауна;Терраса;Спа;Бассейн (открытый);джакузи общего пользования;Игровая площадка для детей;лифт;бассейн с подогревом
1457781871425,Отель Грейс Лазурь,https://sutochno.ru/front/searchapp/hotels/145778,https://pumpons.github.io/sutochno-feeds/images/682ebe5bff235d05.png,Адлер,10925 RUB,4,4.8117283950617,5.0,бар;круглосуточная стойка;сауна;Терраса;Спа;Бассейн (открытый);джакузи общего пользования;Игровая площадка для детей;лифт;бассейн с подогревом
1457781871452,Отель Грейс Лазурь,https://sutochno.ru/front/searchapp/hotels/145778,https://pumpons.github.io/sutochno-feeds/images/be5b6044f17f22bc.png,Адлер,30130 RUB,4,4.8117283950617,5.0,бар;круглосуточная стойка;сауна;Терраса;Спа;Бассейн (открытый);джакузи общего пользования;Игровая площадка для детей;лифт;бассейн с подогревом
1457781871491,Отель Грейс Лазурь,https://sutochno.ru/front/searchapp/hotels/145778,https://pumpons.github.io/sutochno-feeds/images/efb01290ac7c76c3.png,Адлер,8625 RUB,4,4.8117283950617,5.0,бар;круглосуточная стойка;сауна;Терраса;Спа;Бассейн (открытый);джакузи общего пользования;Игровая площадка для детей;лифт;бассейн с подогревом
1457781871469,Отель Грейс Лазурь,https://sutochno.ru/front/searchapp/hotels/145778,https://pumpons.github.io/sutochno-feeds/images/4147e37ef0c19ab2.png,Адлер,6900 RUB,4,4.8117283950617,5.0,бар;круглосуточная стойка;сауна;Терраса;Спа;Бассейн (открытый);джакузи общего пользования;Игровая площадка для детей;лифт;бассейн с подогревом
1457781871439,Отель Грейс Лазурь,https://sutochno.ru/front/searchapp/hotels/145778,https://pumpons.github.io/sutochno-feeds/images/a52b2aed079bf0c3.png,Адлер,14375 RUB,4,4.8117283950617,5.0,бар;круглосуточная стойка;сауна;Терраса;Спа;Бассейн (открытый);джакузи общего пользования;Игровая площадка для детей;лифт;бассейн с подогревом
1457781871505,Отель Грейс Лазурь,https://sutochno.ru/front/searchapp/hotels/145778,https://pumpons.github.io/sutochno-feeds/images/43f5a11dee877b0a.png,Адлер,12650 RUB,4,4.8117283950617,5.0,бар;круглосуточная стойка;сауна;Терраса;Спа;Бассейн (открытый);джакузи общего пользования;Игровая площадка для детей;лифт;бассейн с подогревом
1483361911558,Гостевой дом АКС,https://sutochno.ru/front/searchapp/hotels/148336,https://pumpons.github.io/sutochno-feeds/images/6100ce97433d2895.png,Сочи,3500 RUB,0,4.810606060606,5.0,круглосуточная стойка;сад;Бассейн (открытый);бассейн с подогревом;камера хранения
1483361911564,Гостевой дом АКС,https://sutochno.ru/front/searchapp/hotels/148336,https://pumpons.github.io/sutochno-feeds/images/8c270431e63663fb.png,Сочи,3000 RUB,0,4.810606060606,5.0,круглосуточная стойка;сад;Бассейн (открытый);бассейн с подогревом;камера хранения
1483361911547,Гостевой дом АКС,https://sutochno.ru/front/searchapp/hotels/148336,https://pumpons.github.io/sutochno-feeds/images/f725de5223e70bcb.png,Сочи,2000 RUB,0,4.810606060606,5.0,круглосуточная стойка;сад;Бассейн (открытый);бассейн с подогревом;камера хранения
1483361911572,Гостевой дом АКС,https://sutochno.ru/front/searchapp/hotels/148336,https://pumpons.github.io/sutochno-feeds/images/f725de5223e70bcb.png,Сочи,2000 RUB,0,4.810606060606,5.0,круглосуточная стойка;сад;Бассейн (открытый);бассейн с подогревом;камера хранения
1483361911575,Гостевой дом АКС,https://sutochno.ru/front/searchapp/hotels/148336,https://pumpons.github.io/sutochno-feeds/images/375b6728ddd2a510.png,Сочи,4000 RUB,0,4.810606060606,5.0,круглосуточная стойка;сад;Бассейн (открытый);бассейн с подогревом;камера хранения
1483361911529,Гостевой дом АКС,https://sutochno.ru/front/searchapp/hotels/148336,https://pumpons.github.io/sutochno-feeds/images/ab7770a33982493c.png,Сочи,2500 RUB,0,4.810606060606,5.0,круглосуточная стойка;сад;Бассейн (открытый);бассейн с подогревом;камера хранения
707531077815,Апартаменты Бристоль,https://sutochno.ru/front/searchapp/hotels/70753,https://pumpons.github.io/sutochno-feeds/images/284bb8f84b5ae183.png,Сочи,4000 RUB,0,4.8093434343434,5.0,бар;круглосуточная стойка;сауна;Терраса;Бассейн (открытый);Игровая площадка для детей
707531077763,Апартаменты Бристоль,https://sutochno.ru/front/searchapp/hotels/70753,https://pumpons.github.io/sutochno-feeds/images/1301e3cc897c7f34.png,Сочи,3000 RUB,0,4.8093434343434,5.0,бар;круглосуточная стойка;сауна;Терраса;Бассейн (открытый);Игровая площадка для детей
707531077699,Апартаменты Бристоль,https://sutochno.ru/front/searchapp/hotels/70753,https://pumpons.github.io/sutochno-feeds/images/44ff96ec4aa0d062.png,Сочи,2500 RUB,0,4.8093434343434,5.0,бар;круглосуточная стойка;сауна;Терраса;Бассейн (открытый);Игровая площадка для детей
707531077635,Апартаменты Бристоль,https://sutochno.ru/front/searchapp/hotels/70753,https://pumpons.github.io/sutochno-feeds/images/af0fe27db96c0c0e.png,Сочи,2000 RUB,0,4.8093434343434,5.0,бар;круглосуточная стойка;сауна;Терраса;Бассейн (открытый);Игровая площадка для детей
1086631430897,Отель Bergs spa and Conference,https://sutochno.ru/front/searchapp/hotels/108663,https://pumpons.github.io/sutochno-feeds/images/e20a885c0851cad5.png,Сочи,5500 RUB,4,4.8092592592593,5.0,трансфер;ресторан;доставка в номер;бар;круглосуточная стойка;сауна;Фитнес/спортзал;Терраса;Спа;Бассейн (открытый);Бассейн (крытый);лифт;детский бассейн;банный чан;бассейн с подогревом;переговорная;камера хранения
1086631975258,Отель Bergs spa and Conference,https://sutochno.ru/front/searchapp/hotels/108663,https://pumpons.github.io/sutochno-feeds/images/3ee6a801abbaedb1.png,Сочи,6000 RUB,4,4.8092592592593,5.0,трансфер;ресторан;доставка в номер;бар;круглосуточная стойка;сауна;Фитнес/спортзал;Терраса;Спа;Бассейн (открытый);Бассейн (крытый);лифт;детский бассейн;банный чан;бассейн с подогревом;переговорная;камера хранения
1086631868262,Отель Bergs spa and Conference,https://sutochno.ru/front/searchapp/hotels/108663,https://pumpons.github.io/sutochno-feeds/images/af3a69f57371f111.png,Сочи,5000 RUB,4,4.8092592592593,5.0,трансфер;ресторан;доставка в номер;бар;круглосуточная стойка;сауна;Фитнес/спортзал;Терраса;Спа;Бассейн (открытый);Бассейн (крытый);лифт;детский бассейн;банный чан;бассейн с подогревом;переговорная;камера хранения
1086631975290,Отель Bergs spa and Conference,https://sutochno.ru/front/searchapp/hotels/108663,https://pumpons.github.io/sutochno-feeds/images/321032c26dc0ddd0.png,Сочи,10500 RUB,4,4.8092592592593,5.0,трансфер;ресторан;доставка в номер;бар;круглосуточная стойка;сауна;Фитнес/спортзал;Терраса;Спа;Бассейн (открытый);Бассейн (крытый);лифт;детский бассейн;банный чан;бассейн с подогревом;переговорная;камера хранения
1086631975263,Отель Bergs spa and Conference,https://sutochno.ru/front/searchapp/hotels/108663,https://pumpons.github.io/sutochno-feeds/images/a08fd5fd203e8cef.png,Сочи,6500 RUB,4,4.8092592592593,5.0,трансфер;ресторан;доставка в номер;бар;круглосуточная стойка;сауна;Фитнес/спортзал;Терраса;Спа;Бассейн (открытый);Бассейн (крытый);лифт;детский бассейн;банный чан;бассейн с подогревом;переговорная;камера хранения
1086631427453,Отель Bergs spa and Conference,https://sutochno.ru/front/searchapp/hotels/108663,https://pumpons.github.io/sutochno-feeds/images/fe14716006ae8301.png,Сочи,4500 RUB,4,4.8092592592593,5.0,трансфер;ресторан;доставка в номер;бар;круглосуточная стойка;сауна;Фитнес/спортзал;Терраса;Спа;Бассейн (открытый);Бассейн (крытый);лифт;детский бассейн;банный чан;бассейн с подогревом;переговорная;камера хранения
1086631975277,Отель Bergs spa and Conference,https://sutochno.ru/front/searchapp/hotels/108663,https://pumpons.github.io/sutochno-feeds/images/22bb6bc90ee3d142.png,Сочи,7000 RUB,4,4.8092592592593,5.0,трансфер;ресторан;доставка в номер;бар;круглосуточная стойка;сауна;Фитнес/спортзал;Терраса;Спа;Бассейн (открытый);Бассейн (крытый);лифт;детский бассейн;банный чан;бассейн с подогревом;переговорная;камера хранения
1086631975287,Отель Bergs spa and Conference,https://sutochno.ru/front/searchapp/hotels/108663,https://pumpons.github.io/sutochno-feeds/images/57a60aa8d30d8a6a.png,Сочи,9000 RUB,4,4.8092592592593,5.0,трансфер;ресторан;доставка в номер;бар;круглосуточная стойка;сауна;Фитнес/спортзал;Терраса;Спа;Бассейн (открытый);Бассейн (крытый);лифт;детский бассейн;банный чан;бассейн с подогревом;переговорная;камера хранения
1013171346919,Гостевой дом У дяди Вани,https://sutochno.ru/front/searchapp/hotels/101317,https://pumpons.github.io/sutochno-feeds/images/0f8a898d7ab155b7.png,Адлер,7000 RUB,0,4.8078149920255,5.0,трансфер;круглосуточная стойка;Бассейн (открытый);Игровая площадка для детей
1013171346909,Гостевой дом У дяди Вани,https://sutochno.ru/front/searchapp/hotels/101317,https://pumpons.github.io/sutochno-feeds/images/e3117c9fe7448566.png,Адлер,6000 RUB,0,4.8078149920255,5.0,трансфер;круглосуточная стойка;Бассейн (открытый);Игровая площадка для детей
1013171343091,Гостевой дом У дяди Вани,https://sutochno.ru/front/searchapp/hotels/101317,https://pumpons.github.io/sutochno-feeds/images/d5aefcb375c86095.png,Адлер,3500 RUB,0,4.8078149920255,5.0,трансфер;круглосуточная стойка;Бассейн (открытый);Игровая площадка для детей
398611182359,Гостевой дом Яна,https://sutochno.ru/front/searchapp/hotels/39861,https://pumpons.github.io/sutochno-feeds/images/f46d62401155dfdc.png,Сочи,3000 RUB,0,4.8068981481481,5.0,трансфер;круглосуточная стойка;сад;Игровая площадка для детей;камера хранения
398611559389,Гостевой дом Яна,https://sutochno.ru/front/searchapp/hotels/39861,https://pumpons.github.io/sutochno-feeds/images/23a32f7a2ca27959.png,Сочи,1600 RUB,0,4.8068981481481,5.0,трансфер;круглосуточная стойка;сад;Игровая площадка для детей;камера хранения
398611134215,Гостевой дом Яна,https://sutochno.ru/front/searchapp/hotels/39861,https://pumpons.github.io/sutochno-feeds/images/d47ccf0f9774df1e.png,Сочи,1800 RUB,0,4.8068981481481,5.0,трансфер;круглосуточная стойка;сад;Игровая площадка для детей;камера хранения
398611134375,Гостевой дом Яна,https://sutochno.ru/front/searchapp/hotels/39861,https://pumpons.github.io/sutochno-feeds/images/f46d62401155dfdc.png,Сочи,3000 RUB,0,4.8068981481481,5.0,трансфер;круглосуточная стойка;сад;Игровая площадка для детей;камера хранения
398611134335,Гостевой дом Яна,https://sutochno.ru/front/searchapp/hotels/39861,https://pumpons.github.io/sutochno-feeds/images/4aef9a2f8b0321b6.png,Сочи,3500 RUB,0,4.8068981481481,5.0,трансфер;круглосуточная стойка;сад;Игровая площадка для детей;камера хранения
398611190673,Гостевой дом Яна,https://sutochno.ru/front/searchapp/hotels/39861,https://pumpons.github.io/sutochno-feeds/images/a1e768c325c70d57.png,Сочи,1700 RUB,0,4.8068981481481,5.0,трансфер;круглосуточная стойка;сад;Игровая площадка для детей;камера хранения
940712273382,Гостевой дом Афалина,https://sutochno.ru/front/searchapp/hotels/94071,https://pumpons.github.io/sutochno-feeds/images/e2ec24a0fa1b8e89.png,Адлер,1456 RUB,0,4.8064905660377,5.0,круглосуточная стойка;Терраса;прачечная
940712273509,Гостевой дом Афалина,https://sutochno.ru/front/searchapp/hotels/94071,https://pumpons.github.io/sutochno-feeds/images/599a9952a2674ac1.png,Адлер,1120 RUB,0,4.8064905660377,5.0,круглосуточная стойка;Терраса;прачечная
940712273389,Гостевой дом Афалина,https://sutochno.ru/front/searchapp/hotels/94071,https://pumpons.github.io/sutochno-feeds/images/4d6992923ad72ef4.png,Адлер,1232 RUB,0,4.8064905660377,5.0,круглосуточная стойка;Терраса;прачечная
940712273503,Гостевой дом Афалина,https://sutochno.ru/front/searchapp/hotels/94071,https://pumpons.github.io/sutochno-feeds/images/58f7bb9746525239.png,Адлер,1344 RUB,0,4.8064905660377,5.0,круглосуточная стойка;Терраса;прачечная
52019938117,Гостиница Марина Парк,https://sutochno.ru/front/searchapp/hotels/52019,https://pumpons.github.io/sutochno-feeds/images/58aa8bffa916b808.png,Сочи,12000 RUB,0,4.806340606043,5.0,круглосуточная стойка;лифт
52019952881,Гостиница Марина Парк,https://sutochno.ru/front/searchapp/hotels/52019,https://pumpons.github.io/sutochno-feeds/images/3e500ee949db8f26.png,Сочи,5400 RUB,0,4.806340606043,5.0,круглосуточная стойка;лифт
52019952805,Гостиница Марина Парк,https://sutochno.ru/front/searchapp/hotels/52019,https://pumpons.github.io/sutochno-feeds/images/3e500ee949db8f26.png,Сочи,5400 RUB,0,4.806340606043,5.0,круглосуточная стойка;лифт
52019952687,Гостиница Марина Парк,https://sutochno.ru/front/searchapp/hotels/52019,https://pumpons.github.io/sutochno-feeds/images/3e500ee949db8f26.png,Сочи,5400 RUB,0,4.806340606043,5.0,круглосуточная стойка;лифт
52019952871,Гостиница Марина Парк,https://sutochno.ru/front/searchapp/hotels/52019,https://pumpons.github.io/sutochno-feeds/images/f8d699c0d5908e2e.png,Сочи,3510 RUB,0,4.806340606043,5.0,круглосуточная стойка;лифт
669671046531,Гостевой дом Лазурный бриз,https://sutochno.ru/front/searchapp/hotels/66967,https://pumpons.github.io/sutochno-feeds/images/11ede6621d123303.png,Сочи,2850 RUB,0,4.8055555555556,5.0,бар;круглосуточная стойка;сад
669671046719,Гостевой дом Лазурный бриз,https://sutochno.ru/front/searchapp/hotels/66967,https://pumpons.github.io/sutochno-feeds/images/59eb81913e7743e1.png,Сочи,4700 RUB,0,4.8055555555556,5.0,бар;круглосуточная стойка;сад
669671046773,Гостевой дом Лазурный бриз,https://sutochno.ru/front/searchapp/hotels/66967,https://pumpons.github.io/sutochno-feeds/images/0d0a46a120447653.png,Сочи,4100 RUB,0,4.8055555555556,5.0,бар;круглосуточная стойка;сад
669671046551,Гостевой дом Лазурный бриз,https://sutochno.ru/front/searchapp/hotels/66967,https://pumpons.github.io/sutochno-feeds/images/a1e33b88ec9c42fa.png,Сочи,3800 RUB,0,4.8055555555556,5.0,бар;круглосуточная стойка;сад
669671046829,Гостевой дом Лазурный бриз,https://sutochno.ru/front/searchapp/hotels/66967,https://pumpons.github.io/sutochno-feeds/images/bbd317ac5f215cd4.png,Сочи,2600 RUB,0,4.8055555555556,5.0,бар;круглосуточная стойка;сад
1169351515778,Апарт-отель Моне,https://sutochno.ru/front/searchapp/hotels/116935,https://pumpons.github.io/sutochno-feeds/images/51cf9ee8074c06cc.png,Сочи,6500 RUB,4,4.8055555555555,5.0,ресторан;доставка в номер;бар;круглосуточная стойка;Фитнес/спортзал;сад;Терраса;Бассейн (открытый);Игровая площадка для детей;лифт;детский бассейн;бассейн с подогревом;прачечная
51445929439,Гостевой дом NeoHill,https://sutochno.ru/front/searchapp/hotels/51445,https://pumpons.github.io/sutochno-feeds/images/d62257828bb00609.png,Красная Поляна,5150 RUB,0,4.8047894579853,5.0,трансфер;доставка в номер;круглосуточная стойка;сауна;Терраса;Бассейн (открытый)
51445929435,Гостевой дом NeoHill,https://sutochno.ru/front/searchapp/hotels/51445,https://pumpons.github.io/sutochno-feeds/images/64a31c7d317b98b9.png,Красная Поляна,3680 RUB,0,4.8047894579853,5.0,трансфер;доставка в номер;круглосуточная стойка;сауна;Терраса;Бассейн (открытый)
51445929445,Гостевой дом NeoHill,https://sutochno.ru/front/searchapp/hotels/51445,https://pumpons.github.io/sutochno-feeds/images/697fa89f46fa1dbd.png,Красная Поляна,3570 RUB,0,4.8047894579853,5.0,трансфер;доставка в номер;круглосуточная стойка;сауна;Терраса;Бассейн (открытый)
51445929425,Гостевой дом NeoHill,https://sutochno.ru/front/searchapp/hotels/51445,https://pumpons.github.io/sutochno-feeds/images/8d37cb2d0a8080f8.png,Красная Поляна,3150 RUB,0,4.8047894579853,5.0,трансфер;доставка в номер;круглосуточная стойка;сауна;Терраса;Бассейн (открытый)
51445929383,Гостевой дом NeoHill,https://sutochno.ru/front/searchapp/hotels/51445,https://pumpons.github.io/sutochno-feeds/images/32770da952c010b3.png,Красная Поляна,2630 RUB,0,4.8047894579853,5.0,трансфер;доставка в номер;круглосуточная стойка;сауна;Терраса;Бассейн (открытый)
51445929453,Гостевой дом NeoHill,https://sutochno.ru/front/searchapp/hotels/51445,https://pumpons.github.io/sutochno-feeds/images/4ce7c23f74a74c22.png,Красная Поляна,6300 RUB,0,4.8047894579853,5.0,трансфер;доставка в номер;круглосуточная стойка;сауна;Терраса;Бассейн (открытый)
47381879511,Объект Елена,https://sutochno.ru/front/searchapp/hotels/47381,https://pumpons.github.io/sutochno-feeds/images/dd93dd324000e6e0.png,Сочи,2000 RUB,0,4.8041416398922,5.0,Терраса
47381879497,Объект Елена,https://sutochno.ru/front/searchapp/hotels/47381,https://pumpons.github.io/sutochno-feeds/images/dea319d2e8dd0c52.png,Сочи,1350 RUB,0,4.8041416398922,5.0,Терраса
473811479763,Объект Елена,https://sutochno.ru/front/searchapp/hotels/47381,https://pumpons.github.io/sutochno-feeds/images/5b1a5e0fef2202e6.png,Сочи,1200 RUB,0,4.8041416398922,5.0,Терраса
47381879515,Объект Елена,https://sutochno.ru/front/searchapp/hotels/47381,https://pumpons.github.io/sutochno-feeds/images/926c125b01313b42.png,Сочи,3000 RUB,0,4.8041416398922,5.0,Терраса
473811054629,Объект Елена,https://sutochno.ru/front/searchapp/hotels/47381,https://pumpons.github.io/sutochno-feeds/images/6ed252ca39e65ec0.png,Сочи,3200 RUB,0,4.8041416398922,5.0,Терраса
823691229375,Объект На Павлика Морозова,https://sutochno.ru/front/searchapp/hotels/82369,https://pumpons.github.io/sutochno-feeds/images/61e2a10a4f1ac4ae.png,Адлер,2400 RUB,0,4.8,5.0,
823691242013,Объект На Павлика Морозова,https://sutochno.ru/front/searchapp/hotels/82369,https://pumpons.github.io/sutochno-feeds/images/9ff38a61009f3756.png,Адлер,3200 RUB,0,4.8,5.0,
59191989581,Апарт-отель South Mirror Residence,https://sutochno.ru/front/searchapp/hotels/59191,https://pumpons.github.io/sutochno-feeds/images/f2b31c8080338ed0.png,Сочи,5500 RUB,4,4.7986111111111,5.0,трансфер;ресторан;доставка в номер;бар;круглосуточная стойка;лифт
59191989751,Апарт-отель South Mirror Residence,https://sutochno.ru/front/searchapp/hotels/59191,https://pumpons.github.io/sutochno-feeds/images/bc9c9f8fd8b68a1d.png,Сочи,8300 RUB,4,4.7986111111111,5.0,трансфер;ресторан;доставка в номер;бар;круглосуточная стойка;лифт
59191989705,Апарт-отель South Mirror Residence,https://sutochno.ru/front/searchapp/hotels/59191,https://pumpons.github.io/sutochno-feeds/images/91eadd870d37ea38.png,Сочи,14500 RUB,4,4.7986111111111,5.0,трансфер;ресторан;доставка в номер;бар;круглосуточная стойка;лифт
59191989643,Апарт-отель South Mirror Residence,https://sutochno.ru/front/searchapp/hotels/59191,https://pumpons.github.io/sutochno-feeds/images/1fecd57e71961695.png,Сочи,7900 RUB,4,4.7986111111111,5.0,трансфер;ресторан;доставка в номер;бар;круглосуточная стойка;лифт
59191989731,Апарт-отель South Mirror Residence,https://sutochno.ru/front/searchapp/hotels/59191,https://pumpons.github.io/sutochno-feeds/images/1fecd57e71961695.png,Сочи,7900 RUB,4,4.7986111111111,5.0,трансфер;ресторан;доставка в номер;бар;круглосуточная стойка;лифт
732291171241,Объект Креатида,https://sutochno.ru/front/searchapp/hotels/73229,https://pumpons.github.io/sutochno-feeds/images/026fbdb0f5983700.png,Адлер,5000 RUB,0,4.7983950617284,5.0,
732292106251,Объект Креатида,https://sutochno.ru/front/searchapp/hotels/73229,https://pumpons.github.io/sutochno-feeds/images/d0c085b706b65d0c.png,Адлер,10000 RUB,0,4.7983950617284,5.0,
843511779491,Объект У Марины,https://sutochno.ru/front/searchapp/hotels/84351,https://pumpons.github.io/sutochno-feeds/images/796b17b62d93d93e.png,Адлер,2000 RUB,0,4.7937095825985,5.0,трансфер;сад
843511178685,Объект У Марины,https://sutochno.ru/front/searchapp/hotels/84351,https://pumpons.github.io/sutochno-feeds/images/796b17b62d93d93e.png,Адлер,2000 RUB,0,4.7937095825985,5.0,трансфер;сад
843511851856,Объект У Марины,https://sutochno.ru/front/searchapp/hotels/84351,https://pumpons.github.io/sutochno-feeds/images/362fa087dae4080c.png,Адлер,2200 RUB,0,4.7937095825985,5.0,трансфер;сад
843511248825,Объект У Марины,https://sutochno.ru/front/searchapp/hotels/84351,https://pumpons.github.io/sutochno-feeds/images/cf5f2b4b87dac78d.png,Адлер,3000 RUB,0,4.7937095825985,5.0,трансфер;сад
843511779540,Объект У Марины,https://sutochno.ru/front/searchapp/hotels/84351,https://pumpons.github.io/sutochno-feeds/images/58044c63207d8a01.png,Адлер,3100 RUB,0,4.7937095825985,5.0,трансфер;сад
843511757454,Объект У Марины,https://sutochno.ru/front/searchapp/hotels/84351,https://pumpons.github.io/sutochno-feeds/images/796b17b62d93d93e.png,Адлер,2000 RUB,0,4.7937095825985,5.0,трансфер;сад
843511178699,Объект У Марины,https://sutochno.ru/front/searchapp/hotels/84351,https://pumpons.github.io/sutochno-feeds/images/66c98dd5c27a84d0.png,Адлер,2500 RUB,0,4.7937095825985,5.0,трансфер;сад
843511190195,Объект У Марины,https://sutochno.ru/front/searchapp/hotels/84351,https://pumpons.github.io/sutochno-feeds/images/362fa087dae4080c.png,Адлер,2200 RUB,0,4.7937095825985,5.0,трансфер;сад
1366881770709,Объект Ажур,https://sutochno.ru/front/searchapp/hotels/136688,https://pumpons.github.io/sutochno-feeds/images/45febe10cbc5dc9d.png,Адлер,2400 RUB,0,4.7916666666667,5.0,Терраса;Бассейн (открытый);детский бассейн;бассейн с подогревом
1366881781396,Объект Ажур,https://sutochno.ru/front/searchapp/hotels/136688,https://pumpons.github.io/sutochno-feeds/images/4297c2f016f7b553.png,Адлер,3000 RUB,0,4.7916666666667,5.0,Терраса;Бассейн (открытый);детский бассейн;бассейн с подогревом
1529911984919,Объект Диана,https://sutochno.ru/front/searchapp/hotels/152991,https://pumpons.github.io/sutochno-feeds/images/a9f597cd937bb5f2.png,Адлер,11500 RUB,0,4.7909622858152,5.0,круглосуточная стойка
1529911984933,Объект Диана,https://sutochno.ru/front/searchapp/hotels/152991,https://pumpons.github.io/sutochno-feeds/images/3d2b948dcbc0f557.png,Адлер,34500 RUB,0,4.7909622858152,5.0,круглосуточная стойка
48549895697,Отель Илиада,https://sutochno.ru/front/searchapp/hotels/48549,https://pumpons.github.io/sutochno-feeds/images/fd2dabbbd1394f29.png,Адлер,5830 RUB,0,4.7904788529073,5.0,трансфер;ресторан;круглосуточная стойка
48549895767,Отель Илиада,https://sutochno.ru/front/searchapp/hotels/48549,https://pumpons.github.io/sutochno-feeds/images/512801a28e0a5a7a.png,Адлер,8610 RUB,0,4.7904788529073,5.0,трансфер;ресторан;круглосуточная стойка
48549895695,Отель Илиада,https://sutochno.ru/front/searchapp/hotels/48549,https://pumpons.github.io/sutochno-feeds/images/249c37ac8d0a376b.png,Адлер,5040 RUB,0,4.7904788529073,5.0,трансфер;ресторан;круглосуточная стойка
48549895761,Отель Илиада,https://sutochno.ru/front/searchapp/hotels/48549,https://pumpons.github.io/sutochno-feeds/images/3de6d6b5248a6e05.png,Адлер,7700 RUB,0,4.7904788529073,5.0,трансфер;ресторан;круглосуточная стойка
48549895693,Отель Илиада,https://sutochno.ru/front/searchapp/hotels/48549,https://pumpons.github.io/sutochno-feeds/images/b4507e59a1bb8a52.png,Адлер,4100 RUB,0,4.7904788529073,5.0,трансфер;ресторан;круглосуточная стойка
48549895691,Отель Илиада,https://sutochno.ru/front/searchapp/hotels/48549,https://pumpons.github.io/sutochno-feeds/images/7fae3a8060535014.png,Адлер,3800 RUB,0,4.7904788529073,5.0,трансфер;ресторан;круглосуточная стойка
48549895757,Отель Илиада,https://sutochno.ru/front/searchapp/hotels/48549,https://pumpons.github.io/sutochno-feeds/images/f7fda5fe8f75d7ba.png,Адлер,3500 RUB,0,4.7904788529073,5.0,трансфер;ресторан;круглосуточная стойка
681612089015,Объект 21 век корпус 2,https://sutochno.ru/front/searchapp/hotels/68161,https://pumpons.github.io/sutochno-feeds/images/f12905dc81611f51.png,Адлер,2100 RUB,0,4.7888408119658,5.0,круглосуточная стойка
681612089000,Объект 21 век корпус 2,https://sutochno.ru/front/searchapp/hotels/68161,https://pumpons.github.io/sutochno-feeds/images/341554f27e34923b.png,Адлер,1800 RUB,0,4.7888408119658,5.0,круглосуточная стойка
681611055697,Объект 21 век корпус 2,https://sutochno.ru/front/searchapp/hotels/68161,https://pumpons.github.io/sutochno-feeds/images/341554f27e34923b.png,Адлер,1800 RUB,0,4.7888408119658,5.0,круглосуточная стойка
698751068957,Объект Light House,https://sutochno.ru/front/searchapp/hotels/69875,https://pumpons.github.io/sutochno-feeds/images/58e2082cf26ffae6.png,Адлер,1800 RUB,0,4.7875,5.0,
698751068851,Объект Light House,https://sutochno.ru/front/searchapp/hotels/69875,https://pumpons.github.io/sutochno-feeds/images/fe348e3fa341826e.png,Адлер,1500 RUB,0,4.7875,5.0,
1430281798727,Объект На Железнодорожном километре,https://sutochno.ru/front/searchapp/hotels/143028,https://pumpons.github.io/sutochno-feeds/images/4e807b085dd432a3.png,Сочи,3500 RUB,0,4.7857142857143,5.0,
1274361696832,Отель Сенатор НеоЛит,https://sutochno.ru/front/searchapp/hotels/127436,https://pumpons.github.io/sutochno-feeds/images/7de45ab5a8f61d82.png,Сочи,3591 RUB,4,4.785639203986,5.0,трансфер;ресторан;доставка в номер;бар;круглосуточная стойка;Бассейн (открытый);Игровая площадка для детей;лифт;пандус;бассейн с подогревом
1274361656344,Отель Сенатор НеоЛит,https://sutochno.ru/front/searchapp/hotels/127436,https://pumpons.github.io/sutochno-feeds/images/8d8a1f60881fd476.png,Сочи,2691 RUB,4,4.785639203986,5.0,трансфер;ресторан;доставка в номер;бар;круглосуточная стойка;Бассейн (открытый);Игровая площадка для детей;лифт;пандус;бассейн с подогревом
1274361989350,Отель Сенатор НеоЛит,https://sutochno.ru/front/searchapp/hotels/127436,https://pumpons.github.io/sutochno-feeds/images/0d3928320b87e428.png,Сочи,2475 RUB,4,4.785639203986,5.0,трансфер;ресторан;доставка в номер;бар;круглосуточная стойка;Бассейн (открытый);Игровая площадка для детей;лифт;пандус;бассейн с подогревом
1274361989369,Отель Сенатор НеоЛит,https://sutochno.ru/front/searchapp/hotels/127436,https://pumpons.github.io/sutochno-feeds/images/8b55b17f2f8a10fa.png,Сочи,2601 RUB,4,4.785639203986,5.0,трансфер;ресторан;доставка в номер;бар;круглосуточная стойка;Бассейн (открытый);Игровая площадка для детей;лифт;пандус;бассейн с подогревом
1274361717795,Отель Сенатор НеоЛит,https://sutochno.ru/front/searchapp/hotels/127436,https://pumpons.github.io/sutochno-feeds/images/ddb328d118ba20e0.png,Сочи,3390 RUB,4,4.785639203986,5.0,трансфер;ресторан;доставка в номер;бар;круглосуточная стойка;Бассейн (открытый);Игровая площадка для детей;лифт;пандус;бассейн с подогревом
1274361656333,Отель Сенатор НеоЛит,https://sutochno.ru/front/searchapp/hotels/127436,https://pumpons.github.io/sutochno-feeds/images/b4eb19c2cd1b8b57.png,Сочи,3321 RUB,4,4.785639203986,5.0,трансфер;ресторан;доставка в номер;бар;круглосуточная стойка;Бассейн (открытый);Игровая площадка для детей;лифт;пандус;бассейн с подогревом
1274361647296,Отель Сенатор НеоЛит,https://sutochno.ru/front/searchapp/hotels/127436,https://pumpons.github.io/sutochno-feeds/images/b431c6fa66a32ecc.png,Сочи,2990 RUB,4,4.785639203986,5.0,трансфер;ресторан;доставка в номер;бар;круглосуточная стойка;Бассейн (открытый);Игровая площадка для детей;лифт;пандус;бассейн с подогревом
529231596089,Отель VeryHotel,https://sutochno.ru/front/searchapp/hotels/52923,https://pumpons.github.io/sutochno-feeds/images/9b6a5fe4b8d26142.png,Сочи,2500 RUB,0,4.7856287112417,5.0,круглосуточная стойка;Игровая площадка для детей;прачечная
52923944871,Отель VeryHotel,https://sutochno.ru/front/searchapp/hotels/52923,https://pumpons.github.io/sutochno-feeds/images/9b6a5fe4b8d26142.png,Сочи,2500 RUB,0,4.7856287112417,5.0,круглосуточная стойка;Игровая площадка для детей;прачечная
52923944523,Отель VeryHotel,https://sutochno.ru/front/searchapp/hotels/52923,https://pumpons.github.io/sutochno-feeds/images/bd3507cdc63637a3.png,Сочи,1500 RUB,0,4.7856287112417,5.0,круглосуточная стойка;Игровая площадка для детей;прачечная
52923944687,Отель VeryHotel,https://sutochno.ru/front/searchapp/hotels/52923,https://pumpons.github.io/sutochno-feeds/images/6a1263f400bacb2a.png,Сочи,2200 RUB,0,4.7856287112417,5.0,круглосуточная стойка;Игровая площадка для детей;прачечная
52923948753,Отель VeryHotel,https://sutochno.ru/front/searchapp/hotels/52923,https://pumpons.github.io/sutochno-feeds/images/70bdd636fb11a3bd.png,Сочи,1900 RUB,0,4.7856287112417,5.0,круглосуточная стойка;Игровая площадка для детей;прачечная
52923944831,Отель VeryHotel,https://sutochno.ru/front/searchapp/hotels/52923,https://pumpons.github.io/sutochno-feeds/images/10df947717d573db.png,Сочи,2700 RUB,0,4.7856287112417,5.0,круглосуточная стойка;Игровая площадка для детей;прачечная
52923944847,Отель VeryHotel,https://sutochno.ru/front/searchapp/hotels/52923,https://pumpons.github.io/sutochno-feeds/images/10df947717d573db.png,Сочи,2700 RUB,0,4.7856287112417,5.0,круглосуточная стойка;Игровая площадка для детей;прачечная
884991218135,Гостевой дом Фэмили парк,https://sutochno.ru/front/searchapp/hotels/88499,https://pumpons.github.io/sutochno-feeds/images/ad20a2f1332dd286.png,Адлер,2070 RUB,0,4.7840368424104,5.0,круглосуточная стойка
884991218121,Гостевой дом Фэмили парк,https://sutochno.ru/front/searchapp/hotels/88499,https://pumpons.github.io/sutochno-feeds/images/994edf3f8326a2f2.png,Адлер,1725 RUB,0,4.7840368424104,5.0,круглосуточная стойка
1265331631678,Объект Плеханова 65,https://sutochno.ru/front/searchapp/hotels/126533,https://pumpons.github.io/sutochno-feeds/images/4e171523cce5f364.png,Сочи,2999 RUB,0,4.7833333333333,5.0,ресторан;доставка в номер
1265332039931,Объект Плеханова 65,https://sutochno.ru/front/searchapp/hotels/126533,https://pumpons.github.io/sutochno-feeds/images/c08a59db02f67321.png,Сочи,2100 RUB,0,4.7833333333333,5.0,ресторан;доставка в номер
1147871491635,Гостевой дом Элона,https://sutochno.ru/front/searchapp/hotels/114787,https://pumpons.github.io/sutochno-feeds/images/725337a3cb196cd1.png,Адлер,2160 RUB,0,4.7823501872659,5.0,круглосуточная стойка
1147871491625,Гостевой дом Элона,https://sutochno.ru/front/searchapp/hotels/114787,https://pumpons.github.io/sutochno-feeds/images/988787c6fd5a9068.png,Адлер,1755 RUB,0,4.7823501872659,5.0,круглосуточная стойка
1147871491645,Гостевой дом Элона,https://sutochno.ru/front/searchapp/hotels/114787,https://pumpons.github.io/sutochno-feeds/images/9d2417a617739e53.png,Адлер,2430 RUB,0,4.7823501872659,5.0,круглосуточная стойка
1282411659326,Объект Альбатрос,https://sutochno.ru/front/searchapp/hotels/128241,https://pumpons.github.io/sutochno-feeds/images/84b9943eff0f8a9e.png,Сочи,10000 RUB,0,4.7819632981398,5.0,круглосуточная стойка;Бассейн (открытый)
1282411659369,Объект Альбатрос,https://sutochno.ru/front/searchapp/hotels/128241,https://pumpons.github.io/sutochno-feeds/images/84b9943eff0f8a9e.png,Сочи,10000 RUB,0,4.7819632981398,5.0,круглосуточная стойка;Бассейн (открытый)
1282411659332,Объект Альбатрос,https://sutochno.ru/front/searchapp/hotels/128241,https://pumpons.github.io/sutochno-feeds/images/84b9943eff0f8a9e.png,Сочи,10000 RUB,0,4.7819632981398,5.0,круглосуточная стойка;Бассейн (открытый)
1282411659360,Объект Альбатрос,https://sutochno.ru/front/searchapp/hotels/128241,https://pumpons.github.io/sutochno-feeds/images/84b9943eff0f8a9e.png,Сочи,10000 RUB,0,4.7819632981398,5.0,круглосуточная стойка;Бассейн (открытый)
1282411659375,Объект Альбатрос,https://sutochno.ru/front/searchapp/hotels/128241,https://pumpons.github.io/sutochno-feeds/images/84b9943eff0f8a9e.png,Сочи,10000 RUB,0,4.7819632981398,5.0,круглосуточная стойка;Бассейн (открытый)
1282411659373,Объект Альбатрос,https://sutochno.ru/front/searchapp/hotels/128241,https://pumpons.github.io/sutochno-feeds/images/84b9943eff0f8a9e.png,Сочи,10000 RUB,0,4.7819632981398,5.0,круглосуточная стойка;Бассейн (открытый)
1202822300940,Апарт-отель Mirror Family,https://sutochno.ru/front/searchapp/hotels/120282,https://pumpons.github.io/sutochno-feeds/images/57dd365393e2cf50.png,Сочи,3200 RUB,4,4.7818287037037,5.0,сауна;сад;Бассейн (открытый);Игровая площадка для детей;лифт;детский бассейн
1202822279916,Апарт-отель Mirror Family,https://sutochno.ru/front/searchapp/hotels/120282,https://pumpons.github.io/sutochno-feeds/images/1c21fb18e0736d19.png,Сочи,3600 RUB,4,4.7818287037037,5.0,сауна;сад;Бассейн (открытый);Игровая площадка для детей;лифт;детский бассейн
1202822286757,Апарт-отель Mirror Family,https://sutochno.ru/front/searchapp/hotels/120282,https://pumpons.github.io/sutochno-feeds/images/2943d289474a0faf.png,Сочи,3300 RUB,4,4.7818287037037,5.0,сауна;сад;Бассейн (открытый);Игровая площадка для детей;лифт;детский бассейн
1202821562098,Апарт-отель Mirror Family,https://sutochno.ru/front/searchapp/hotels/120282,https://pumpons.github.io/sutochno-feeds/images/57dd365393e2cf50.png,Сочи,3200 RUB,4,4.7818287037037,5.0,сауна;сад;Бассейн (открытый);Игровая площадка для детей;лифт;детский бассейн
609191040503,Объект Ираида,https://sutochno.ru/front/searchapp/hotels/60919,https://pumpons.github.io/sutochno-feeds/images/f56b1601b6d58a22.png,Сочи,2500 RUB,0,4.780787037037,5.0,трансфер;Терраса;Игровая площадка для детей
609191001957,Объект Ираида,https://sutochno.ru/front/searchapp/hotels/60919,https://pumpons.github.io/sutochno-feeds/images/87c7e90c5a691a56.png,Сочи,2000 RUB,0,4.780787037037,5.0,трансфер;Терраса;Игровая площадка для детей
1310571700098,Гостевой дом Маро,https://sutochno.ru/front/searchapp/hotels/131057,https://pumpons.github.io/sutochno-feeds/images/b65acbfc4f5a09d4.png,Сочи,1725 RUB,0,4.7786477411477,5.0,круглосуточная стойка
1310571700096,Гостевой дом Маро,https://sutochno.ru/front/searchapp/hotels/131057,https://pumpons.github.io/sutochno-feeds/images/4ebd891056b267aa.png,Сочи,1610 RUB,0,4.7786477411477,5.0,круглосуточная стойка
1310572012487,Гостевой дом Маро,https://sutochno.ru/front/searchapp/hotels/131057,https://pumpons.github.io/sutochno-feeds/images/f1ed11e4d1da3df5.png,Сочи,1035 RUB,0,4.7786477411477,5.0,круглосуточная стойка
1310571700318,Гостевой дом Маро,https://sutochno.ru/front/searchapp/hotels/131057,https://pumpons.github.io/sutochno-feeds/images/b65acbfc4f5a09d4.png,Сочи,1725 RUB,0,4.7786477411477,5.0,круглосуточная стойка
1310571700291,Гостевой дом Маро,https://sutochno.ru/front/searchapp/hotels/131057,https://pumpons.github.io/sutochno-feeds/images/4b67b3abe82bd26b.png,Сочи,1150 RUB,0,4.7786477411477,5.0,круглосуточная стойка
654851036011,Объект Ключевой 9,https://sutochno.ru/front/searchapp/hotels/65485,https://pumpons.github.io/sutochno-feeds/images/3828bdb8b02ded44.png,Адлер,3795 RUB,0,4.7783333333333,5.0,бар;круглосуточная стойка;Терраса;Игровая площадка для детей
654851036053,Объект Ключевой 9,https://sutochno.ru/front/searchapp/hotels/65485,https://pumpons.github.io/sutochno-feeds/images/0ae72c8cc5dc9abf.png,Адлер,9200 RUB,0,4.7783333333333,5.0,бар;круглосуточная стойка;Терраса;Игровая площадка для детей
1463891878564,Объект Лазурный берег,https://sutochno.ru/front/searchapp/hotels/146389,https://pumpons.github.io/sutochno-feeds/images/0d3007a815f12c27.png,Адлер,3808 RUB,0,4.7777777777778,5.0,доставка в номер
1407782067172,Гостевой дом Ангелина,https://sutochno.ru/front/searchapp/hotels/140778,https://pumpons.github.io/sutochno-feeds/images/1dfafead39d59218.png,Адлер,4050 RUB,0,4.7777777777778,5.0,Терраса;Бассейн (открытый);бассейн с подогревом;камера хранения
1407781814193,Гостевой дом Ангелина,https://sutochno.ru/front/searchapp/hotels/140778,https://pumpons.github.io/sutochno-feeds/images/ec65da0453fbefb1.png,Адлер,4500 RUB,0,4.7777777777778,5.0,Терраса;Бассейн (открытый);бассейн с подогревом;камера хранения
104651832712,Объект Бамбук-Сочи,https://sutochno.ru/front/searchapp/hotels/10465,https://pumpons.github.io/sutochno-feeds/images/085cc307b692b018.png,Сочи,4500 RUB,0,4.7777777777778,5.0,ресторан;доставка в номер;круглосуточная стойка;Терраса;камера хранения;прачечная
1469721957648,Апартаменты Светлана Парк ApartAmore,https://sutochno.ru/front/searchapp/hotels/146972,https://pumpons.github.io/sutochno-feeds/images/c5017c29530f9877.png,Сочи,4750 RUB,0,4.7777777777778,5.0,лифт
104651074015,Объект Бамбук-Сочи,https://sutochno.ru/front/searchapp/hotels/10465,https://pumpons.github.io/sutochno-feeds/images/9909255d5df98b4b.png,Сочи,1500 RUB,0,4.7777777777778,5.0,ресторан;доставка в номер;круглосуточная стойка;Терраса;камера хранения;прачечная
910451238169,Гостевой дом Амосов Хаус,https://sutochno.ru/front/searchapp/hotels/91045,https://pumpons.github.io/sutochno-feeds/images/e946f2afc2613808.png,Адлер,6500 RUB,0,4.7759259259259,5.0,круглосуточная стойка;Терраса
910451238145,Гостевой дом Амосов Хаус,https://sutochno.ru/front/searchapp/hotels/91045,https://pumpons.github.io/sutochno-feeds/images/085a3d2334a56bf6.png,Адлер,5500 RUB,0,4.7759259259259,5.0,круглосуточная стойка;Терраса
1319431711547,Гостевой дом Акация,https://sutochno.ru/front/searchapp/hotels/131943,https://pumpons.github.io/sutochno-feeds/images/53bbc258acf55574.png,Адлер,3500 RUB,0,4.7758212398244,5.0,
1319431711528,Гостевой дом Акация,https://sutochno.ru/front/searchapp/hotels/131943,https://pumpons.github.io/sutochno-feeds/images/6d052ec276661360.png,Адлер,1500 RUB,0,4.7758212398244,5.0,
1319431711535,Гостевой дом Акация,https://sutochno.ru/front/searchapp/hotels/131943,https://pumpons.github.io/sutochno-feeds/images/3b705b1d4151835c.png,Адлер,2000 RUB,0,4.7758212398244,5.0,
1340141735146,Отель Резиденция Каскад,https://sutochno.ru/front/searchapp/hotels/134014,https://pumpons.github.io/sutochno-feeds/images/9d4ff3e3a11de1f1.png,Сочи,3630 RUB,3,4.7756044717866,5.0,круглосуточная стойка;сауна;сад;Терраса;Бассейн (открытый);Игровая площадка для детей;лифт;бассейн с подогревом;камера хранения;прачечная
1340141735130,Отель Резиденция Каскад,https://sutochno.ru/front/searchapp/hotels/134014,https://pumpons.github.io/sutochno-feeds/images/43767255d5f6eaf4.png,Сочи,2200 RUB,3,4.7756044717866,5.0,круглосуточная стойка;сауна;сад;Терраса;Бассейн (открытый);Игровая площадка для детей;лифт;бассейн с подогревом;камера хранения;прачечная
1340141735136,Отель Резиденция Каскад,https://sutochno.ru/front/searchapp/hotels/134014,https://pumpons.github.io/sutochno-feeds/images/ccb3b76dd73f72e0.png,Сочи,2420 RUB,3,4.7756044717866,5.0,круглосуточная стойка;сауна;сад;Терраса;Бассейн (открытый);Игровая площадка для детей;лифт;бассейн с подогревом;камера хранения;прачечная
1340141735151,Отель Резиденция Каскад,https://sutochno.ru/front/searchapp/hotels/134014,https://pumpons.github.io/sutochno-feeds/images/c3c96c717a1af31b.png,Сочи,2640 RUB,3,4.7756044717866,5.0,круглосуточная стойка;сауна;сад;Терраса;Бассейн (открытый);Игровая площадка для детей;лифт;бассейн с подогревом;камера хранения;прачечная
54595970015,Гостевой дом 21 Век,https://sutochno.ru/front/searchapp/hotels/54595,https://pumpons.github.io/sutochno-feeds/images/67d5d3e0cd47f9d4.png,Адлер,1900 RUB,0,4.7752727272727,5.0,трансфер;круглосуточная стойка
54595970083,Гостевой дом 21 Век,https://sutochno.ru/front/searchapp/hotels/54595,https://pumpons.github.io/sutochno-feeds/images/5e2c3e4c66f67107.png,Адлер,2200 RUB,0,4.7752727272727,5.0,трансфер;круглосуточная стойка
54595970049,Гостевой дом 21 Век,https://sutochno.ru/front/searchapp/hotels/54595,https://pumpons.github.io/sutochno-feeds/images/05a55c51639c537c.png,Адлер,1600 RUB,0,4.7752727272727,5.0,трансфер;круглосуточная стойка
54595970061,Гостевой дом 21 Век,https://sutochno.ru/front/searchapp/hotels/54595,https://pumpons.github.io/sutochno-feeds/images/2342225a6a760613.png,Адлер,2000 RUB,0,4.7752727272727,5.0,трансфер;круглосуточная стойка
1051451391923,Объект РП Усадьба,https://sutochno.ru/front/searchapp/hotels/105145,https://pumpons.github.io/sutochno-feeds/images/f281115248d9f824.png,Сочи,3000 RUB,0,4.7748194014448,5.0,круглосуточная стойка;Терраса;Бассейн (открытый)
1051451559936,Объект РП Усадьба,https://sutochno.ru/front/searchapp/hotels/105145,https://pumpons.github.io/sutochno-feeds/images/4abc9f5c04ff70d5.png,Сочи,3200 RUB,0,4.7748194014448,5.0,круглосуточная стойка;Терраса;Бассейн (открытый)
937591491181,Объект Акула,https://sutochno.ru/front/searchapp/hotels/93759,https://pumpons.github.io/sutochno-feeds/images/39b481e03d1ed021.png,Адлер,4000 RUB,0,4.7747682145668,5.0,Терраса;Бассейн (открытый);Игровая площадка для детей
937591262981,Объект Акула,https://sutochno.ru/front/searchapp/hotels/93759,https://pumpons.github.io/sutochno-feeds/images/6a29df3e6bafba13.png,Адлер,1000 RUB,0,4.7747682145668,5.0,Терраса;Бассейн (открытый);Игровая площадка для детей
937591262989,Объект Акула,https://sutochno.ru/front/searchapp/hotels/93759,https://pumpons.github.io/sutochno-feeds/images/f5c60c8e7fc07f3e.png,Адлер,1500 RUB,0,4.7747682145668,5.0,Терраса;Бассейн (открытый);Игровая площадка для детей
255691637069,Отель Марианна,https://sutochno.ru/front/searchapp/hotels/25569,https://pumpons.github.io/sutochno-feeds/images/ce72dd71ad24dc50.png,Сочи,2739 RUB,0,4.7745883156484,5.0,трансфер;ресторан;доставка в номер;бар;круглосуточная стойка;сауна;Терраса;гольф;лифт;пандус;конференц-зал;прачечная
25569718817,Отель Марианна,https://sutochno.ru/front/searchapp/hotels/25569,https://pumpons.github.io/sutochno-feeds/images/e524808d8d6fe4fe.png,Сочи,3619 RUB,0,4.7745883156484,5.0,трансфер;ресторан;доставка в номер;бар;круглосуточная стойка;сауна;Терраса;гольф;лифт;пандус;конференц-зал;прачечная
25569718805,Отель Марианна,https://sutochno.ru/front/searchapp/hotels/25569,https://pumpons.github.io/sutochno-feeds/images/3c0aa76a74f831b9.png,Сочи,3289 RUB,0,4.7745883156484,5.0,трансфер;ресторан;доставка в номер;бар;круглосуточная стойка;сауна;Терраса;гольф;лифт;пандус;конференц-зал;прачечная
1213991564115,Объект Панорама,https://sutochno.ru/front/searchapp/hotels/121399,https://pumpons.github.io/sutochno-feeds/images/db3d02ba5f390fdb.png,Сочи,2500 RUB,0,4.7738095238095,5.0,Терраса
1293371681641,Гостевой дом Медовый,https://sutochno.ru/front/searchapp/hotels/129337,https://pumpons.github.io/sutochno-feeds/images/bc6bcfaca23300a3.png,Адлер,600 RUB,0,4.7737077737078,5.0,круглосуточная стойка
1293371678955,Гостевой дом Медовый,https://sutochno.ru/front/searchapp/hotels/129337,https://pumpons.github.io/sutochno-feeds/images/5ef76e773b9dd109.png,Адлер,800 RUB,0,4.7737077737078,5.0,круглосуточная стойка
1293371681646,Гостевой дом Медовый,https://sutochno.ru/front/searchapp/hotels/129337,https://pumpons.github.io/sutochno-feeds/images/bc6bcfaca23300a3.png,Адлер,600 RUB,0,4.7737077737078,5.0,круглосуточная стойка
42873845909,Гостевой дом GG,https://sutochno.ru/front/searchapp/hotels/42873,https://pumpons.github.io/sutochno-feeds/images/6cf9a4d857a5b793.png,Адлер,3500 RUB,0,4.7721590909091,5.0,трансфер;ресторан;доставка в номер;бар;сауна;Фитнес/спортзал;сад;Терраса;Бассейн (открытый);джакузи общего пользования;Игровая площадка для детей;детский бассейн;бассейн с подогревом;переговорная;камера хранения;прачечная;детское меню
42873845987,Гостевой дом GG,https://sutochno.ru/front/searchapp/hotels/42873,https://pumpons.github.io/sutochno-feeds/images/86f337835f929af5.png,Адлер,6500 RUB,0,4.7721590909091,5.0,трансфер;ресторан;доставка в номер;бар;сауна;Фитнес/спортзал;сад;Терраса;Бассейн (открытый);джакузи общего пользования;Игровая площадка для детей;детский бассейн;бассейн с подогревом;переговорная;камера хранения;прачечная;детское меню
42873845979,Гостевой дом GG,https://sutochno.ru/front/searchapp/hotels/42873,https://pumpons.github.io/sutochno-feeds/images/a84a4f2018f9df2a.png,Адлер,4500 RUB,0,4.7721590909091,5.0,трансфер;ресторан;доставка в номер;бар;сауна;Фитнес/спортзал;сад;Терраса;Бассейн (открытый);джакузи общего пользования;Игровая площадка для детей;детский бассейн;бассейн с подогревом;переговорная;камера хранения;прачечная;детское меню
617931009915,Объект Ра-Дуга,https://sutochno.ru/front/searchapp/hotels/61793,https://pumpons.github.io/sutochno-feeds/images/0ec8e8f6ed18ecb6.png,Адлер,3800 RUB,0,4.7708333333333,5.0,трансфер;сад;Терраса;Бассейн (открытый)
617931009871,Объект Ра-Дуга,https://sutochno.ru/front/searchapp/hotels/61793,https://pumpons.github.io/sutochno-feeds/images/4d7fb2f204c4f907.png,Адлер,2500 RUB,0,4.7708333333333,5.0,трансфер;сад;Терраса;Бассейн (открытый)
1538801996117,Объект Сердце города,https://sutochno.ru/front/searchapp/hotels/153880,https://pumpons.github.io/sutochno-feeds/images/8dc807d740d26ed3.png,Адлер,1782 RUB,0,4.7708333333333,5.0,
1538801996129,Объект Сердце города,https://sutochno.ru/front/searchapp/hotels/153880,https://pumpons.github.io/sutochno-feeds/images/b60caa89f086c68c.png,Адлер,2430 RUB,0,4.7708333333333,5.0,
1319311711521,Отель Амбассадор,https://sutochno.ru/front/searchapp/hotels/131931,https://pumpons.github.io/sutochno-feeds/images/1fb9368da24452d1.png,Сочи,3680 RUB,3,4.7687597064688,5.0,ресторан;круглосуточная стойка;Терраса;Игровая площадка для детей;лифт;прачечная
1319311711514,Отель Амбассадор,https://sutochno.ru/front/searchapp/hotels/131931,https://pumpons.github.io/sutochno-feeds/images/e1dda0037902f27b.png,Сочи,2940 RUB,3,4.7687597064688,5.0,ресторан;круглосуточная стойка;Терраса;Игровая площадка для детей;лифт;прачечная
1319311711516,Отель Амбассадор,https://sutochno.ru/front/searchapp/hotels/131931,https://pumpons.github.io/sutochno-feeds/images/0dbba340ceaacbfd.png,Сочи,3590 RUB,3,4.7687597064688,5.0,ресторан;круглосуточная стойка;Терраса;Игровая площадка для детей;лифт;прачечная
1319311711519,Отель Амбассадор,https://sutochno.ru/front/searchapp/hotels/131931,https://pumpons.github.io/sutochno-feeds/images/2f69ff92a848bf79.png,Сочи,4140 RUB,3,4.7687597064688,5.0,ресторан;круглосуточная стойка;Терраса;Игровая площадка для детей;лифт;прачечная
1319311711509,Отель Амбассадор,https://sutochno.ru/front/searchapp/hotels/131931,https://pumpons.github.io/sutochno-feeds/images/e7c776f1526dcc50.png,Сочи,3310 RUB,3,4.7687597064688,5.0,ресторан;круглосуточная стойка;Терраса;Игровая площадка для детей;лифт;прачечная
1319311711512,Отель Амбассадор,https://sutochno.ru/front/searchapp/hotels/131931,https://pumpons.github.io/sutochno-feeds/images/e5a8d8034d1cdf12.png,Сочи,2565 RUB,3,4.7687597064688,5.0,ресторан;круглосуточная стойка;Терраса;Игровая площадка для детей;лифт;прачечная
227272073608,Объект Town Park,https://sutochno.ru/front/searchapp/hotels/22727,https://pumpons.github.io/sutochno-feeds/images/89e78dbeb7d3308b.png,Сочи,3000 RUB,0,4.7683484504913,5.0,трансфер;доставка в номер;сауна;сад;Терраса;Бассейн (открытый);Игровая площадка для детей;бассейн с подогревом;прачечная
22727688393,Объект Town Park,https://sutochno.ru/front/searchapp/hotels/22727,https://pumpons.github.io/sutochno-feeds/images/30424c0812106f2d.png,Сочи,5000 RUB,0,4.7683484504913,5.0,трансфер;доставка в номер;сауна;сад;Терраса;Бассейн (открытый);Игровая площадка для детей;бассейн с подогревом;прачечная
227272070051,Объект Town Park,https://sutochno.ru/front/searchapp/hotels/22727,https://pumpons.github.io/sutochno-feeds/images/89e78dbeb7d3308b.png,Сочи,3000 RUB,0,4.7683484504913,5.0,трансфер;доставка в номер;сауна;сад;Терраса;Бассейн (открытый);Игровая площадка для детей;бассейн с подогревом;прачечная
22727688383,Объект Town Park,https://sutochno.ru/front/searchapp/hotels/22727,https://pumpons.github.io/sutochno-feeds/images/89e78dbeb7d3308b.png,Сочи,3000 RUB,0,4.7683484504913,5.0,трансфер;доставка в номер;сауна;сад;Терраса;Бассейн (открытый);Игровая площадка для детей;бассейн с подогревом;прачечная
22727688327,Объект Town Park,https://sutochno.ru/front/searchapp/hotels/22727,https://pumpons.github.io/sutochno-feeds/images/7f6758db89cd8870.png,Сочи,3500 RUB,0,4.7683484504913,5.0,трансфер;доставка в номер;сауна;сад;Терраса;Бассейн (открытый);Игровая площадка для детей;бассейн с подогревом;прачечная
22727739745,Объект Town Park,https://sutochno.ru/front/searchapp/hotels/22727,https://pumpons.github.io/sutochno-feeds/images/7f6758db89cd8870.png,Сочи,3500 RUB,0,4.7683484504913,5.0,трансфер;доставка в номер;сауна;сад;Терраса;Бассейн (открытый);Игровая площадка для детей;бассейн с подогревом;прачечная
1162371514775,Объект Замок на Жемчужной,https://sutochno.ru/front/searchapp/hotels/116237,https://pumpons.github.io/sutochno-feeds/images/bc3cfdcf96e300d6.png,Сочи,1560 RUB,0,4.7679625684554,5.0,круглосуточная стойка;Терраса
1162371530557,Объект Замок на Жемчужной,https://sutochno.ru/front/searchapp/hotels/116237,https://pumpons.github.io/sutochno-feeds/images/a587ef658bdf9ce6.png,Сочи,1800 RUB,0,4.7679625684554,5.0,круглосуточная стойка;Терраса
1162371508038,Объект Замок на Жемчужной,https://sutochno.ru/front/searchapp/hotels/116237,https://pumpons.github.io/sutochno-feeds/images/beb65a25ae6386e5.png,Сочи,1200 RUB,0,4.7679625684554,5.0,круглосуточная стойка;Терраса
225851552634,Гостевой дом Сандро,https://sutochno.ru/front/searchapp/hotels/22585,https://pumpons.github.io/sutochno-feeds/images/e2c00d0673f48c12.png,Адлер,2680 RUB,0,4.7671717171717,5.0,трансфер;круглосуточная стойка;сад
22585687031,Гостевой дом Сандро,https://sutochno.ru/front/searchapp/hotels/22585,https://pumpons.github.io/sutochno-feeds/images/3c559a0f12c93910.png,Адлер,2010 RUB,0,4.7671717171717,5.0,трансфер;круглосуточная стойка;сад
225851552637,Гостевой дом Сандро,https://sutochno.ru/front/searchapp/hotels/22585,https://pumpons.github.io/sutochno-feeds/images/e930d62bd2bcbee9.png,Адлер,3350 RUB,0,4.7671717171717,5.0,трансфер;круглосуточная стойка;сад
580431030101,Объект Буржуазия,https://sutochno.ru/front/searchapp/hotels/58043,https://pumpons.github.io/sutochno-feeds/images/0701f85336931dc3.png,Адлер,1957 RUB,0,4.7671611076849,5.0,круглосуточная стойка
580431468919,Объект Буржуазия,https://sutochno.ru/front/searchapp/hotels/58043,https://pumpons.github.io/sutochno-feeds/images/26d7e3ba3b03876b.png,Адлер,1545 RUB,0,4.7671611076849,5.0,круглосуточная стойка
58043980343,Объект Буржуазия,https://sutochno.ru/front/searchapp/hotels/58043,https://pumpons.github.io/sutochno-feeds/images/26d7e3ba3b03876b.png,Адлер,1545 RUB,0,4.7671611076849,5.0,круглосуточная стойка
58043980375,Объект Буржуазия,https://sutochno.ru/front/searchapp/hotels/58043,https://pumpons.github.io/sutochno-feeds/images/26d7e3ba3b03876b.png,Адлер,1545 RUB,0,4.7671611076849,5.0,круглосуточная стойка
58043980555,Объект Буржуазия,https://sutochno.ru/front/searchapp/hotels/58043,https://pumpons.github.io/sutochno-feeds/images/263da9ac43185cbb.png,Адлер,2060 RUB,0,4.7671611076849,5.0,круглосуточная стойка
1509371957483,Отель Фестиваль,https://sutochno.ru/front/searchapp/hotels/150937,https://pumpons.github.io/sutochno-feeds/images/b2cd3acd74407bf3.png,Сочи,2200 RUB,0,4.7653053341091,5.0,круглосуточная стойка;Терраса;прачечная
1509371957506,Отель Фестиваль,https://sutochno.ru/front/searchapp/hotels/150937,https://pumpons.github.io/sutochno-feeds/images/d085c74edf5d4b4c.png,Сочи,3200 RUB,0,4.7653053341091,5.0,круглосуточная стойка;Терраса;прачечная
1509371976203,Отель Фестиваль,https://sutochno.ru/front/searchapp/hotels/150937,https://pumpons.github.io/sutochno-feeds/images/d085c74edf5d4b4c.png,Сочи,3200 RUB,0,4.7653053341091,5.0,круглосуточная стойка;Терраса;прачечная
1509371957557,Отель Фестиваль,https://sutochno.ru/front/searchapp/hotels/150937,https://pumpons.github.io/sutochno-feeds/images/39a2a0457646e9c6.png,Сочи,4200 RUB,0,4.7653053341091,5.0,круглосуточная стойка;Терраса;прачечная
1509371957499,Отель Фестиваль,https://sutochno.ru/front/searchapp/hotels/150937,https://pumpons.github.io/sutochno-feeds/images/8e079818f61996b9.png,Сочи,2700 RUB,0,4.7653053341091,5.0,круглосуточная стойка;Терраса;прачечная
2003793459,Объект Огонек,https://sutochno.ru/front/searchapp/hotels/2003,https://pumpons.github.io/sutochno-feeds/images/f700ff04414436dc.png,Адлер,10000 RUB,0,4.7652777777778,5.0,круглосуточная стойка;Терраса
1510142307717,Апартаменты на Депутатской,https://sutochno.ru/front/searchapp/hotels/151014,https://pumpons.github.io/sutochno-feeds/images/cbfaeb7dc124b698.png,Сочи,6010 RUB,0,4.7651064213564,5.0,трансфер
603971091209,Апартаменты Аранда,https://sutochno.ru/front/searchapp/hotels/60397,https://pumpons.github.io/sutochno-feeds/images/23a88adccdc1422f.png,Адлер,1300 RUB,0,4.763994894337,5.0,сад;Терраса;Бассейн (открытый);Игровая площадка для детей
60397998491,Апартаменты Аранда,https://sutochno.ru/front/searchapp/hotels/60397,https://pumpons.github.io/sutochno-feeds/images/23a88adccdc1422f.png,Адлер,1300 RUB,0,4.763994894337,5.0,сад;Терраса;Бассейн (открытый);Игровая площадка для детей
60397998531,Апартаменты Аранда,https://sutochno.ru/front/searchapp/hotels/60397,https://pumpons.github.io/sutochno-feeds/images/9d181ac8fa73c4fd.png,Адлер,1500 RUB,0,4.763994894337,5.0,сад;Терраса;Бассейн (открытый);Игровая площадка для детей
603971091009,Апартаменты Аранда,https://sutochno.ru/front/searchapp/hotels/60397,https://pumpons.github.io/sutochno-feeds/images/9d181ac8fa73c4fd.png,Адлер,1500 RUB,0,4.763994894337,5.0,сад;Терраса;Бассейн (открытый);Игровая площадка для детей
1158991503942,Объект АлеАндр,https://sutochno.ru/front/searchapp/hotels/115899,https://pumpons.github.io/sutochno-feeds/images/84e741a6282448dc.png,Сочи,2000 RUB,0,4.7638888888889,5.0,трансфер;доставка в номер;бар;круглосуточная стойка;Игровая площадка для детей;детский бассейн
1158991620422,Объект АлеАндр,https://sutochno.ru/front/searchapp/hotels/115899,https://pumpons.github.io/sutochno-feeds/images/1613fa3d64e3b409.png,Сочи,1800 RUB,0,4.7638888888889,5.0,трансфер;доставка в номер;бар;круглосуточная стойка;Игровая площадка для детей;детский бассейн
877391212163,Объект На Яна Фабрициуса,https://sutochno.ru/front/searchapp/hotels/87739,https://pumpons.github.io/sutochno-feeds/images/4016b57c62969adb.png,Сочи,2750 RUB,0,4.7635586635587,5.0,
877391376903,Объект На Яна Фабрициуса,https://sutochno.ru/front/searchapp/hotels/87739,https://pumpons.github.io/sutochno-feeds/images/b1d2344e295d59cf.png,Сочи,2500 RUB,0,4.7635586635587,5.0,
27371729371,Гостевой дом Альбина,https://sutochno.ru/front/searchapp/hotels/27371,https://pumpons.github.io/sutochno-feeds/images/18466bea0f42b0b7.png,Сочи,1300 RUB,0,4.7634259259259,5.0,Терраса
60417998731,Объект Семейный,https://sutochno.ru/front/searchapp/hotels/60417,https://pumpons.github.io/sutochno-feeds/images/52c09698f945bdc9.png,Сочи,1600 RUB,0,4.7627856744705,5.0,трансфер;круглосуточная стойка;сауна
60417998883,Объект Семейный,https://sutochno.ru/front/searchapp/hotels/60417,https://pumpons.github.io/sutochno-feeds/images/b5820874b4d54fb1.png,Сочи,1950 RUB,0,4.7627856744705,5.0,трансфер;круглосуточная стойка;сауна
60417998847,Объект Семейный,https://sutochno.ru/front/searchapp/hotels/60417,https://pumpons.github.io/sutochno-feeds/images/52c09698f945bdc9.png,Сочи,1600 RUB,0,4.7627856744705,5.0,трансфер;круглосуточная стойка;сауна
60417998655,Объект Семейный,https://sutochno.ru/front/searchapp/hotels/60417,https://pumpons.github.io/sutochno-feeds/images/b4eabe315d9573d6.png,Сочи,1200 RUB,0,4.7627856744705,5.0,трансфер;круглосуточная стойка;сауна
1266032039886,Гостевой дом Лазурь,https://sutochno.ru/front/searchapp/hotels/126603,https://pumpons.github.io/sutochno-feeds/images/b6e0b056d83e59a3.png,Адлер,4600 RUB,0,4.7627829218107,5.0,круглосуточная стойка;сад;Бассейн (открытый);бассейн с подогревом
1266031634564,Гостевой дом Лазурь,https://sutochno.ru/front/searchapp/hotels/126603,https://pumpons.github.io/sutochno-feeds/images/93685274a78f266c.png,Адлер,1500 RUB,0,4.7627829218107,5.0,круглосуточная стойка;сад;Бассейн (открытый);бассейн с подогревом
1266031634537,Гостевой дом Лазурь,https://sutochno.ru/front/searchapp/hotels/126603,https://pumpons.github.io/sutochno-feeds/images/d2e681ed586c23bb.png,Адлер,1270 RUB,0,4.7627829218107,5.0,круглосуточная стойка;сад;Бассейн (открытый);бассейн с подогревом
1266032039895,Гостевой дом Лазурь,https://sutochno.ru/front/searchapp/hotels/126603,https://pumpons.github.io/sutochno-feeds/images/93685274a78f266c.png,Адлер,1500 RUB,0,4.7627829218107,5.0,круглосуточная стойка;сад;Бассейн (открытый);бассейн с подогревом
1266032039889,Гостевой дом Лазурь,https://sutochno.ru/front/searchapp/hotels/126603,https://pumpons.github.io/sutochno-feeds/images/b2c4d7eeeb636735.png,Адлер,4260 RUB,0,4.7627829218107,5.0,круглосуточная стойка;сад;Бассейн (открытый);бассейн с подогревом
1266031814176,Гостевой дом Лазурь,https://sutochno.ru/front/searchapp/hotels/126603,https://pumpons.github.io/sutochno-feeds/images/964f37a219390876.png,Адлер,4950 RUB,0,4.7627829218107,5.0,круглосуточная стойка;сад;Бассейн (открытый);бассейн с подогревом
1266031634547,Гостевой дом Лазурь,https://sutochno.ru/front/searchapp/hotels/126603,https://pumpons.github.io/sutochno-feeds/images/079cc88d2650e010.png,Адлер,1380 RUB,0,4.7627829218107,5.0,круглосуточная стойка;сад;Бассейн (открытый);бассейн с подогревом
1266032039903,Гостевой дом Лазурь,https://sutochno.ru/front/searchapp/hotels/126603,https://pumpons.github.io/sutochno-feeds/images/e8f2a976c27f59a4.png,Адлер,1960 RUB,0,4.7627829218107,5.0,круглосуточная стойка;сад;Бассейн (открытый);бассейн с подогревом
1471951897833,Объект Юна,https://sutochno.ru/front/searchapp/hotels/147195,https://pumpons.github.io/sutochno-feeds/images/0098ed9a3a73a7f9.png,Адлер,2500 RUB,0,4.7619047619048,5.0,сад
661071044219,Объект Олеся,https://sutochno.ru/front/searchapp/hotels/66107,https://pumpons.github.io/sutochno-feeds/images/94745b8f3c382996.png,Адлер,1800 RUB,0,4.7610169491525,5.0,трансфер
53411950177,Объект Корона,https://sutochno.ru/front/searchapp/hotels/53411,https://pumpons.github.io/sutochno-feeds/images/1796668f93efa65b.png,Сочи,1100 RUB,0,4.759767610748,5.0,Терраса;Бассейн (открытый);Игровая площадка для детей;бассейн с подогревом
1210951766942,Объект Домашний уют,https://sutochno.ru/front/searchapp/hotels/121095,https://pumpons.github.io/sutochno-feeds/images/153bac4a91215baa.png,Адлер,2000 RUB,0,4.759375,5.0,
1210951998978,Объект Домашний уют,https://sutochno.ru/front/searchapp/hotels/121095,https://pumpons.github.io/sutochno-feeds/images/c567ddaaaa584039.png,Адлер,3000 RUB,0,4.759375,5.0,
1210951564191,Объект Домашний уют,https://sutochno.ru/front/searchapp/hotels/121095,https://pumpons.github.io/sutochno-feeds/images/c567ddaaaa584039.png,Адлер,3000 RUB,0,4.759375,5.0,
1210951561507,Объект Домашний уют,https://sutochno.ru/front/searchapp/hotels/121095,https://pumpons.github.io/sutochno-feeds/images/153bac4a91215baa.png,Адлер,2000 RUB,0,4.759375,5.0,
1210951560607,Объект Домашний уют,https://sutochno.ru/front/searchapp/hotels/121095,https://pumpons.github.io/sutochno-feeds/images/5e30680f2fd0ea4d.png,Адлер,2600 RUB,0,4.759375,5.0,
1210951560571,Объект Домашний уют,https://sutochno.ru/front/searchapp/hotels/121095,https://pumpons.github.io/sutochno-feeds/images/a51f2e8bbb0e93c0.png,Адлер,1800 RUB,0,4.759375,5.0,
477951532379,Объект Жемчужина,https://sutochno.ru/front/searchapp/hotels/47795,https://pumpons.github.io/sutochno-feeds/images/2d45a61a0a01af33.png,Адлер,950 RUB,0,4.7590684870685,5.0,трансфер;сад;Терраса;Бассейн (открытый);бассейн с подогревом
477951551929,Объект Жемчужина,https://sutochno.ru/front/searchapp/hotels/47795,https://pumpons.github.io/sutochno-feeds/images/9d09c8d3029c272f.png,Адлер,2500 RUB,0,4.7590684870685,5.0,трансфер;сад;Терраса;Бассейн (открытый);бассейн с подогревом
477952095688,Объект Жемчужина,https://sutochno.ru/front/searchapp/hotels/47795,https://pumpons.github.io/sutochno-feeds/images/bdb6ef134ebbbc66.png,Адлер,1500 RUB,0,4.7590684870685,5.0,трансфер;сад;Терраса;Бассейн (открытый);бассейн с подогревом
477951530237,Объект Жемчужина,https://sutochno.ru/front/searchapp/hotels/47795,https://pumpons.github.io/sutochno-feeds/images/bdb6ef134ebbbc66.png,Адлер,1500 RUB,0,4.7590684870685,5.0,трансфер;сад;Терраса;Бассейн (открытый);бассейн с подогревом
477951539586,Объект Жемчужина,https://sutochno.ru/front/searchapp/hotels/47795,https://pumpons.github.io/sutochno-feeds/images/6d91ce7cc1b3f29f.png,Адлер,3000 RUB,0,4.7590684870685,5.0,трансфер;сад;Терраса;Бассейн (открытый);бассейн с подогревом
477951150517,Объект Жемчужина,https://sutochno.ru/front/searchapp/hotels/47795,https://pumpons.github.io/sutochno-feeds/images/bdb6ef134ebbbc66.png,Адлер,1500 RUB,0,4.7590684870685,5.0,трансфер;сад;Терраса;Бассейн (открытый);бассейн с подогревом
477951532388,Объект Жемчужина,https://sutochno.ru/front/searchapp/hotels/47795,https://pumpons.github.io/sutochno-feeds/images/9dae86a6f8b79016.png,Адлер,900 RUB,0,4.7590684870685,5.0,трансфер;сад;Терраса;Бассейн (открытый);бассейн с подогревом
1538691996083,Объект Морская история,https://sutochno.ru/front/searchapp/hotels/153869,https://pumpons.github.io/sutochno-feeds/images/920e0d405ef9efd4.png,Адлер,4000 RUB,0,4.7583333333333,5.0,
1538691996053,Объект Морская история,https://sutochno.ru/front/searchapp/hotels/153869,https://pumpons.github.io/sutochno-feeds/images/2f731e16d9e0ba7e.png,Адлер,1100 RUB,0,4.7583333333333,5.0,
1538691996027,Объект Морская история,https://sutochno.ru/front/searchapp/hotels/153869,https://pumpons.github.io/sutochno-feeds/images/2f731e16d9e0ba7e.png,Адлер,1100 RUB,0,4.7583333333333,5.0,
1538691996061,Объект Морская история,https://sutochno.ru/front/searchapp/hotels/153869,https://pumpons.github.io/sutochno-feeds/images/b02c94eee58370b3.png,Адлер,1800 RUB,0,4.7583333333333,5.0,
1100631442545,Гостиница Мирит,https://sutochno.ru/front/searchapp/hotels/110063,https://pumpons.github.io/sutochno-feeds/images/b9967864b45ca21a.png,Сочи,5200 RUB,0,4.7579545454545,5.0,круглосуточная стойка;сад;пандус;прачечная
1100631442497,Гостиница Мирит,https://sutochno.ru/front/searchapp/hotels/110063,https://pumpons.github.io/sutochno-feeds/images/612992fe3c2ce2fc.png,Сочи,3050 RUB,0,4.7579545454545,5.0,круглосуточная стойка;сад;пандус;прачечная
1100631444525,Гостиница Мирит,https://sutochno.ru/front/searchapp/hotels/110063,https://pumpons.github.io/sutochno-feeds/images/cdc805f8e2bbdaeb.png,Сочи,7700 RUB,0,4.7579545454545,5.0,круглосуточная стойка;сад;пандус;прачечная
1100631442513,Гостиница Мирит,https://sutochno.ru/front/searchapp/hotels/110063,https://pumpons.github.io/sutochno-feeds/images/fa250c806d207381.png,Сочи,4300 RUB,0,4.7579545454545,5.0,круглосуточная стойка;сад;пандус;прачечная
1469761889193,Объект Ирий,https://sutochno.ru/front/searchapp/hotels/146976,https://pumpons.github.io/sutochno-feeds/images/7108204331404569.png,Сочи,1500 RUB,0,4.7552083333333,5.0,
1469761892217,Объект Ирий,https://sutochno.ru/front/searchapp/hotels/146976,https://pumpons.github.io/sutochno-feeds/images/7108204331404569.png,Сочи,1500 RUB,0,4.7552083333333,5.0,
753891113535,Объект Сергей,https://sutochno.ru/front/searchapp/hotels/75389,https://pumpons.github.io/sutochno-feeds/images/8e57938fc5b06a24.png,Сочи,3000 RUB,0,4.7547619047619,5.0,сад
753891113595,Объект Сергей,https://sutochno.ru/front/searchapp/hotels/75389,https://pumpons.github.io/sutochno-feeds/images/8e57938fc5b06a24.png,Сочи,3000 RUB,0,4.7547619047619,5.0,сад
4959839727,Объект Я дома,https://sutochno.ru/front/searchapp/hotels/4959,https://pumpons.github.io/sutochno-feeds/images/33479aafdb0b296e.png,Адлер,3950 RUB,0,4.7544326241135,5.0,трансфер;Фитнес/спортзал;Терраса;Игровая площадка для детей
4959510559,Объект Я дома,https://sutochno.ru/front/searchapp/hotels/4959,https://pumpons.github.io/sutochno-feeds/images/8a49a670d6b266f0.png,Адлер,2400 RUB,0,4.7544326241135,5.0,трансфер;Фитнес/спортзал;Терраса;Игровая площадка для детей
715791493739,Апартаменты На набережной Ривьера,https://sutochno.ru/front/searchapp/hotels/71579,https://pumpons.github.io/sutochno-feeds/images/f22ed776721c5976.png,Сочи,3960 RUB,0,4.7529247027127,5.0,
715791927418,Апартаменты На набережной Ривьера,https://sutochno.ru/front/searchapp/hotels/71579,https://pumpons.github.io/sutochno-feeds/images/e692c4032e332bb6.png,Сочи,2640 RUB,0,4.7529247027127,5.0,
715791495971,Апартаменты На набережной Ривьера,https://sutochno.ru/front/searchapp/hotels/71579,https://pumpons.github.io/sutochno-feeds/images/87bbd5157c9393b6.png,Сочи,2400 RUB,0,4.7529247027127,5.0,
715791651930,Апартаменты На набережной Ривьера,https://sutochno.ru/front/searchapp/hotels/71579,https://pumpons.github.io/sutochno-feeds/images/8aa183603463e50c.png,Сочи,5040 RUB,0,4.7529247027127,5.0,
715791514835,Апартаменты На набережной Ривьера,https://sutochno.ru/front/searchapp/hotels/71579,https://pumpons.github.io/sutochno-feeds/images/762c9ab906387c06.png,Сочи,3720 RUB,0,4.7529247027127,5.0,
715792172406,Апартаменты На набережной Ривьера,https://sutochno.ru/front/searchapp/hotels/71579,https://pumpons.github.io/sutochno-feeds/images/e692c4032e332bb6.png,Сочи,2640 RUB,0,4.7529247027127,5.0,
715791512600,Апартаменты На набережной Ривьера,https://sutochno.ru/front/searchapp/hotels/71579,https://pumpons.github.io/sutochno-feeds/images/762c9ab906387c06.png,Сочи,3720 RUB,0,4.7529247027127,5.0,
715791082449,Апартаменты На набережной Ривьера,https://sutochno.ru/front/searchapp/hotels/71579,https://pumpons.github.io/sutochno-feeds/images/35e31ad449877e3f.png,Сочи,2520 RUB,0,4.7529247027127,5.0,
715791512264,Апартаменты На набережной Ривьера,https://sutochno.ru/front/searchapp/hotels/71579,https://pumpons.github.io/sutochno-feeds/images/ed61b931084ccf11.png,Сочи,2280 RUB,0,4.7529247027127,5.0,
1532601992895,Гостевой дом Гранат,https://sutochno.ru/front/searchapp/hotels/153260,https://pumpons.github.io/sutochno-feeds/images/c8d6f7747eaa0320.png,Адлер,4050 RUB,0,4.7523504273504,5.0,лифт;камера хранения
1532601992882,Гостевой дом Гранат,https://sutochno.ru/front/searchapp/hotels/153260,https://pumpons.github.io/sutochno-feeds/images/c8d6f7747eaa0320.png,Адлер,4050 RUB,0,4.7523504273504,5.0,лифт;камера хранения
1532601992850,Гостевой дом Гранат,https://sutochno.ru/front/searchapp/hotels/153260,https://pumpons.github.io/sutochno-feeds/images/c80ef169996032aa.png,Адлер,2160 RUB,0,4.7523504273504,5.0,лифт;камера хранения
1532601992974,Гостевой дом Гранат,https://sutochno.ru/front/searchapp/hotels/153260,https://pumpons.github.io/sutochno-feeds/images/494bc0a0615030bd.png,Адлер,4725 RUB,0,4.7523504273504,5.0,лифт;камера хранения
1532601992870,Гостевой дом Гранат,https://sutochno.ru/front/searchapp/hotels/153260,https://pumpons.github.io/sutochno-feeds/images/c2596931e8fcdd48.png,Адлер,3780 RUB,0,4.7523504273504,5.0,лифт;камера хранения
1532601992865,Гостевой дом Гранат,https://sutochno.ru/front/searchapp/hotels/153260,https://pumpons.github.io/sutochno-feeds/images/db460575c2aa0379.png,Адлер,3105 RUB,0,4.7523504273504,5.0,лифт;камера хранения
1397132004049,Объект На Дмитриевой,https://sutochno.ru/front/searchapp/hotels/139713,https://pumpons.github.io/sutochno-feeds/images/81cf8866143b0390.png,Сочи,1900 RUB,0,4.7522222222222,5.0,сауна;прачечная
1397132004066,Объект На Дмитриевой,https://sutochno.ru/front/searchapp/hotels/139713,https://pumpons.github.io/sutochno-feeds/images/92acfd22b552ede6.png,Сочи,2500 RUB,0,4.7522222222222,5.0,сауна;прачечная
1397132004027,Объект На Дмитриевой,https://sutochno.ru/front/searchapp/hotels/139713,https://pumpons.github.io/sutochno-feeds/images/3344c5abe76e2595.png,Сочи,2300 RUB,0,4.7522222222222,5.0,сауна;прачечная
1397132067575,Объект На Дмитриевой,https://sutochno.ru/front/searchapp/hotels/139713,https://pumpons.github.io/sutochno-feeds/images/81cf8866143b0390.png,Сочи,1900 RUB,0,4.7522222222222,5.0,сауна;прачечная
1397132004127,Объект На Дмитриевой,https://sutochno.ru/front/searchapp/hotels/139713,https://pumpons.github.io/sutochno-feeds/images/3344c5abe76e2595.png,Сочи,2300 RUB,0,4.7522222222222,5.0,сауна;прачечная
1259341718585,Гостиница Солнечный день,https://sutochno.ru/front/searchapp/hotels/125934,https://pumpons.github.io/sutochno-feeds/images/0592464284c0f9b3.png,Сочи,2415 RUB,0,4.7517099878091,5.0,круглосуточная стойка;сауна;Бассейн (открытый)
1259341624457,Гостиница Солнечный день,https://sutochno.ru/front/searchapp/hotels/125934,https://pumpons.github.io/sutochno-feeds/images/e75e5d0fe2ae0afb.png,Сочи,1680 RUB,0,4.7517099878091,5.0,круглосуточная стойка;сауна;Бассейн (открытый)
1259341855742,Гостиница Солнечный день,https://sutochno.ru/front/searchapp/hotels/125934,https://pumpons.github.io/sutochno-feeds/images/e75e5d0fe2ae0afb.png,Сочи,1680 RUB,0,4.7517099878091,5.0,круглосуточная стойка;сауна;Бассейн (открытый)
1259341720194,Гостиница Солнечный день,https://sutochno.ru/front/searchapp/hotels/125934,https://pumpons.github.io/sutochno-feeds/images/d1d09e9979c3ebf6.png,Сочи,1050 RUB,0,4.7517099878091,5.0,круглосуточная стойка;сауна;Бассейн (открытый)
1259341630443,Гостиница Солнечный день,https://sutochno.ru/front/searchapp/hotels/125934,https://pumpons.github.io/sutochno-feeds/images/ab00af0fad772034.png,Сочи,1890 RUB,0,4.7517099878091,5.0,круглосуточная стойка;сауна;Бассейн (открытый)
1259341718587,Гостиница Солнечный день,https://sutochno.ru/front/searchapp/hotels/125934,https://pumpons.github.io/sutochno-feeds/images/aaddd192f86b74e8.png,Сочи,2625 RUB,0,4.7517099878091,5.0,круглосуточная стойка;сауна;Бассейн (открытый)
1336451731417,Отель Эльбрус,https://sutochno.ru/front/searchapp/hotels/133645,https://pumpons.github.io/sutochno-feeds/images/0c7d2bdb745d8d00.png,Адлер,1050 RUB,0,4.7501744287459,5.0,
1400201806171,Объект Мебелированные комнаты Агава,https://sutochno.ru/front/searchapp/hotels/140020,https://pumpons.github.io/sutochno-feeds/images/987e14bee4f8b1d4.png,Адлер,2500 RUB,0,4.75,5.0,
1691542187470,Объект Башня,https://sutochno.ru/front/searchapp/hotels/169154,https://pumpons.github.io/sutochno-feeds/images/442ea2156e1679ec.png,Адлер,3600 RUB,0,4.75,5.0,трансфер;прачечная
1492991927860,Бутик-отель Adriano,https://sutochno.ru/front/searchapp/hotels/149299,https://pumpons.github.io/sutochno-feeds/images/125bdd9488aa80b6.png,Адлер,5200 RUB,4,4.75,5.0,ресторан;Спа;Бассейн (открытый);лифт;пандус;камера хранения
1492991927844,Бутик-отель Adriano,https://sutochno.ru/front/searchapp/hotels/149299,https://pumpons.github.io/sutochno-feeds/images/f73de7c1629b684e.png,Адлер,4000 RUB,4,4.75,5.0,ресторан;Спа;Бассейн (открытый);лифт;пандус;камера хранения
1400201806205,Объект Мебелированные комнаты Агава,https://sutochno.ru/front/searchapp/hotels/140020,https://pumpons.github.io/sutochno-feeds/images/6a9e31f520182c39.png,Адлер,4000 RUB,0,4.75,5.0,
1691542187486,Объект Башня,https://sutochno.ru/front/searchapp/hotels/169154,https://pumpons.github.io/sutochno-feeds/images/304c42f6154bd2a7.png,Адлер,1800 RUB,0,4.75,5.0,трансфер;прачечная
1691542187482,Объект Башня,https://sutochno.ru/front/searchapp/hotels/169154,https://pumpons.github.io/sutochno-feeds/images/1e009815b906a8ea.png,Адлер,2040 RUB,0,4.75,5.0,трансфер;прачечная
1492991927853,Бутик-отель Adriano,https://sutochno.ru/front/searchapp/hotels/149299,https://pumpons.github.io/sutochno-feeds/images/7f1a0d85f734250a.png,Адлер,4500 RUB,4,4.75,5.0,ресторан;Спа;Бассейн (открытый);лифт;пандус;камера хранения
1492991927864,Бутик-отель Adriano,https://sutochno.ru/front/searchapp/hotels/149299,https://pumpons.github.io/sutochno-feeds/images/419dcce3cc76b09a.png,Адлер,5900 RUB,4,4.75,5.0,ресторан;Спа;Бассейн (открытый);лифт;пандус;камера хранения
1429201836017,Гостевой дом Грейс Наири,https://sutochno.ru/front/searchapp/hotels/142920,https://pumpons.github.io/sutochno-feeds/images/ef44e1718c07cbc0.png,Сочи,7524 RUB,0,4.75,5.0,круглосуточная стойка;сад
1429201835987,Гостевой дом Грейс Наири,https://sutochno.ru/front/searchapp/hotels/142920,https://pumpons.github.io/sutochno-feeds/images/3d8ab4c8817dcde9.png,Сочи,6840 RUB,0,4.75,5.0,круглосуточная стойка;сад
1491611927579,Гостиница Грейс Эль Параисо,https://sutochno.ru/front/searchapp/hotels/149161,https://pumpons.github.io/sutochno-feeds/images/e910ab3d5f76e4bd.png,Сочи,12363 RUB,4,4.75,5.0,ресторан;бар;круглосуточная стойка;сауна;Терраса;Спа;Бассейн (открытый);лифт;детский бассейн;бассейн с подогревом;конференц-зал;прачечная
1624442101307,Объект Теплое Море,https://sutochno.ru/front/searchapp/hotels/162444,https://pumpons.github.io/sutochno-feeds/images/5812cf0e23f0f2be.png,Сочи,3000 RUB,0,4.75,5.0,круглосуточная стойка;прачечная
1315081705716,Объект Магнат,https://sutochno.ru/front/searchapp/hotels/131508,https://pumpons.github.io/sutochno-feeds/images/86d148bfb05afc7a.png,Сочи,3900 RUB,0,4.75,5.0,трансфер;круглосуточная стойка;сауна;Бассейн (крытый);Игровая площадка для детей
1491611927558,Гостиница Грейс Эль Параисо,https://sutochno.ru/front/searchapp/hotels/149161,https://pumpons.github.io/sutochno-feeds/images/e910ab3d5f76e4bd.png,Сочи,12363 RUB,4,4.75,5.0,ресторан;бар;круглосуточная стойка;сауна;Терраса;Спа;Бассейн (открытый);лифт;детский бассейн;бассейн с подогревом;конференц-зал;прачечная
1491611927545,Гостиница Грейс Эль Параисо,https://sutochno.ru/front/searchapp/hotels/149161,https://pumpons.github.io/sutochno-feeds/images/946a8cd4b8609268.png,Сочи,9775 RUB,4,4.75,5.0,ресторан;бар;круглосуточная стойка;сауна;Терраса;Спа;Бассейн (открытый);лифт;детский бассейн;бассейн с подогревом;конференц-зал;прачечная
1229221581543,Апарт-отель Mirror Light,https://sutochno.ru/front/searchapp/hotels/122922,https://pumpons.github.io/sutochno-feeds/images/c8bf55cae00e1160.png,Сочи,5700 RUB,0,4.75,5.0,трансфер;бар;лифт;пандус
1491611927588,Гостиница Грейс Эль Параисо,https://sutochno.ru/front/searchapp/hotels/149161,https://pumpons.github.io/sutochno-feeds/images/6b7b2ebf469c4b9c.png,Сочи,12938 RUB,4,4.75,5.0,ресторан;бар;круглосуточная стойка;сауна;Терраса;Спа;Бассейн (открытый);лифт;детский бассейн;бассейн с подогревом;конференц-зал;прачечная
1229221582640,Апарт-отель Mirror Light,https://sutochno.ru/front/searchapp/hotels/122922,https://pumpons.github.io/sutochno-feeds/images/742ff245f49da9bb.png,Сочи,7200 RUB,0,4.75,5.0,трансфер;бар;лифт;пандус
1491611925257,Гостиница Грейс Эль Параисо,https://sutochno.ru/front/searchapp/hotels/149161,https://pumpons.github.io/sutochno-feeds/images/074efe24bb53f954.png,Сочи,8625 RUB,4,4.75,5.0,ресторан;бар;круглосуточная стойка;сауна;Терраса;Спа;Бассейн (открытый);лифт;детский бассейн;бассейн с подогревом;конференц-зал;прачечная
1429201835802,Гостевой дом Грейс Наири,https://sutochno.ru/front/searchapp/hotels/142920,https://pumpons.github.io/sutochno-feeds/images/c50a22bf1e2c9c44.png,Сочи,5541 RUB,0,4.75,5.0,круглосуточная стойка;сад
1315081705738,Объект Магнат,https://sutochno.ru/front/searchapp/hotels/131508,https://pumpons.github.io/sutochno-feeds/images/657ee02561da647d.png,Сочи,4900 RUB,0,4.75,5.0,трансфер;круглосуточная стойка;сауна;Бассейн (крытый);Игровая площадка для детей
1624442101165,Объект Теплое Море,https://sutochno.ru/front/searchapp/hotels/162444,https://pumpons.github.io/sutochno-feeds/images/49c57f16a0ec820b.png,Сочи,3500 RUB,0,4.75,5.0,круглосуточная стойка;прачечная
1315081705731,Объект Магнат,https://sutochno.ru/front/searchapp/hotels/131508,https://pumpons.github.io/sutochno-feeds/images/d2f71985e483841b.png,Сочи,4500 RUB,0,4.75,5.0,трансфер;круглосуточная стойка;сауна;Бассейн (крытый);Игровая площадка для детей
1491611927547,Гостиница Грейс Эль Параисо,https://sutochno.ru/front/searchapp/hotels/149161,https://pumpons.github.io/sutochno-feeds/images/3a941fab5a8ecd0b.png,Сочи,11213 RUB,4,4.75,5.0,ресторан;бар;круглосуточная стойка;сауна;Терраса;Спа;Бассейн (открытый);лифт;детский бассейн;бассейн с подогревом;конференц-зал;прачечная
1491611927569,Гостиница Грейс Эль Параисо,https://sutochno.ru/front/searchapp/hotels/149161,https://pumpons.github.io/sutochno-feeds/images/3a941fab5a8ecd0b.png,Сочи,11213 RUB,4,4.75,5.0,ресторан;бар;круглосуточная стойка;сауна;Терраса;Спа;Бассейн (открытый);лифт;детский бассейн;бассейн с подогревом;конференц-зал;прачечная
1491611927591,Гостиница Грейс Эль Параисо,https://sutochno.ru/front/searchapp/hotels/149161,https://pumpons.github.io/sutochno-feeds/images/ef9923cc58182c89.png,Сочи,14088 RUB,4,4.75,5.0,ресторан;бар;круглосуточная стойка;сауна;Терраса;Спа;Бассейн (открытый);лифт;детский бассейн;бассейн с подогревом;конференц-зал;прачечная
1229221586227,Апарт-отель Mirror Light,https://sutochno.ru/front/searchapp/hotels/122922,https://pumpons.github.io/sutochno-feeds/images/82c0fa78c2862e0c.png,Сочи,8800 RUB,0,4.75,5.0,трансфер;бар;лифт;пандус
59975995523,Апарт-отель Planeta MOV,https://sutochno.ru/front/searchapp/hotels/59975,https://pumpons.github.io/sutochno-feeds/images/54de8b794482c027.png,Адлер,3465 RUB,0,4.7465458152958,5.0,трансфер;сад;Терраса;Бассейн (открытый)
533951189797,Гостевой дом Диана,https://sutochno.ru/front/searchapp/hotels/53395,https://pumpons.github.io/sutochno-feeds/images/21d7dbafee4bd577.png,Адлер,2500 RUB,0,4.7464031339031,5.0,сад
533951161371,Гостевой дом Диана,https://sutochno.ru/front/searchapp/hotels/53395,https://pumpons.github.io/sutochno-feeds/images/e03dfb69ba0c50b6.png,Адлер,2000 RUB,0,4.7464031339031,5.0,сад
533951100199,Гостевой дом Диана,https://sutochno.ru/front/searchapp/hotels/53395,https://pumpons.github.io/sutochno-feeds/images/30b5769cc1d410a8.png,Адлер,1700 RUB,0,4.7464031339031,5.0,сад
756191799078,Объект Вилла Остров Сочи,https://sutochno.ru/front/searchapp/hotels/75619,https://pumpons.github.io/sutochno-feeds/images/30b9e08b8cc419f0.png,Адлер,2300 RUB,0,4.7463300360402,5.0,сад;Терраса;Бассейн (открытый);бассейн с подогревом
756191117881,Объект Вилла Остров Сочи,https://sutochno.ru/front/searchapp/hotels/75619,https://pumpons.github.io/sutochno-feeds/images/31cc2afb649e0de1.png,Адлер,1700 RUB,0,4.7463300360402,5.0,сад;Терраса;Бассейн (открытый);бассейн с подогревом
1104411447325,Гостевой дом Артур,https://sutochno.ru/front/searchapp/hotels/110441,https://pumpons.github.io/sutochno-feeds/images/43c0b7df0ade06fc.png,Адлер,1250 RUB,0,4.7418213969938,5.0,круглосуточная стойка;сад;Терраса
1104411447449,Гостевой дом Артур,https://sutochno.ru/front/searchapp/hotels/110441,https://pumpons.github.io/sutochno-feeds/images/4f3b968160845fea.png,Адлер,950 RUB,0,4.7418213969938,5.0,круглосуточная стойка;сад;Терраса
1535081991712,Гостевой дом Морская волна,https://sutochno.ru/front/searchapp/hotels/153508,https://pumpons.github.io/sutochno-feeds/images/e470611c8dedc2da.png,Адлер,3700 RUB,0,4.7407407407407,5.0,
1535081990990,Гостевой дом Морская волна,https://sutochno.ru/front/searchapp/hotels/153508,https://pumpons.github.io/sutochno-feeds/images/5fb8fa3d33dd5cb9.png,Адлер,1600 RUB,0,4.7407407407407,5.0,
313571747357,Объект Vikanna,https://sutochno.ru/front/searchapp/hotels/31357,https://pumpons.github.io/sutochno-feeds/images/1b5f8eb267c47c78.png,Адлер,4000 RUB,0,4.7404356060606,5.0,трансфер;доставка в номер;Игровая площадка для детей
31357756313,Объект Vikanna,https://sutochno.ru/front/searchapp/hotels/31357,https://pumpons.github.io/sutochno-feeds/images/a37c049895d39969.png,Адлер,2500 RUB,0,4.7404356060606,5.0,трансфер;доставка в номер;Игровая площадка для детей
31357754461,Объект Vikanna,https://sutochno.ru/front/searchapp/hotels/31357,https://pumpons.github.io/sutochno-feeds/images/db54848a959e936b.png,Адлер,1200 RUB,0,4.7404356060606,5.0,трансфер;доставка в номер;Игровая площадка для детей
1283901876823,Гостевой дом Сириус,https://sutochno.ru/front/searchapp/hotels/128390,https://pumpons.github.io/sutochno-feeds/images/ba289c76e42d14c5.png,Адлер,3000 RUB,0,4.7394444444444,5.0,сад;Терраса;Бассейн (открытый);детский бассейн
1283901671259,Гостевой дом Сириус,https://sutochno.ru/front/searchapp/hotels/128390,https://pumpons.github.io/sutochno-feeds/images/40c798dc142bf01f.png,Адлер,3600 RUB,0,4.7394444444444,5.0,сад;Терраса;Бассейн (открытый);детский бассейн
1538211995500,Объект Оазис,https://sutochno.ru/front/searchapp/hotels/153821,https://pumpons.github.io/sutochno-feeds/images/87876dc87b21128d.png,Сочи,22000 RUB,0,4.7380952380952,5.0,
1538211995492,Объект Оазис,https://sutochno.ru/front/searchapp/hotels/153821,https://pumpons.github.io/sutochno-feeds/images/87876dc87b21128d.png,Сочи,22000 RUB,0,4.7380952380952,5.0,
856111675708,Апартаменты Роз Дель Мар,https://sutochno.ru/front/searchapp/hotels/85611,https://pumpons.github.io/sutochno-feeds/images/d60ed2e86121b9b5.png,Сочи,5363 RUB,0,4.7356666666667,5.0,круглосуточная стойка
856111189049,Апартаменты Роз Дель Мар,https://sutochno.ru/front/searchapp/hotels/85611,https://pumpons.github.io/sutochno-feeds/images/ae6ded1d5c7100ba.png,Сочи,3113 RUB,0,4.7356666666667,5.0,круглосуточная стойка
1063671464333,Гостевой дом Желанный гость,https://sutochno.ru/front/searchapp/hotels/106367,https://pumpons.github.io/sutochno-feeds/images/87e323427694d50e.png,Сочи,1600 RUB,0,4.7348978779086,5.0,сад;Игровая площадка для детей
1063671464305,Гостевой дом Желанный гость,https://sutochno.ru/front/searchapp/hotels/106367,https://pumpons.github.io/sutochno-feeds/images/7ef025ce8045a722.png,Сочи,2200 RUB,0,4.7348978779086,5.0,сад;Игровая площадка для детей
1063671412739,Гостевой дом Желанный гость,https://sutochno.ru/front/searchapp/hotels/106367,https://pumpons.github.io/sutochno-feeds/images/8c340101db292cb9.png,Сочи,2500 RUB,0,4.7348978779086,5.0,сад;Игровая площадка для детей
629871018283,Гостевой дом Ласточкино гнездо,https://sutochno.ru/front/searchapp/hotels/62987,https://pumpons.github.io/sutochno-feeds/images/a8781719845af216.png,Адлер,2100 RUB,0,4.7345679012346,5.0,сад
629872290411,Гостевой дом Ласточкино гнездо,https://sutochno.ru/front/searchapp/hotels/62987,https://pumpons.github.io/sutochno-feeds/images/aea771b30d50d126.png,Адлер,6000 RUB,0,4.7345679012346,5.0,сад
1293601679291,Гостиница У Черного моря,https://sutochno.ru/front/searchapp/hotels/129360,https://pumpons.github.io/sutochno-feeds/images/088f74eb0a8f5dc6.png,Адлер,1770 RUB,0,4.7319386087768,5.0,трансфер;круглосуточная стойка;Терраса;камера хранения
1293601679344,Гостиница У Черного моря,https://sutochno.ru/front/searchapp/hotels/129360,https://pumpons.github.io/sutochno-feeds/images/107125a8ec690a25.png,Адлер,2025 RUB,0,4.7319386087768,5.0,трансфер;круглосуточная стойка;Терраса;камера хранения
7413547903,Гостевой дом Райский уголок,https://sutochno.ru/front/searchapp/hotels/7413,https://pumpons.github.io/sutochno-feeds/images/aa4000c4c3ff20db.png,Адлер,2100 RUB,0,4.7313492063492,5.0,трансфер;сад;Бассейн (открытый);Игровая площадка для детей;прачечная
74132044470,Гостевой дом Райский уголок,https://sutochno.ru/front/searchapp/hotels/7413,https://pumpons.github.io/sutochno-feeds/images/3a59b5934778d0a3.png,Адлер,1800 RUB,0,4.7313492063492,5.0,трансфер;сад;Бассейн (открытый);Игровая площадка для детей;прачечная
7413628969,Гостевой дом Райский уголок,https://sutochno.ru/front/searchapp/hotels/7413,https://pumpons.github.io/sutochno-feeds/images/3b86a5f831fdac25.png,Адлер,3000 RUB,0,4.7313492063492,5.0,трансфер;сад;Бассейн (открытый);Игровая площадка для детей;прачечная
1165471511230,Объект Лоза,https://sutochno.ru/front/searchapp/hotels/116547,https://pumpons.github.io/sutochno-feeds/images/ce4e4453740e8d19.png,Адлер,1500 RUB,0,4.7283653846154,5.0,трансфер;бар;Терраса
1165471511480,Объект Лоза,https://sutochno.ru/front/searchapp/hotels/116547,https://pumpons.github.io/sutochno-feeds/images/b353a86603840f97.png,Адлер,3000 RUB,0,4.7283653846154,5.0,трансфер;бар;Терраса
1165471511593,Объект Лоза,https://sutochno.ru/front/searchapp/hotels/116547,https://pumpons.github.io/sutochno-feeds/images/4e02bd6dde8c6a02.png,Адлер,3800 RUB,0,4.7283653846154,5.0,трансфер;бар;Терраса
1165471511514,Объект Лоза,https://sutochno.ru/front/searchapp/hotels/116547,https://pumpons.github.io/sutochno-feeds/images/ce4e4453740e8d19.png,Адлер,1500 RUB,0,4.7283653846154,5.0,трансфер;бар;Терраса
1587902061808,Гостиница Greek House,https://sutochno.ru/front/searchapp/hotels/158790,https://pumpons.github.io/sutochno-feeds/images/ad0b69dcc3bcacf2.png,Красная Поляна,5376 RUB,0,4.7244444444444,5.0,трансфер;ресторан;доставка в номер;круглосуточная стойка;сауна;Бассейн (крытый);лифт;пандус;камера хранения;прачечная
1587902061328,Гостиница Greek House,https://sutochno.ru/front/searchapp/hotels/158790,https://pumpons.github.io/sutochno-feeds/images/9a3b3422e00f3c9c.png,Красная Поляна,3648 RUB,0,4.7244444444444,5.0,трансфер;ресторан;доставка в номер;круглосуточная стойка;сауна;Бассейн (крытый);лифт;пандус;камера хранения;прачечная
1587902061628,Гостиница Greek House,https://sutochno.ru/front/searchapp/hotels/158790,https://pumpons.github.io/sutochno-feeds/images/e524e65e0410fdfe.png,Красная Поляна,3456 RUB,0,4.7244444444444,5.0,трансфер;ресторан;доставка в номер;круглосуточная стойка;сауна;Бассейн (крытый);лифт;пандус;камера хранения;прачечная
1587902061612,Гостиница Greek House,https://sutochno.ru/front/searchapp/hotels/158790,https://pumpons.github.io/sutochno-feeds/images/9a3b3422e00f3c9c.png,Красная Поляна,3648 RUB,0,4.7244444444444,5.0,трансфер;ресторан;доставка в номер;круглосуточная стойка;сауна;Бассейн (крытый);лифт;пандус;камера хранения;прачечная
1483081914969,Гостевой дом МартЛен,https://sutochno.ru/front/searchapp/hotels/148308,https://pumpons.github.io/sutochno-feeds/images/b0ef323c324d730f.png,Адлер,1092 RUB,0,4.7243831876185,5.0,круглосуточная стойка;прачечная
1483081915009,Гостевой дом МартЛен,https://sutochno.ru/front/searchapp/hotels/148308,https://pumpons.github.io/sutochno-feeds/images/d9e52ab79341917b.png,Адлер,582 RUB,0,4.7243831876185,5.0,круглосуточная стойка;прачечная
1483081915012,Гостевой дом МартЛен,https://sutochno.ru/front/searchapp/hotels/148308,https://pumpons.github.io/sutochno-feeds/images/44fcc12a9dd50ed1.png,Адлер,679 RUB,0,4.7243831876185,5.0,круглосуточная стойка;прачечная
1483081914933,Гостевой дом МартЛен,https://sutochno.ru/front/searchapp/hotels/148308,https://pumpons.github.io/sutochno-feeds/images/ded39d754a278457.png,Адлер,910 RUB,0,4.7243831876185,5.0,круглосуточная стойка;прачечная
1527622058234,Гостевой дом Свои на море,https://sutochno.ru/front/searchapp/hotels/152762,https://pumpons.github.io/sutochno-feeds/images/4edf2a3943e0570f.png,Адлер,1300 RUB,0,4.7222222222222,5.0,прачечная
1527622058279,Гостевой дом Свои на море,https://sutochno.ru/front/searchapp/hotels/152762,https://pumpons.github.io/sutochno-feeds/images/0c82f3f23a38cda9.png,Адлер,1170 RUB,0,4.7222222222222,5.0,прачечная
1527621991612,Гостевой дом Свои на море,https://sutochno.ru/front/searchapp/hotels/152762,https://pumpons.github.io/sutochno-feeds/images/d340f4d819f51763.png,Адлер,1700 RUB,0,4.7222222222222,5.0,прачечная
1527622091298,Гостевой дом Свои на море,https://sutochno.ru/front/searchapp/hotels/152762,https://pumpons.github.io/sutochno-feeds/images/4edf2a3943e0570f.png,Адлер,1300 RUB,0,4.7222222222222,5.0,прачечная
1527621985307,Гостевой дом Свои на море,https://sutochno.ru/front/searchapp/hotels/152762,https://pumpons.github.io/sutochno-feeds/images/6a304108ac75231d.png,Адлер,1080 RUB,0,4.7222222222222,5.0,прачечная
940471265575,Гостевой дом Маргарита,https://sutochno.ru/front/searchapp/hotels/94047,https://pumpons.github.io/sutochno-feeds/images/b2b0809d31adf46c.png,Сочи,6000 RUB,0,4.7222222222222,5.0,сад
940471268275,Гостевой дом Маргарита,https://sutochno.ru/front/searchapp/hotels/94047,https://pumpons.github.io/sutochno-feeds/images/e4cd8fe2cfb7bda0.png,Сочи,4000 RUB,0,4.7222222222222,5.0,сад
773091127193,Объект Марьяна,https://sutochno.ru/front/searchapp/hotels/77309,https://pumpons.github.io/sutochno-feeds/images/5d4e399d5460af18.png,Адлер,2360 RUB,0,4.7217175328272,5.0,трансфер;сад;Терраса
773091127313,Объект Марьяна,https://sutochno.ru/front/searchapp/hotels/77309,https://pumpons.github.io/sutochno-feeds/images/ccdd956cf867c6f0.png,Адлер,1770 RUB,0,4.7217175328272,5.0,трансфер;сад;Терраса
773091880053,Объект Марьяна,https://sutochno.ru/front/searchapp/hotels/77309,https://pumpons.github.io/sutochno-feeds/images/2e89b48fc01c1115.png,Адлер,1800 RUB,0,4.7217175328272,5.0,трансфер;сад;Терраса
773091127289,Объект Марьяна,https://sutochno.ru/front/searchapp/hotels/77309,https://pumpons.github.io/sutochno-feeds/images/3cbfdf45ff232c61.png,Адлер,3540 RUB,0,4.7217175328272,5.0,трансфер;сад;Терраса
773091127303,Объект Марьяна,https://sutochno.ru/front/searchapp/hotels/77309,https://pumpons.github.io/sutochno-feeds/images/bf437137d6c391d3.png,Адлер,4120 RUB,0,4.7217175328272,5.0,трансфер;сад;Терраса
41091836231,Объект У Владимира,https://sutochno.ru/front/searchapp/hotels/41091,https://pumpons.github.io/sutochno-feeds/images/c3fc9fbbf55b95ea.png,Адлер,3500 RUB,0,4.7205079365079,5.0,
41091832645,Объект У Владимира,https://sutochno.ru/front/searchapp/hotels/41091,https://pumpons.github.io/sutochno-feeds/images/7f884ecc3e7d8c16.png,Адлер,1500 RUB,0,4.7205079365079,5.0,
634211021161,Объект Адлер,https://sutochno.ru/front/searchapp/hotels/63421,https://pumpons.github.io/sutochno-feeds/images/44d1a790763a7640.png,Сочи,1200 RUB,0,4.7197718947719,5.0,трансфер
634211454531,Объект Адлер,https://sutochno.ru/front/searchapp/hotels/63421,https://pumpons.github.io/sutochno-feeds/images/44d1a790763a7640.png,Сочи,1200 RUB,0,4.7197718947719,5.0,трансфер
634211021165,Объект Адлер,https://sutochno.ru/front/searchapp/hotels/63421,https://pumpons.github.io/sutochno-feeds/images/44d1a790763a7640.png,Сочи,1200 RUB,0,4.7197718947719,5.0,трансфер
1497901937208,Объект Калипсо,https://sutochno.ru/front/searchapp/hotels/149790,https://pumpons.github.io/sutochno-feeds/images/f901380e998f913b.png,Сочи,2160 RUB,0,4.7191215616681,5.0,Игровая площадка для детей
1497901937204,Объект Калипсо,https://sutochno.ru/front/searchapp/hotels/149790,https://pumpons.github.io/sutochno-feeds/images/c0c86aeb5eb05371.png,Сочи,2040 RUB,0,4.7191215616681,5.0,Игровая площадка для детей
1497901937198,Объект Калипсо,https://sutochno.ru/front/searchapp/hotels/149790,https://pumpons.github.io/sutochno-feeds/images/83593821933e0ea3.png,Сочи,1656 RUB,0,4.7191215616681,5.0,Игровая площадка для детей
1497901937167,Объект Калипсо,https://sutochno.ru/front/searchapp/hotels/149790,https://pumpons.github.io/sutochno-feeds/images/86751c8f0ef22b09.png,Сочи,1320 RUB,0,4.7191215616681,5.0,Игровая площадка для детей
684931077807,Объект Шарм,https://sutochno.ru/front/searchapp/hotels/68493,https://pumpons.github.io/sutochno-feeds/images/70a4cbd757c891c9.png,Адлер,4500 RUB,0,4.7190972222222,5.0,трансфер;круглосуточная стойка;Терраса;Бассейн (открытый)
684931065785,Объект Шарм,https://sutochno.ru/front/searchapp/hotels/68493,https://pumpons.github.io/sutochno-feeds/images/f1b96c8303cd007d.png,Адлер,2500 RUB,0,4.7190972222222,5.0,трансфер;круглосуточная стойка;Терраса;Бассейн (открытый)
684931077809,Объект Шарм,https://sutochno.ru/front/searchapp/hotels/68493,https://pumpons.github.io/sutochno-feeds/images/0a1c2b4705dbc1f4.png,Адлер,2300 RUB,0,4.7190972222222,5.0,трансфер;круглосуточная стойка;Терраса;Бассейн (открытый)
684931077765,Объект Шарм,https://sutochno.ru/front/searchapp/hotels/68493,https://pumpons.github.io/sutochno-feeds/images/70a4cbd757c891c9.png,Адлер,4500 RUB,0,4.7190972222222,5.0,трансфер;круглосуточная стойка;Терраса;Бассейн (открытый)
684931077955,Объект Шарм,https://sutochno.ru/front/searchapp/hotels/68493,https://pumpons.github.io/sutochno-feeds/images/7559e056c1841264.png,Адлер,3500 RUB,0,4.7190972222222,5.0,трансфер;круглосуточная стойка;Терраса;Бассейн (открытый)
684931075415,Объект Шарм,https://sutochno.ru/front/searchapp/hotels/68493,https://pumpons.github.io/sutochno-feeds/images/687a90989a475d5f.png,Адлер,4000 RUB,0,4.7190972222222,5.0,трансфер;круглосуточная стойка;Терраса;Бассейн (открытый)
684931077711,Объект Шарм,https://sutochno.ru/front/searchapp/hotels/68493,https://pumpons.github.io/sutochno-feeds/images/2a712112332a6ae8.png,Адлер,3000 RUB,0,4.7190972222222,5.0,трансфер;круглосуточная стойка;Терраса;Бассейн (открытый)
684931075057,Объект Шарм,https://sutochno.ru/front/searchapp/hotels/68493,https://pumpons.github.io/sutochno-feeds/images/2a712112332a6ae8.png,Адлер,3000 RUB,0,4.7190972222222,5.0,трансфер;круглосуточная стойка;Терраса;Бассейн (открытый)
32441764077,Апартаменты Видный,https://sutochno.ru/front/searchapp/hotels/32441,https://pumpons.github.io/sutochno-feeds/images/babe739a10076a67.png,Сочи,4000 RUB,0,4.7175925925926,5.0,Бассейн (открытый)
324411655460,Апартаменты Видный,https://sutochno.ru/front/searchapp/hotels/32441,https://pumpons.github.io/sutochno-feeds/images/b62c45c26a205301.png,Сочи,3360 RUB,0,4.7175925925926,5.0,Бассейн (открытый)
1069171410579,Отель Гранд Каньон,https://sutochno.ru/front/searchapp/hotels/106917,https://pumpons.github.io/sutochno-feeds/images/280101bb57679a2f.png,Сочи,3500 RUB,3,4.7173913043478,5.0,ресторан;бар;круглосуточная стойка
1069171410563,Отель Гранд Каньон,https://sutochno.ru/front/searchapp/hotels/106917,https://pumpons.github.io/sutochno-feeds/images/ebeffaa1873dfda5.png,Сочи,3000 RUB,3,4.7173913043478,5.0,ресторан;бар;круглосуточная стойка
794031141847,Объект Иван Да Марья,https://sutochno.ru/front/searchapp/hotels/79403,https://pumpons.github.io/sutochno-feeds/images/2668f8424a7f3583.png,Сочи,5000 RUB,0,4.7173611111111,5.0,круглосуточная стойка;сад;Терраса;Бассейн (открытый);Бассейн (крытый);Игровая площадка для детей;лифт;прачечная
794032035123,Объект Иван Да Марья,https://sutochno.ru/front/searchapp/hotels/79403,https://pumpons.github.io/sutochno-feeds/images/d8514d41b0870183.png,Сочи,3400 RUB,0,4.7173611111111,5.0,круглосуточная стойка;сад;Терраса;Бассейн (открытый);Бассейн (крытый);Игровая площадка для детей;лифт;прачечная
794031141875,Объект Иван Да Марья,https://sutochno.ru/front/searchapp/hotels/79403,https://pumpons.github.io/sutochno-feeds/images/61abb5189e46008c.png,Сочи,5250 RUB,0,4.7173611111111,5.0,круглосуточная стойка;сад;Терраса;Бассейн (открытый);Бассейн (крытый);Игровая площадка для детей;лифт;прачечная
478591651269,Мини-гостиница Ева,https://sutochno.ru/front/searchapp/hotels/47859,https://pumpons.github.io/sutochno-feeds/images/e1cbbefe3bfe2f44.png,Адлер,1449 RUB,0,4.7160633484163,5.0,трансфер;ресторан;круглосуточная стойка;сауна;сад;Терраса;Бассейн (открытый);Игровая площадка для детей;бассейн с подогревом
478591651289,Мини-гостиница Ева,https://sutochno.ru/front/searchapp/hotels/47859,https://pumpons.github.io/sutochno-feeds/images/318044f7c4134bc7.png,Адлер,1584 RUB,0,4.7160633484163,5.0,трансфер;ресторан;круглосуточная стойка;сауна;сад;Терраса;Бассейн (открытый);Игровая площадка для детей;бассейн с подогревом
478591651231,Мини-гостиница Ева,https://sutochno.ru/front/searchapp/hotels/47859,https://pumpons.github.io/sutochno-feeds/images/d245915bb92afbcf.png,Адлер,1403 RUB,0,4.7160633484163,5.0,трансфер;ресторан;круглосуточная стойка;сауна;сад;Терраса;Бассейн (открытый);Игровая площадка для детей;бассейн с подогревом
478591935192,Мини-гостиница Ева,https://sutochno.ru/front/searchapp/hotels/47859,https://pumpons.github.io/sutochno-feeds/images/3bd59249da9d2a79.png,Адлер,1720 RUB,0,4.7160633484163,5.0,трансфер;ресторан;круглосуточная стойка;сауна;сад;Терраса;Бассейн (открытый);Игровая площадка для детей;бассейн с подогревом
478591651278,Мини-гостиница Ева,https://sutochno.ru/front/searchapp/hotels/47859,https://pumpons.github.io/sutochno-feeds/images/b439862ef9cbe389.png,Адлер,1495 RUB,0,4.7160633484163,5.0,трансфер;ресторан;круглосуточная стойка;сауна;сад;Терраса;Бассейн (открытый);Игровая площадка для детей;бассейн с подогревом
478591651279,Мини-гостиница Ева,https://sutochno.ru/front/searchapp/hotels/47859,https://pumpons.github.io/sutochno-feeds/images/5a941791b8227306.png,Адлер,1271 RUB,0,4.7160633484163,5.0,трансфер;ресторан;круглосуточная стойка;сауна;сад;Терраса;Бассейн (открытый);Игровая площадка для детей;бассейн с подогревом
478591651280,Мини-гостиница Ева,https://sutochno.ru/front/searchapp/hotels/47859,https://pumpons.github.io/sutochno-feeds/images/1db99fab094b9a77.png,Адлер,1300 RUB,0,4.7160633484163,5.0,трансфер;ресторан;круглосуточная стойка;сауна;сад;Терраса;Бассейн (открытый);Игровая площадка для детей;бассейн с подогревом
478591651274,Мини-гостиница Ева,https://sutochno.ru/front/searchapp/hotels/47859,https://pumpons.github.io/sutochno-feeds/images/40d1c6c980fccbf8.png,Адлер,1232 RUB,0,4.7160633484163,5.0,трансфер;ресторан;круглосуточная стойка;сауна;сад;Терраса;Бассейн (открытый);Игровая площадка для детей;бассейн с подогревом
478591651171,Мини-гостиница Ева,https://sutochno.ru/front/searchapp/hotels/47859,https://pumpons.github.io/sutochno-feeds/images/05e5b0c36856975e.png,Адлер,1357 RUB,0,4.7160633484163,5.0,трансфер;ресторан;круглосуточная стойка;сауна;сад;Терраса;Бассейн (открытый);Игровая площадка для детей;бассейн с подогревом
478591935175,Мини-гостиница Ева,https://sutochno.ru/front/searchapp/hotels/47859,https://pumpons.github.io/sutochno-feeds/images/cc70bf3fa5d62841.png,Адлер,1691 RUB,0,4.7160633484163,5.0,трансфер;ресторан;круглосуточная стойка;сауна;сад;Терраса;Бассейн (открытый);Игровая площадка для детей;бассейн с подогревом
478591651300,Мини-гостиница Ева,https://sutochno.ru/front/searchapp/hotels/47859,https://pumpons.github.io/sutochno-feeds/images/a67117258978c00b.png,Адлер,1652 RUB,0,4.7160633484163,5.0,трансфер;ресторан;круглосуточная стойка;сауна;сад;Терраса;Бассейн (открытый);Игровая площадка для детей;бассейн с подогревом
478591651298,Мини-гостиница Ева,https://sutochno.ru/front/searchapp/hotels/47859,https://pumpons.github.io/sutochno-feeds/images/846d16637550568a.png,Адлер,1771 RUB,0,4.7160633484163,5.0,трансфер;ресторан;круглосуточная стойка;сауна;сад;Терраса;Бассейн (открытый);Игровая площадка для детей;бассейн с подогревом
1751271755564,Гостевой дом Парадайз,https://sutochno.ru/front/searchapp/hotels/175127,https://pumpons.github.io/sutochno-feeds/images/50894b837aac415c.png,Сочи,1800 RUB,0,4.7149470899471,5.0,круглосуточная стойка;сад;Терраса;Игровая площадка для детей
1751271987494,Гостевой дом Парадайз,https://sutochno.ru/front/searchapp/hotels/175127,https://pumpons.github.io/sutochno-feeds/images/50894b837aac415c.png,Сочи,1800 RUB,0,4.7149470899471,5.0,круглосуточная стойка;сад;Терраса;Игровая площадка для детей
1751271755206,Гостевой дом Парадайз,https://sutochno.ru/front/searchapp/hotels/175127,https://pumpons.github.io/sutochno-feeds/images/dc57c18c3ee54db2.png,Сочи,1500 RUB,0,4.7149470899471,5.0,круглосуточная стойка;сад;Терраса;Игровая площадка для детей
1751271755558,Гостевой дом Парадайз,https://sutochno.ru/front/searchapp/hotels/175127,https://pumpons.github.io/sutochno-feeds/images/dc57c18c3ee54db2.png,Сочи,1500 RUB,0,4.7149470899471,5.0,круглосуточная стойка;сад;Терраса;Игровая площадка для детей
1751271755548,Гостевой дом Парадайз,https://sutochno.ru/front/searchapp/hotels/175127,https://pumpons.github.io/sutochno-feeds/images/dc57c18c3ee54db2.png,Сочи,1500 RUB,0,4.7149470899471,5.0,круглосуточная стойка;сад;Терраса;Игровая площадка для детей
1529661984643,Гостевой дом У Оксаны,https://sutochno.ru/front/searchapp/hotels/152966,https://pumpons.github.io/sutochno-feeds/images/199970a0cbc4fe3d.png,Сочи,1610 RUB,0,4.7142857142857,5.0,круглосуточная стойка
1529661984646,Гостевой дом У Оксаны,https://sutochno.ru/front/searchapp/hotels/152966,https://pumpons.github.io/sutochno-feeds/images/a9c6a9f1112328eb.png,Сочи,2645 RUB,0,4.7142857142857,5.0,круглосуточная стойка
1529661984451,Гостевой дом У Оксаны,https://sutochno.ru/front/searchapp/hotels/152966,https://pumpons.github.io/sutochno-feeds/images/669de193bd740e3e.png,Сочи,2070 RUB,0,4.7142857142857,5.0,круглосуточная стойка
1529661984633,Гостевой дом У Оксаны,https://sutochno.ru/front/searchapp/hotels/152966,https://pumpons.github.io/sutochno-feeds/images/a9c6a9f1112328eb.png,Сочи,2645 RUB,0,4.7142857142857,5.0,круглосуточная стойка
1529661984645,Гостевой дом У Оксаны,https://sutochno.ru/front/searchapp/hotels/152966,https://pumpons.github.io/sutochno-feeds/images/e14c791a6d301eb1.png,Сочи,2300 RUB,0,4.7142857142857,5.0,круглосуточная стойка
1529661984641,Гостевой дом У Оксаны,https://sutochno.ru/front/searchapp/hotels/152966,https://pumpons.github.io/sutochno-feeds/images/dc73015829d963b6.png,Сочи,4025 RUB,0,4.7142857142857,5.0,круглосуточная стойка
1529661984630,Гостевой дом У Оксаны,https://sutochno.ru/front/searchapp/hotels/152966,https://pumpons.github.io/sutochno-feeds/images/e14c791a6d301eb1.png,Сочи,2300 RUB,0,4.7142857142857,5.0,круглосуточная стойка
1167511516358,Объект Сибирь,https://sutochno.ru/front/searchapp/hotels/116751,https://pumpons.github.io/sutochno-feeds/images/7cc5f340d213dabe.png,Адлер,1400 RUB,0,4.7111111111111,5.0,круглосуточная стойка;Терраса;Бассейн (открытый);детский бассейн;бассейн с подогревом
1167511513600,Объект Сибирь,https://sutochno.ru/front/searchapp/hotels/116751,https://pumpons.github.io/sutochno-feeds/images/7cc5f340d213dabe.png,Адлер,1400 RUB,0,4.7111111111111,5.0,круглосуточная стойка;Терраса;Бассейн (открытый);детский бассейн;бассейн с подогревом
646431029495,Объект Удача Сочи,https://sutochno.ru/front/searchapp/hotels/64643,https://pumpons.github.io/sutochno-feeds/images/93d4ccaef4ee336b.png,Адлер,5000 RUB,0,4.7090043290043,5.0,бар;круглосуточная стойка
646431029457,Объект Удача Сочи,https://sutochno.ru/front/searchapp/hotels/64643,https://pumpons.github.io/sutochno-feeds/images/7cb0edbbbd1f453e.png,Адлер,7000 RUB,0,4.7090043290043,5.0,бар;круглосуточная стойка
646431151141,Объект Удача Сочи,https://sutochno.ru/front/searchapp/hotels/64643,https://pumpons.github.io/sutochno-feeds/images/93d4ccaef4ee336b.png,Адлер,5000 RUB,0,4.7090043290043,5.0,бар;круглосуточная стойка
48521895271,Отель Флора,https://sutochno.ru/front/searchapp/hotels/48521,https://pumpons.github.io/sutochno-feeds/images/3446ff78926b82e9.png,Сочи,7920 RUB,0,4.7055555555556,5.0,трансфер;ресторан;доставка в номер;круглосуточная стойка;сад;Терраса;Бассейн (открытый);Игровая площадка для детей;лифт;бассейн с подогревом
48521895269,Отель Флора,https://sutochno.ru/front/searchapp/hotels/48521,https://pumpons.github.io/sutochno-feeds/images/d0b6f2349c7576d0.png,Сочи,5760 RUB,0,4.7055555555556,5.0,трансфер;ресторан;доставка в номер;круглосуточная стойка;сад;Терраса;Бассейн (открытый);Игровая площадка для детей;лифт;бассейн с подогревом
484411327863,Апартаменты Апартаменты Покровский Парк | ApartAmore,https://sutochno.ru/front/searchapp/hotels/48441,https://pumpons.github.io/sutochno-feeds/images/eed51e22e08e25ed.png,Сочи,3750 RUB,0,4.7049603174603,5.0,сад;Игровая площадка для детей;лифт;прачечная
484411908266,Апартаменты Апартаменты Покровский Парк | ApartAmore,https://sutochno.ru/front/searchapp/hotels/48441,https://pumpons.github.io/sutochno-feeds/images/eed51e22e08e25ed.png,Сочи,3750 RUB,0,4.7049603174603,5.0,сад;Игровая площадка для детей;лифт;прачечная
484411392337,Апартаменты Апартаменты Покровский Парк | ApartAmore,https://sutochno.ru/front/searchapp/hotels/48441,https://pumpons.github.io/sutochno-feeds/images/eed51e22e08e25ed.png,Сочи,3750 RUB,0,4.7049603174603,5.0,сад;Игровая площадка для детей;лифт;прачечная
484411908268,Апартаменты Апартаменты Покровский Парк | ApartAmore,https://sutochno.ru/front/searchapp/hotels/48441,https://pumpons.github.io/sutochno-feeds/images/eed51e22e08e25ed.png,Сочи,3750 RUB,0,4.7049603174603,5.0,сад;Игровая площадка для детей;лифт;прачечная
484411908253,Апартаменты Апартаменты Покровский Парк | ApartAmore,https://sutochno.ru/front/searchapp/hotels/48441,https://pumpons.github.io/sutochno-feeds/images/1f66e71b60d1cffd.png,Сочи,4000 RUB,0,4.7049603174603,5.0,сад;Игровая площадка для детей;лифт;прачечная
484411908682,Апартаменты Апартаменты Покровский Парк | ApartAmore,https://sutochno.ru/front/searchapp/hotels/48441,https://pumpons.github.io/sutochno-feeds/images/94aea0afbcca1b52.png,Сочи,4250 RUB,0,4.7049603174603,5.0,сад;Игровая площадка для детей;лифт;прачечная
484411370413,Апартаменты Апартаменты Покровский Парк | ApartAmore,https://sutochno.ru/front/searchapp/hotels/48441,https://pumpons.github.io/sutochno-feeds/images/94aea0afbcca1b52.png,Сочи,4250 RUB,0,4.7049603174603,5.0,сад;Игровая площадка для детей;лифт;прачечная
484411908244,Апартаменты Апартаменты Покровский Парк | ApartAmore,https://sutochno.ru/front/searchapp/hotels/48441,https://pumpons.github.io/sutochno-feeds/images/eed51e22e08e25ed.png,Сочи,3750 RUB,0,4.7049603174603,5.0,сад;Игровая площадка для детей;лифт;прачечная
484411908702,Апартаменты Апартаменты Покровский Парк | ApartAmore,https://sutochno.ru/front/searchapp/hotels/48441,https://pumpons.github.io/sutochno-feeds/images/eed51e22e08e25ed.png,Сочи,3750 RUB,0,4.7049603174603,5.0,сад;Игровая площадка для детей;лифт;прачечная
484411908707,Апартаменты Апартаменты Покровский Парк | ApartAmore,https://sutochno.ru/front/searchapp/hotels/48441,https://pumpons.github.io/sutochno-feeds/images/eed51e22e08e25ed.png,Сочи,3750 RUB,0,4.7049603174603,5.0,сад;Игровая площадка для детей;лифт;прачечная
484411392357,Апартаменты Апартаменты Покровский Парк | ApartAmore,https://sutochno.ru/front/searchapp/hotels/48441,https://pumpons.github.io/sutochno-feeds/images/eed51e22e08e25ed.png,Сочи,3750 RUB,0,4.7049603174603,5.0,сад;Игровая площадка для детей;лифт;прачечная
484411908250,Апартаменты Апартаменты Покровский Парк | ApartAmore,https://sutochno.ru/front/searchapp/hotels/48441,https://pumpons.github.io/sutochno-feeds/images/eed51e22e08e25ed.png,Сочи,3750 RUB,0,4.7049603174603,5.0,сад;Игровая площадка для детей;лифт;прачечная
484411908263,Апартаменты Апартаменты Покровский Парк | ApartAmore,https://sutochno.ru/front/searchapp/hotels/48441,https://pumpons.github.io/sutochno-feeds/images/1f66e71b60d1cffd.png,Сочи,4000 RUB,0,4.7049603174603,5.0,сад;Игровая площадка для детей;лифт;прачечная
1403591572875,Гостевой дом Ностальгия,https://sutochno.ru/front/searchapp/hotels/140359,https://pumpons.github.io/sutochno-feeds/images/e4b6e8f6896cb1fd.png,Сочи,3000 RUB,0,4.7037037037037,5.0,круглосуточная стойка
1403591573086,Гостевой дом Ностальгия,https://sutochno.ru/front/searchapp/hotels/140359,https://pumpons.github.io/sutochno-feeds/images/522dfcf594b78cc0.png,Сочи,4000 RUB,0,4.7037037037037,5.0,круглосуточная стойка
363471644211,Гостевой дом Прованс,https://sutochno.ru/front/searchapp/hotels/36347,https://pumpons.github.io/sutochno-feeds/images/70401031987147cd.png,Адлер,2000 RUB,0,4.7031021391173,5.0,трансфер;сад
363471643409,Гостевой дом Прованс,https://sutochno.ru/front/searchapp/hotels/36347,https://pumpons.github.io/sutochno-feeds/images/1c73e45b11794b56.png,Адлер,1875 RUB,0,4.7031021391173,5.0,трансфер;сад
363471644219,Гостевой дом Прованс,https://sutochno.ru/front/searchapp/hotels/36347,https://pumpons.github.io/sutochno-feeds/images/e8e85b064f0f2514.png,Адлер,1625 RUB,0,4.7031021391173,5.0,трансфер;сад
363471644209,Гостевой дом Прованс,https://sutochno.ru/front/searchapp/hotels/36347,https://pumpons.github.io/sutochno-feeds/images/729f263bf6988224.png,Адлер,1500 RUB,0,4.7031021391173,5.0,трансфер;сад
363471061923,Гостевой дом Прованс,https://sutochno.ru/front/searchapp/hotels/36347,https://pumpons.github.io/sutochno-feeds/images/729f263bf6988224.png,Адлер,1500 RUB,0,4.7031021391173,5.0,трансфер;сад
363471644223,Гостевой дом Прованс,https://sutochno.ru/front/searchapp/hotels/36347,https://pumpons.github.io/sutochno-feeds/images/f5821b618b204a66.png,Адлер,875 RUB,0,4.7031021391173,5.0,трансфер;сад
950031272501,Гостевой дом Галина,https://sutochno.ru/front/searchapp/hotels/95003,https://pumpons.github.io/sutochno-feeds/images/57be9e1b99d2b25a.png,Адлер,2530 RUB,0,4.7027777777778,5.0,круглосуточная стойка;сад
950031272491,Гостевой дом Галина,https://sutochno.ru/front/searchapp/hotels/95003,https://pumpons.github.io/sutochno-feeds/images/d629df6485f778e9.png,Адлер,3450 RUB,0,4.7027777777778,5.0,круглосуточная стойка;сад
1107771450175,Отель Отель Радужный,https://sutochno.ru/front/searchapp/hotels/110777,https://pumpons.github.io/sutochno-feeds/images/10256b093db5ed65.png,Сочи,2035 RUB,0,4.7020485236896,5.0,трансфер;круглосуточная стойка;сад
1107771536307,Отель Отель Радужный,https://sutochno.ru/front/searchapp/hotels/110777,https://pumpons.github.io/sutochno-feeds/images/7f7c8abeb7513e48.png,Сочи,2255 RUB,0,4.7020485236896,5.0,трансфер;круглосуточная стойка;сад
1148111493033,Объект У Веры,https://sutochno.ru/front/searchapp/hotels/114811,https://pumpons.github.io/sutochno-feeds/images/5da31118ae395b72.png,Сочи,4100 RUB,0,4.7016723356009,5.0,круглосуточная стойка;Терраса
1148111492071,Объект У Веры,https://sutochno.ru/front/searchapp/hotels/114811,https://pumpons.github.io/sutochno-feeds/images/70cd1506bda5bf32.png,Сочи,2600 RUB,0,4.7016723356009,5.0,круглосуточная стойка;Терраса
1148111492941,Объект У Веры,https://sutochno.ru/front/searchapp/hotels/114811,https://pumpons.github.io/sutochno-feeds/images/16ae2a03ec94c587.png,Сочи,3000 RUB,0,4.7016723356009,5.0,круглосуточная стойка;Терраса
680711054949,Гостевой дом На Изумрудной,https://sutochno.ru/front/searchapp/hotels/68071,https://pumpons.github.io/sutochno-feeds/images/9a79a16341e1f408.png,Адлер,2100 RUB,0,4.7016144349478,5.0,трансфер
680711054901,Гостевой дом На Изумрудной,https://sutochno.ru/front/searchapp/hotels/68071,https://pumpons.github.io/sutochno-feeds/images/f45289ad7ccc8144.png,Адлер,1700 RUB,0,4.7016144349478,5.0,трансфер
680711054927,Гостевой дом На Изумрудной,https://sutochno.ru/front/searchapp/hotels/68071,https://pumpons.github.io/sutochno-feeds/images/f45289ad7ccc8144.png,Адлер,1700 RUB,0,4.7016144349478,5.0,трансфер
41807838901,Объект Green House,https://sutochno.ru/front/searchapp/hotels/41807,https://pumpons.github.io/sutochno-feeds/images/02253e373a1ba81a.png,Сочи,3000 RUB,0,4.7011832589667,5.0,доставка в номер;камера хранения;прачечная
418071733889,Объект Green House,https://sutochno.ru/front/searchapp/hotels/41807,https://pumpons.github.io/sutochno-feeds/images/02253e373a1ba81a.png,Сочи,3000 RUB,0,4.7011832589667,5.0,доставка в номер;камера хранения;прачечная
1288161671737,Объект Прибрежный,https://sutochno.ru/front/searchapp/hotels/128816,https://pumpons.github.io/sutochno-feeds/images/0a2580a20032d3fe.png,Адлер,900 RUB,0,4.7011656746032,5.0,трансфер;доставка в номер;круглосуточная стойка;сад;Терраса
1288161671784,Объект Прибрежный,https://sutochno.ru/front/searchapp/hotels/128816,https://pumpons.github.io/sutochno-feeds/images/bd8f7eaf5f6f58db.png,Адлер,800 RUB,0,4.7011656746032,5.0,трансфер;доставка в номер;круглосуточная стойка;сад;Терраса
8047828571,Объект Анастасия,https://sutochno.ru/front/searchapp/hotels/8047,https://pumpons.github.io/sutochno-feeds/images/8438c27b606df7d5.png,Адлер,5760 RUB,0,4.7009259259259,5.0,сауна
8047828535,Объект Анастасия,https://sutochno.ru/front/searchapp/hotels/8047,https://pumpons.github.io/sutochno-feeds/images/8438c27b606df7d5.png,Адлер,5760 RUB,0,4.7009259259259,5.0,сауна
8047556447,Объект Анастасия,https://sutochno.ru/front/searchapp/hotels/8047,https://pumpons.github.io/sutochno-feeds/images/f01ebdf482c0f893.png,Адлер,9600 RUB,0,4.7009259259259,5.0,сауна
156093350,Объект Маринка,https://sutochno.ru/front/searchapp/hotels/1560,https://pumpons.github.io/sutochno-feeds/images/11df75027832c22f.png,Адлер,1800 RUB,0,4.7,5.0,трансфер;сад;Терраса;Игровая площадка для детей
1315501706143,Отель Villa rauza,https://sutochno.ru/front/searchapp/hotels/131550,https://pumpons.github.io/sutochno-feeds/images/fd7f5595c31f86b8.png,Сочи,4000 RUB,3,4.6997354497354,5.0,ресторан;бар;круглосуточная стойка;сад
1315501706133,Отель Villa rauza,https://sutochno.ru/front/searchapp/hotels/131550,https://pumpons.github.io/sutochno-feeds/images/5d42e881e32c1557.png,Сочи,2000 RUB,3,4.6997354497354,5.0,ресторан;бар;круглосуточная стойка;сад
1315501973110,Отель Villa rauza,https://sutochno.ru/front/searchapp/hotels/131550,https://pumpons.github.io/sutochno-feeds/images/74e886975647cacd.png,Сочи,3500 RUB,3,4.6997354497354,5.0,ресторан;бар;круглосуточная стойка;сад
1315501706140,Отель Villa rauza,https://sutochno.ru/front/searchapp/hotels/131550,https://pumpons.github.io/sutochno-feeds/images/8934850e57d1aab1.png,Сочи,3000 RUB,3,4.6997354497354,5.0,ресторан;бар;круглосуточная стойка;сад
1380561789451,Гостевой дом Бристоль,https://sutochno.ru/front/searchapp/hotels/138056,https://pumpons.github.io/sutochno-feeds/images/fb8418f3714c43c4.png,Адлер,3375 RUB,0,4.6988736722759,5.0,ресторан;бар;круглосуточная стойка;сауна;Терраса;Бассейн (открытый)
1380561789734,Гостевой дом Бристоль,https://sutochno.ru/front/searchapp/hotels/138056,https://pumpons.github.io/sutochno-feeds/images/4aba5e93ee1550f3.png,Адлер,4050 RUB,0,4.6988736722759,5.0,ресторан;бар;круглосуточная стойка;сауна;Терраса;Бассейн (открытый)
1380561785846,Гостевой дом Бристоль,https://sutochno.ru/front/searchapp/hotels/138056,https://pumpons.github.io/sutochno-feeds/images/0870e89ed09d7147.png,Адлер,2430 RUB,0,4.6988736722759,5.0,ресторан;бар;круглосуточная стойка;сауна;Терраса;Бассейн (открытый)
1380561789430,Гостевой дом Бристоль,https://sutochno.ru/front/searchapp/hotels/138056,https://pumpons.github.io/sutochno-feeds/images/3a9b3d883461d113.png,Адлер,2835 RUB,0,4.6988736722759,5.0,ресторан;бар;круглосуточная стойка;сауна;Терраса;Бассейн (открытый)
1295271682176,Объект Домик у моря,https://sutochno.ru/front/searchapp/hotels/129527,https://pumpons.github.io/sutochno-feeds/images/3db399ff87f0fb98.png,Адлер,1800 RUB,0,4.6985757217117,5.0,трансфер;круглосуточная стойка
1295271682369,Объект Домик у моря,https://sutochno.ru/front/searchapp/hotels/129527,https://pumpons.github.io/sutochno-feeds/images/a63844a4e08b0b19.png,Адлер,1500 RUB,0,4.6985757217117,5.0,трансфер;круглосуточная стойка
1295271683013,Объект Домик у моря,https://sutochno.ru/front/searchapp/hotels/129527,https://pumpons.github.io/sutochno-feeds/images/ff01325756ec17ab.png,Адлер,4000 RUB,0,4.6985757217117,5.0,трансфер;круглосуточная стойка
1295271682963,Объект Домик у моря,https://sutochno.ru/front/searchapp/hotels/129527,https://pumpons.github.io/sutochno-feeds/images/3207e6a2551db1fa.png,Адлер,2500 RUB,0,4.6985757217117,5.0,трансфер;круглосуточная стойка
1652032128453,Гостевой дом Счастье,https://sutochno.ru/front/searchapp/hotels/165203,https://pumpons.github.io/sutochno-feeds/images/77126a8414d0446d.png,Адлер,4000 RUB,0,4.6944444444444,5.0,трансфер
824051163085,Гостевой дом Лора,https://sutochno.ru/front/searchapp/hotels/82405,https://pumpons.github.io/sutochno-feeds/images/d4aeda951a1510e0.png,Адлер,3000 RUB,0,4.6944444444444,5.0,трансфер;круглосуточная стойка;сад;Терраса;Игровая площадка для детей
824051163041,Гостевой дом Лора,https://sutochno.ru/front/searchapp/hotels/82405,https://pumpons.github.io/sutochno-feeds/images/65bcabd8156abaf9.png,Адлер,1600 RUB,0,4.6944444444444,5.0,трансфер;круглосуточная стойка;сад;Терраса;Игровая площадка для детей
824051163069,Гостевой дом Лора,https://sutochno.ru/front/searchapp/hotels/82405,https://pumpons.github.io/sutochno-feeds/images/3b84407f4b67046d.png,Адлер,1800 RUB,0,4.6944444444444,5.0,трансфер;круглосуточная стойка;сад;Терраса;Игровая площадка для детей
1652032128493,Гостевой дом Счастье,https://sutochno.ru/front/searchapp/hotels/165203,https://pumpons.github.io/sutochno-feeds/images/de35f94f1cb27b3a.png,Адлер,2500 RUB,0,4.6944444444444,5.0,трансфер
1652032128470,Гостевой дом Счастье,https://sutochno.ru/front/searchapp/hotels/165203,https://pumpons.github.io/sutochno-feeds/images/de35f94f1cb27b3a.png,Адлер,2500 RUB,0,4.6944444444444,5.0,трансфер
824051162969,Гостевой дом Лора,https://sutochno.ru/front/searchapp/hotels/82405,https://pumpons.github.io/sutochno-feeds/images/17f2941a291acd49.png,Адлер,1200 RUB,0,4.6944444444444,5.0,трансфер;круглосуточная стойка;сад;Терраса;Игровая площадка для детей
1387661793619,Гостевой дом Грин Клаб,https://sutochno.ru/front/searchapp/hotels/138766,https://pumpons.github.io/sutochno-feeds/images/cc74d0e0f45f6b05.png,Сочи,3600 RUB,0,4.6944444444444,5.0,доставка в номер;круглосуточная стойка;Бассейн (открытый);лифт;камера хранения
1387661793627,Гостевой дом Грин Клаб,https://sutochno.ru/front/searchapp/hotels/138766,https://pumpons.github.io/sutochno-feeds/images/8c0f75e5c1fb3691.png,Сочи,3900 RUB,0,4.6944444444444,5.0,доставка в номер;круглосуточная стойка;Бассейн (открытый);лифт;камера хранения
1298221232967,Гостевой дом Грин Пелас 2301,https://sutochno.ru/front/searchapp/hotels/129822,https://pumpons.github.io/sutochno-feeds/images/0f4e8a53e3a20aa2.png,Сочи,3000 RUB,0,4.6935763888889,5.0,Бассейн (открытый);детский бассейн;бассейн с подогревом
1009291338977,Отель Рановский Парк,https://sutochno.ru/front/searchapp/hotels/100929,https://pumpons.github.io/sutochno-feeds/images/848c92ea716c43c2.png,Сочи,5405 RUB,4,4.6900923516055,5.0,трансфер;ресторан;доставка в номер;бар;круглосуточная стойка;Терраса;Бассейн (открытый);джакузи общего пользования;Игровая площадка для детей;лифт;детский бассейн;бассейн с подогревом;камера хранения
1009292038745,Отель Рановский Парк,https://sutochno.ru/front/searchapp/hotels/100929,https://pumpons.github.io/sutochno-feeds/images/6d14443d221c1c84.png,Сочи,7245 RUB,4,4.6900923516055,5.0,трансфер;ресторан;доставка в номер;бар;круглосуточная стойка;Терраса;Бассейн (открытый);джакузи общего пользования;Игровая площадка для детей;лифт;детский бассейн;бассейн с подогревом;камера хранения
1009291340017,Отель Рановский Парк,https://sutochno.ru/front/searchapp/hotels/100929,https://pumpons.github.io/sutochno-feeds/images/d089bd9f360cb649.png,Сочи,6440 RUB,4,4.6900923516055,5.0,трансфер;ресторан;доставка в номер;бар;круглосуточная стойка;Терраса;Бассейн (открытый);джакузи общего пользования;Игровая площадка для детей;лифт;детский бассейн;бассейн с подогревом;камера хранения
1009291340051,Отель Рановский Парк,https://sutochno.ru/front/searchapp/hotels/100929,https://pumpons.github.io/sutochno-feeds/images/25494f0e69747a49.png,Сочи,7935 RUB,4,4.6900923516055,5.0,трансфер;ресторан;доставка в номер;бар;круглосуточная стойка;Терраса;Бассейн (открытый);джакузи общего пользования;Игровая площадка для детей;лифт;детский бассейн;бассейн с подогревом;камера хранения
1009291770078,Отель Рановский Парк,https://sutochno.ru/front/searchapp/hotels/100929,https://pumpons.github.io/sutochno-feeds/images/4fa9e13163c52489.png,Сочи,7590 RUB,4,4.6900923516055,5.0,трансфер;ресторан;доставка в номер;бар;круглосуточная стойка;Терраса;Бассейн (открытый);джакузи общего пользования;Игровая площадка для детей;лифт;детский бассейн;бассейн с подогревом;камера хранения
1009292038770,Отель Рановский Парк,https://sutochno.ru/front/searchapp/hotels/100929,https://pumpons.github.io/sutochno-feeds/images/6d14443d221c1c84.png,Сочи,7245 RUB,4,4.6900923516055,5.0,трансфер;ресторан;доставка в номер;бар;круглосуточная стойка;Терраса;Бассейн (открытый);джакузи общего пользования;Игровая площадка для детей;лифт;детский бассейн;бассейн с подогревом;камера хранения
1009292052586,Отель Рановский Парк,https://sutochno.ru/front/searchapp/hotels/100929,https://pumpons.github.io/sutochno-feeds/images/03b67d5f7d306674.png,Сочи,10465 RUB,4,4.6900923516055,5.0,трансфер;ресторан;доставка в номер;бар;круглосуточная стойка;Терраса;Бассейн (открытый);джакузи общего пользования;Игровая площадка для детей;лифт;детский бассейн;бассейн с подогревом;камера хранения
1009291341083,Отель Рановский Парк,https://sutochno.ru/front/searchapp/hotels/100929,https://pumpons.github.io/sutochno-feeds/images/bf407bafde13f48a.png,Сочи,8395 RUB,4,4.6900923516055,5.0,трансфер;ресторан;доставка в номер;бар;круглосуточная стойка;Терраса;Бассейн (открытый);джакузи общего пользования;Игровая площадка для детей;лифт;детский бассейн;бассейн с подогревом;камера хранения
1009292156392,Отель Рановский Парк,https://sutochno.ru/front/searchapp/hotels/100929,https://pumpons.github.io/sutochno-feeds/images/96650c42d1028934.png,Сочи,7015 RUB,4,4.6900923516055,5.0,трансфер;ресторан;доставка в номер;бар;круглосуточная стойка;Терраса;Бассейн (открытый);джакузи общего пользования;Игровая площадка для детей;лифт;детский бассейн;бассейн с подогревом;камера хранения
1009291340427,Отель Рановский Парк,https://sutochno.ru/front/searchapp/hotels/100929,https://pumpons.github.io/sutochno-feeds/images/ba808bf81c6bd082.png,Сочи,8970 RUB,4,4.6900923516055,5.0,трансфер;ресторан;доставка в номер;бар;круглосуточная стойка;Терраса;Бассейн (открытый);джакузи общего пользования;Игровая площадка для детей;лифт;детский бассейн;бассейн с подогревом;камера хранения
1009291339037,Отель Рановский Парк,https://sutochno.ru/front/searchapp/hotels/100929,https://pumpons.github.io/sutochno-feeds/images/ec8230c7fbf6e622.png,Сочи,6095 RUB,4,4.6900923516055,5.0,трансфер;ресторан;доставка в номер;бар;круглосуточная стойка;Терраса;Бассейн (открытый);джакузи общего пользования;Игровая площадка для детей;лифт;детский бассейн;бассейн с подогревом;камера хранения
1009292052558,Отель Рановский Парк,https://sutochno.ru/front/searchapp/hotels/100929,https://pumpons.github.io/sutochno-feeds/images/dec8dd08f5eb1d80.png,Сочи,8855 RUB,4,4.6900923516055,5.0,трансфер;ресторан;доставка в номер;бар;круглосуточная стойка;Терраса;Бассейн (открытый);джакузи общего пользования;Игровая площадка для детей;лифт;детский бассейн;бассейн с подогревом;камера хранения
582851553781,Гостевой дом Ольга,https://sutochno.ru/front/searchapp/hotels/58285,https://pumpons.github.io/sutochno-feeds/images/d5094830466787cd.png,Адлер,1800 RUB,0,4.687962962963,5.0,
582851936144,Гостевой дом Ольга,https://sutochno.ru/front/searchapp/hotels/58285,https://pumpons.github.io/sutochno-feeds/images/c57d490a497ec80e.png,Адлер,1920 RUB,0,4.687962962963,5.0,
58285982439,Гостевой дом Ольга,https://sutochno.ru/front/searchapp/hotels/58285,https://pumpons.github.io/sutochno-feeds/images/d5094830466787cd.png,Адлер,1800 RUB,0,4.687962962963,5.0,
684591058073,Объект На Джигитской,https://sutochno.ru/front/searchapp/hotels/68459,https://pumpons.github.io/sutochno-feeds/images/3fc3b5211bbaa25f.png,Сочи,2800 RUB,0,4.687619047619,5.0,
684591057915,Объект На Джигитской,https://sutochno.ru/front/searchapp/hotels/68459,https://pumpons.github.io/sutochno-feeds/images/8f07c92b84090011.png,Сочи,3300 RUB,0,4.687619047619,5.0,
684591058005,Объект На Джигитской,https://sutochno.ru/front/searchapp/hotels/68459,https://pumpons.github.io/sutochno-feeds/images/8f07c92b84090011.png,Сочи,3300 RUB,0,4.687619047619,5.0,
684592081704,Объект На Джигитской,https://sutochno.ru/front/searchapp/hotels/68459,https://pumpons.github.io/sutochno-feeds/images/8f07c92b84090011.png,Сочи,3300 RUB,0,4.687619047619,5.0,
1636982172188,Хостел White stars,https://sutochno.ru/front/searchapp/hotels/163698,https://pumpons.github.io/sutochno-feeds/images/59977078b259f14f.png,Сочи,650 RUB,0,4.6875,5.0,круглосуточная стойка
1542452000518,Объект Dream Hotel,https://sutochno.ru/front/searchapp/hotels/154245,https://pumpons.github.io/sutochno-feeds/images/81d6a4c51f6c99f6.png,Сочи,1800 RUB,0,4.6851851851852,5.0,Терраса
1167671700285,Гостиница Mirror Family,https://sutochno.ru/front/searchapp/hotels/116767,https://pumpons.github.io/sutochno-feeds/images/242e4ff504c32344.png,Сочи,10000 RUB,4,4.6845238095238,5.0,трансфер;бар;круглосуточная стойка;Терраса;Бассейн (открытый);Игровая площадка для детей;лифт;детский бассейн
1167671587576,Гостиница Mirror Family,https://sutochno.ru/front/searchapp/hotels/116767,https://pumpons.github.io/sutochno-feeds/images/02301d60ae487d73.png,Сочи,10600 RUB,4,4.6845238095238,5.0,трансфер;бар;круглосуточная стойка;Терраса;Бассейн (открытый);Игровая площадка для детей;лифт;детский бассейн
1167671513754,Гостиница Mirror Family,https://sutochno.ru/front/searchapp/hotels/116767,https://pumpons.github.io/sutochno-feeds/images/d6bb876e27747d1b.png,Сочи,7500 RUB,4,4.6845238095238,5.0,трансфер;бар;круглосуточная стойка;Терраса;Бассейн (открытый);Игровая площадка для детей;лифт;детский бассейн
956771288699,Объект Вояж Вознесенский,https://sutochno.ru/front/searchapp/hotels/95677,https://pumpons.github.io/sutochno-feeds/images/358679302e5e17d3.png,Адлер,1170 RUB,0,4.6828722840488,5.0,круглосуточная стойка
956771279141,Объект Вояж Вознесенский,https://sutochno.ru/front/searchapp/hotels/95677,https://pumpons.github.io/sutochno-feeds/images/4cbd3aab84ba9652.png,Адлер,1100 RUB,0,4.6828722840488,5.0,круглосуточная стойка
1335651731661,Гостевой дом Бонум,https://sutochno.ru/front/searchapp/hotels/133565,https://pumpons.github.io/sutochno-feeds/images/e62a97609218cedf.png,Адлер,2375 RUB,0,4.6826388888889,5.0,Терраса
1335651731723,Гостевой дом Бонум,https://sutochno.ru/front/searchapp/hotels/133565,https://pumpons.github.io/sutochno-feeds/images/37126ebb1f348d5c.png,Адлер,3750 RUB,0,4.6826388888889,5.0,Терраса
1335651731702,Гостевой дом Бонум,https://sutochno.ru/front/searchapp/hotels/133565,https://pumpons.github.io/sutochno-feeds/images/58b7f10645a16dd4.png,Адлер,3125 RUB,0,4.6826388888889,5.0,Терраса
1260761626502,Гостевой дом Оазис Надежды,https://sutochno.ru/front/searchapp/hotels/126076,https://pumpons.github.io/sutochno-feeds/images/ba70b1e23067c49f.png,Адлер,1750 RUB,0,4.6823644374598,5.0,круглосуточная стойка;Терраса
1260761626495,Гостевой дом Оазис Надежды,https://sutochno.ru/front/searchapp/hotels/126076,https://pumpons.github.io/sutochno-feeds/images/85369b986849453a.png,Адлер,1000 RUB,0,4.6823644374598,5.0,круглосуточная стойка;Терраса
1260761626501,Гостевой дом Оазис Надежды,https://sutochno.ru/front/searchapp/hotels/126076,https://pumpons.github.io/sutochno-feeds/images/2d9e57526d8fd7af.png,Адлер,1200 RUB,0,4.6823644374598,5.0,круглосуточная стойка;Терраса
1260761626499,Гостевой дом Оазис Надежды,https://sutochno.ru/front/searchapp/hotels/126076,https://pumpons.github.io/sutochno-feeds/images/d44d41d4eb23e1cf.png,Адлер,1100 RUB,0,4.6823644374598,5.0,круглосуточная стойка;Терраса
1306321695203,Отель Проспект,https://sutochno.ru/front/searchapp/hotels/130632,https://pumpons.github.io/sutochno-feeds/images/9b6ed9c3ce82bc4b.png,Сочи,2860 RUB,3,4.6798232931201,5.0,круглосуточная стойка;Бассейн (открытый);бассейн с подогревом;прачечная
1306321778461,Отель Проспект,https://sutochno.ru/front/searchapp/hotels/130632,https://pumpons.github.io/sutochno-feeds/images/4ccff4a6cf3e8021.png,Сочи,3320 RUB,3,4.6798232931201,5.0,круглосуточная стойка;Бассейн (открытый);бассейн с подогревом;прачечная
1306321999751,Отель Проспект,https://sutochno.ru/front/searchapp/hotels/130632,https://pumpons.github.io/sutochno-feeds/images/89fcb09254891d49.png,Сочи,4240 RUB,3,4.6798232931201,5.0,круглосуточная стойка;Бассейн (открытый);бассейн с подогревом;прачечная
1306321695215,Отель Проспект,https://sutochno.ru/front/searchapp/hotels/130632,https://pumpons.github.io/sutochno-feeds/images/3c704b8eb9d325b7.png,Сочи,2661 RUB,3,4.6798232931201,5.0,круглосуточная стойка;Бассейн (открытый);бассейн с подогревом;прачечная
1265961634523,Гостевой дом Альбатрос,https://sutochno.ru/front/searchapp/hotels/126596,https://pumpons.github.io/sutochno-feeds/images/508c3e1cb570753b.png,Адлер,1380 RUB,0,4.6758379217462,5.0,ресторан;круглосуточная стойка
1265961634515,Гостевой дом Альбатрос,https://sutochno.ru/front/searchapp/hotels/126596,https://pumpons.github.io/sutochno-feeds/images/9c966669776f5d13.png,Адлер,1060 RUB,0,4.6758379217462,5.0,ресторан;круглосуточная стойка
1265961634521,Гостевой дом Альбатрос,https://sutochno.ru/front/searchapp/hotels/126596,https://pumpons.github.io/sutochno-feeds/images/9c966669776f5d13.png,Адлер,1060 RUB,0,4.6758379217462,5.0,ресторан;круглосуточная стойка
1265961634505,Гостевой дом Альбатрос,https://sutochno.ru/front/searchapp/hotels/126596,https://pumpons.github.io/sutochno-feeds/images/9c966669776f5d13.png,Адлер,1060 RUB,0,4.6758379217462,5.0,ресторан;круглосуточная стойка
16589641751,Объект Арагац,https://sutochno.ru/front/searchapp/hotels/16589,https://pumpons.github.io/sutochno-feeds/images/df368880783c36b7.png,Сочи,2505 RUB,0,4.6753306878307,5.0,трансфер
165891042369,Объект Арагац,https://sutochno.ru/front/searchapp/hotels/16589,https://pumpons.github.io/sutochno-feeds/images/3b171292a09c441e.png,Сочи,2022 RUB,0,4.6753306878307,5.0,трансфер
165891085805,Объект Арагац,https://sutochno.ru/front/searchapp/hotels/16589,https://pumpons.github.io/sutochno-feeds/images/33b8594aa25840d5.png,Сочи,2520 RUB,0,4.6753306878307,5.0,трансфер
165891085807,Объект Арагац,https://sutochno.ru/front/searchapp/hotels/16589,https://pumpons.github.io/sutochno-feeds/images/17191514194d5abd.png,Сочи,1520 RUB,0,4.6753306878307,5.0,трансфер
165891083711,Объект Арагац,https://sutochno.ru/front/searchapp/hotels/16589,https://pumpons.github.io/sutochno-feeds/images/3b171292a09c441e.png,Сочи,2022 RUB,0,4.6753306878307,5.0,трансфер
165891085803,Объект Арагац,https://sutochno.ru/front/searchapp/hotels/16589,https://pumpons.github.io/sutochno-feeds/images/3b171292a09c441e.png,Сочи,2022 RUB,0,4.6753306878307,5.0,трансфер
56223966779,Гостевой дом Солнечный город,https://sutochno.ru/front/searchapp/hotels/56223,https://pumpons.github.io/sutochno-feeds/images/fce73a44324b7ea7.png,Адлер,4500 RUB,0,4.6703703703704,5.0,сад
56223966621,Гостевой дом Солнечный город,https://sutochno.ru/front/searchapp/hotels/56223,https://pumpons.github.io/sutochno-feeds/images/2d813774006687de.png,Адлер,3500 RUB,0,4.6703703703704,5.0,сад
56223966821,Гостевой дом Солнечный город,https://sutochno.ru/front/searchapp/hotels/56223,https://pumpons.github.io/sutochno-feeds/images/53b9e76524bea1a9.png,Адлер,4800 RUB,0,4.6703703703704,5.0,сад
1414271820545,Объект Местечко для отдыха,https://sutochno.ru/front/searchapp/hotels/141427,https://pumpons.github.io/sutochno-feeds/images/ba3f8b9f544d9e7b.png,Адлер,2000 RUB,0,4.6699346405229,5.0,трансфер;сад;Терраса;детский бассейн;прачечная
1609072092165,Бутик-отель Графит,https://sutochno.ru/front/searchapp/hotels/160907,https://pumpons.github.io/sutochno-feeds/images/9f6626562fbd6239.png,Адлер,8500 RUB,4,4.6666666666667,5.0,трансфер;ресторан;доставка в номер;круглосуточная стойка;Фитнес/спортзал;Бассейн (открытый);лифт;камера хранения;прачечная;игровая комната
1309321698584,Гостевой дом Стелла,https://sutochno.ru/front/searchapp/hotels/130932,https://pumpons.github.io/sutochno-feeds/images/163291962aea8dac.png,Адлер,1750 RUB,0,4.6666666666667,5.0,круглосуточная стойка;сад
1733981974275,Гостевой дом Палуба,https://sutochno.ru/front/searchapp/hotels/173398,https://pumpons.github.io/sutochno-feeds/images/7ea918b614fd14d3.png,Адлер,5400 RUB,0,4.6666666666667,5.0,
1309322030966,Гостевой дом Стелла,https://sutochno.ru/front/searchapp/hotels/130932,https://pumpons.github.io/sutochno-feeds/images/d88bbeeb81dbc7fa.png,Адлер,2500 RUB,0,4.6666666666667,5.0,круглосуточная стойка;сад
1609072085336,Бутик-отель Графит,https://sutochno.ru/front/searchapp/hotels/160907,https://pumpons.github.io/sutochno-feeds/images/a452e582e8cddeaa.png,Адлер,9000 RUB,4,4.6666666666667,5.0,трансфер;ресторан;доставка в номер;круглосуточная стойка;Фитнес/спортзал;Бассейн (открытый);лифт;камера хранения;прачечная;игровая комната
1309321698581,Гостевой дом Стелла,https://sutochno.ru/front/searchapp/hotels/130932,https://pumpons.github.io/sutochno-feeds/images/163291962aea8dac.png,Адлер,1750 RUB,0,4.6666666666667,5.0,круглосуточная стойка;сад
1733981974280,Гостевой дом Палуба,https://sutochno.ru/front/searchapp/hotels/173398,https://pumpons.github.io/sutochno-feeds/images/e6679cf9f50139e7.png,Адлер,7000 RUB,0,4.6666666666667,5.0,
1309321698575,Гостевой дом Стелла,https://sutochno.ru/front/searchapp/hotels/130932,https://pumpons.github.io/sutochno-feeds/images/1c9e9b418e7561d9.png,Адлер,1250 RUB,0,4.6666666666667,5.0,круглосуточная стойка;сад
1609072092175,Бутик-отель Графит,https://sutochno.ru/front/searchapp/hotels/160907,https://pumpons.github.io/sutochno-feeds/images/41d80115cc21d5eb.png,Адлер,12000 RUB,4,4.6666666666667,5.0,трансфер;ресторан;доставка в номер;круглосуточная стойка;Фитнес/спортзал;Бассейн (открытый);лифт;камера хранения;прачечная;игровая комната
1309321698566,Гостевой дом Стелла,https://sutochno.ru/front/searchapp/hotels/130932,https://pumpons.github.io/sutochno-feeds/images/ce0dddcabee846c5.png,Адлер,1500 RUB,0,4.6666666666667,5.0,круглосуточная стойка;сад
1733981973878,Гостевой дом Палуба,https://sutochno.ru/front/searchapp/hotels/173398,https://pumpons.github.io/sutochno-feeds/images/aacab486104c00e9.png,Адлер,4104 RUB,0,4.6666666666667,5.0,
196751826767,"Объект Гостевой дом ""Морская звезда"", Сочи",https://sutochno.ru/front/searchapp/hotels/19675,https://pumpons.github.io/sutochno-feeds/images/7427abc60719f442.png,Сочи,4000 RUB,0,4.6666666666667,5.0,трансфер;круглосуточная стойка;сад
1646231507755,Объект Виолетта,https://sutochno.ru/front/searchapp/hotels/164623,https://pumpons.github.io/sutochno-feeds/images/a70c9b41170c893d.png,Сочи,1500 RUB,0,4.6666666666667,5.0,Терраса
1646232235697,Объект Виолетта,https://sutochno.ru/front/searchapp/hotels/164623,https://pumpons.github.io/sutochno-feeds/images/ecb4a639c1d077d1.png,Сочи,2000 RUB,0,4.6666666666667,5.0,Терраса
1667232147320,Отель Империя,https://sutochno.ru/front/searchapp/hotels/166723,https://pumpons.github.io/sutochno-feeds/images/9eed0af1eadc49dc.png,Сочи,5800 RUB,0,4.6666666666667,5.0,трансфер;ресторан;доставка в номер;бар;круглосуточная стойка;сауна;сад;Терраса;Бассейн (открытый);Собственный пляж;лифт;пандус;детский бассейн;бассейн с подогревом;переговорная;конференц-зал;камера хранения;прачечная;детское меню
1667232147268,Отель Империя,https://sutochno.ru/front/searchapp/hotels/166723,https://pumpons.github.io/sutochno-feeds/images/dcaf5082f527d8d9.png,Сочи,4300 RUB,0,4.6666666666667,5.0,трансфер;ресторан;доставка в номер;бар;круглосуточная стойка;сауна;сад;Терраса;Бассейн (открытый);Собственный пляж;лифт;пандус;детский бассейн;бассейн с подогревом;переговорная;конференц-зал;камера хранения;прачечная;детское меню
19675760981,"Объект Гостевой дом ""Морская звезда"", Сочи",https://sutochno.ru/front/searchapp/hotels/19675,https://pumpons.github.io/sutochno-feeds/images/346e0adb5b7c6334.png,Сочи,4500 RUB,0,4.6666666666667,5.0,трансфер;круглосуточная стойка;сад
196751821402,"Объект Гостевой дом ""Морская звезда"", Сочи",https://sutochno.ru/front/searchapp/hotels/19675,https://pumpons.github.io/sutochno-feeds/images/7427abc60719f442.png,Сочи,4000 RUB,0,4.6666666666667,5.0,трансфер;круглосуточная стойка;сад
19675660713,"Объект Гостевой дом ""Морская звезда"", Сочи",https://sutochno.ru/front/searchapp/hotels/19675,https://pumpons.github.io/sutochno-feeds/images/7de8fe876a6901c2.png,Сочи,5000 RUB,0,4.6666666666667,5.0,трансфер;круглосуточная стойка;сад
1646231764849,Объект Виолетта,https://sutochno.ru/front/searchapp/hotels/164623,https://pumpons.github.io/sutochno-feeds/images/a70c9b41170c893d.png,Сочи,1500 RUB,0,4.6666666666667,5.0,Терраса
1646231801900,Объект Виолетта,https://sutochno.ru/front/searchapp/hotels/164623,https://pumpons.github.io/sutochno-feeds/images/a70c9b41170c893d.png,Сочи,1500 RUB,0,4.6666666666667,5.0,Терраса
1667232147595,Отель Империя,https://sutochno.ru/front/searchapp/hotels/166723,https://pumpons.github.io/sutochno-feeds/images/41567aa8e8941d11.png,Сочи,9100 RUB,0,4.6666666666667,5.0,трансфер;ресторан;доставка в номер;бар;круглосуточная стойка;сауна;сад;Терраса;Бассейн (открытый);Собственный пляж;лифт;пандус;детский бассейн;бассейн с подогревом;переговорная;конференц-зал;камера хранения;прачечная;детское меню
1667232147297,Отель Империя,https://sutochno.ru/front/searchapp/hotels/166723,https://pumpons.github.io/sutochno-feeds/images/c086fe81a05665ae.png,Сочи,4800 RUB,0,4.6666666666667,5.0,трансфер;ресторан;доставка в номер;бар;круглосуточная стойка;сауна;сад;Терраса;Бассейн (открытый);Собственный пляж;лифт;пандус;детский бассейн;бассейн с подогревом;переговорная;конференц-зал;камера хранения;прачечная;детское меню
1667232147310,Отель Империя,https://sutochno.ru/front/searchapp/hotels/166723,https://pumpons.github.io/sutochno-feeds/images/009e32edf4f0c1cc.png,Сочи,5300 RUB,0,4.6666666666667,5.0,трансфер;ресторан;доставка в номер;бар;круглосуточная стойка;сауна;сад;Терраса;Бассейн (открытый);Собственный пляж;лифт;пандус;детский бассейн;бассейн с подогревом;переговорная;конференц-зал;камера хранения;прачечная;детское меню
23559697145,Объект Счастливый Слон,https://sutochno.ru/front/searchapp/hotels/23559,https://pumpons.github.io/sutochno-feeds/images/16f6d6a4f597329f.png,Адлер,3600 RUB,0,4.6642298662311,5.0,сад;Терраса;Игровая площадка для детей
23559697135,Объект Счастливый Слон,https://sutochno.ru/front/searchapp/hotels/23559,https://pumpons.github.io/sutochno-feeds/images/d73bf8569c0bd049.png,Адлер,2500 RUB,0,4.6642298662311,5.0,сад;Терраса;Игровая площадка для детей
23559697263,Объект Счастливый Слон,https://sutochno.ru/front/searchapp/hotels/23559,https://pumpons.github.io/sutochno-feeds/images/a2f18cd8993c939a.png,Адлер,3900 RUB,0,4.6642298662311,5.0,сад;Терраса;Игровая площадка для детей
498432035440,Гостевой дом Вилла Орхидея,https://sutochno.ru/front/searchapp/hotels/49843,https://pumpons.github.io/sutochno-feeds/images/cd79166b16410d69.png,Адлер,4000 RUB,0,4.663955026455,5.0,трансфер;Бассейн (открытый);Игровая площадка для детей
498432035327,Гостевой дом Вилла Орхидея,https://sutochno.ru/front/searchapp/hotels/49843,https://pumpons.github.io/sutochno-feeds/images/07fb196d02e898b6.png,Адлер,3500 RUB,0,4.663955026455,5.0,трансфер;Бассейн (открытый);Игровая площадка для детей
498432035413,Гостевой дом Вилла Орхидея,https://sutochno.ru/front/searchapp/hotels/49843,https://pumpons.github.io/sutochno-feeds/images/07fb196d02e898b6.png,Адлер,3500 RUB,0,4.663955026455,5.0,трансфер;Бассейн (открытый);Игровая площадка для детей
498432039484,Гостевой дом Вилла Орхидея,https://sutochno.ru/front/searchapp/hotels/49843,https://pumpons.github.io/sutochno-feeds/images/459990eda8f1de83.png,Адлер,3000 RUB,0,4.663955026455,5.0,трансфер;Бассейн (открытый);Игровая площадка для детей
49843913599,Гостевой дом Вилла Орхидея,https://sutochno.ru/front/searchapp/hotels/49843,https://pumpons.github.io/sutochno-feeds/images/125ff19c09504ad6.png,Адлер,5500 RUB,0,4.663955026455,5.0,трансфер;Бассейн (открытый);Игровая площадка для детей
498431873048,Гостевой дом Вилла Орхидея,https://sutochno.ru/front/searchapp/hotels/49843,https://pumpons.github.io/sutochno-feeds/images/459990eda8f1de83.png,Адлер,3000 RUB,0,4.663955026455,5.0,трансфер;Бассейн (открытый);Игровая площадка для детей
687491730713,Объект ЛЭНСиС,https://sutochno.ru/front/searchapp/hotels/68749,https://pumpons.github.io/sutochno-feeds/images/a12e5a9b63f26d3a.png,Адлер,4463 RUB,0,4.6631472084625,5.0,трансфер;круглосуточная стойка;Терраса
687491730700,Объект ЛЭНСиС,https://sutochno.ru/front/searchapp/hotels/68749,https://pumpons.github.io/sutochno-feeds/images/c74dc909e62e8477.png,Адлер,4080 RUB,0,4.6631472084625,5.0,трансфер;круглосуточная стойка;Терраса
687491730677,Объект ЛЭНСиС,https://sutochno.ru/front/searchapp/hotels/68749,https://pumpons.github.io/sutochno-feeds/images/28c2f1759011d92b.png,Адлер,2970 RUB,0,4.6631472084625,5.0,трансфер;круглосуточная стойка;Терраса
687491060221,Объект ЛЭНСиС,https://sutochno.ru/front/searchapp/hotels/68749,https://pumpons.github.io/sutochno-feeds/images/47dcba0095876930.png,Адлер,2295 RUB,0,4.6631472084625,5.0,трансфер;круглосуточная стойка;Терраса
808611153129,Гостевой дом Белый парус,https://sutochno.ru/front/searchapp/hotels/80861,https://pumpons.github.io/sutochno-feeds/images/6237948b290b2905.png,Сочи,2500 RUB,0,4.6626984126984,5.0,ресторан;бар;круглосуточная стойка;сауна;Терраса;Бассейн (открытый);бассейн с подогревом;камера хранения
808611153415,Гостевой дом Белый парус,https://sutochno.ru/front/searchapp/hotels/80861,https://pumpons.github.io/sutochno-feeds/images/ec5d5900ebdc3085.png,Сочи,5500 RUB,0,4.6626984126984,5.0,ресторан;бар;круглосуточная стойка;сауна;Терраса;Бассейн (открытый);бассейн с подогревом;камера хранения
807591151383,Гостевой дом Регион 86,https://sutochno.ru/front/searchapp/hotels/80759,https://pumpons.github.io/sutochno-feeds/images/451ec6416bee5eb1.png,Адлер,1445 RUB,0,4.6597222222222,5.0,
807592085792,Гостевой дом Регион 86,https://sutochno.ru/front/searchapp/hotels/80759,https://pumpons.github.io/sutochno-feeds/images/f1fef2cef3b3c836.png,Адлер,1280 RUB,0,4.6597222222222,5.0,
1487561928409,Гостевой дом Гавана,https://sutochno.ru/front/searchapp/hotels/148756,https://pumpons.github.io/sutochno-feeds/images/7b05a53445054ffa.png,Адлер,1560 RUB,0,4.6594853574505,5.0,Терраса
1487561918649,Гостевой дом Гавана,https://sutochno.ru/front/searchapp/hotels/148756,https://pumpons.github.io/sutochno-feeds/images/63a3c2e4d1058e18.png,Адлер,1320 RUB,0,4.6594853574505,5.0,Терраса
1487561918568,Гостевой дом Гавана,https://sutochno.ru/front/searchapp/hotels/148756,https://pumpons.github.io/sutochno-feeds/images/7b05a53445054ffa.png,Адлер,1560 RUB,0,4.6594853574505,5.0,Терраса
1487561918487,Гостевой дом Гавана,https://sutochno.ru/front/searchapp/hotels/148756,https://pumpons.github.io/sutochno-feeds/images/18832542619b3e67.png,Адлер,2760 RUB,0,4.6594853574505,5.0,Терраса
1487561918472,Гостевой дом Гавана,https://sutochno.ru/front/searchapp/hotels/148756,https://pumpons.github.io/sutochno-feeds/images/973e4db90be334f6.png,Адлер,3660 RUB,0,4.6594853574505,5.0,Терраса
1487561918665,Гостевой дом Гавана,https://sutochno.ru/front/searchapp/hotels/148756,https://pumpons.github.io/sutochno-feeds/images/be9233bead0f5e36.png,Адлер,1080 RUB,0,4.6594853574505,5.0,Терраса
1510952243976,Гостевой дом РусАлина,https://sutochno.ru/front/searchapp/hotels/151095,https://pumpons.github.io/sutochno-feeds/images/562c99c0a771abb1.png,Адлер,1200 RUB,0,4.6584848484849,5.0,трансфер;круглосуточная стойка;сад;заказ экскурсий
1510952243968,Гостевой дом РусАлина,https://sutochno.ru/front/searchapp/hotels/151095,https://pumpons.github.io/sutochno-feeds/images/562c99c0a771abb1.png,Адлер,1200 RUB,0,4.6584848484849,5.0,трансфер;круглосуточная стойка;сад;заказ экскурсий
1510952243973,Гостевой дом РусАлина,https://sutochno.ru/front/searchapp/hotels/151095,https://pumpons.github.io/sutochno-feeds/images/562c99c0a771abb1.png,Адлер,1200 RUB,0,4.6584848484849,5.0,трансфер;круглосуточная стойка;сад;заказ экскурсий
228391521346,Объект Светлана,https://sutochno.ru/front/searchapp/hotels/22839,https://pumpons.github.io/sutochno-feeds/images/f5376ab8ce559130.png,Сочи,3000 RUB,0,4.6584608843537,5.0,круглосуточная стойка
22839689765,Объект Светлана,https://sutochno.ru/front/searchapp/hotels/22839,https://pumpons.github.io/sutochno-feeds/images/38f6a932f8d2c752.png,Сочи,2000 RUB,0,4.6584608843537,5.0,круглосуточная стойка
725191091579,Гостевой дом На Фермерском,https://sutochno.ru/front/searchapp/hotels/72519,https://pumpons.github.io/sutochno-feeds/images/4eeaf93e3de58247.png,Адлер,2800 RUB,0,4.657514353259,5.0,
725191091335,Гостевой дом На Фермерском,https://sutochno.ru/front/searchapp/hotels/72519,https://pumpons.github.io/sutochno-feeds/images/cf30e6eeb5adc662.png,Адлер,2500 RUB,0,4.657514353259,5.0,
725191091515,Гостевой дом На Фермерском,https://sutochno.ru/front/searchapp/hotels/72519,https://pumpons.github.io/sutochno-feeds/images/cd77fb5391291385.png,Адлер,3100 RUB,0,4.657514353259,5.0,
48039890053,Отель Альпийская,https://sutochno.ru/front/searchapp/hotels/48039,https://pumpons.github.io/sutochno-feeds/images/3a64f83ec3cff336.png,Сочи,3500 RUB,0,4.6574074074074,5.0,круглосуточная стойка
59113988839,Объект Арго,https://sutochno.ru/front/searchapp/hotels/59113,https://pumpons.github.io/sutochno-feeds/images/3dc213e87cda1c83.png,Адлер,2100 RUB,0,4.6566210045662,5.0,трансфер;Терраса
676331060071,Объект Яна море,https://sutochno.ru/front/searchapp/hotels/67633,https://pumpons.github.io/sutochno-feeds/images/5205fdb57591e758.png,Сочи,2200 RUB,0,4.6564102564103,5.0,сад;Терраса
676331240457,Объект Яна море,https://sutochno.ru/front/searchapp/hotels/67633,https://pumpons.github.io/sutochno-feeds/images/de56cfa6b239358c.png,Сочи,2800 RUB,0,4.6564102564103,5.0,сад;Терраса
676331060065,Объект Яна море,https://sutochno.ru/front/searchapp/hotels/67633,https://pumpons.github.io/sutochno-feeds/images/01ca3c338a288aff.png,Сочи,1500 RUB,0,4.6564102564103,5.0,сад;Терраса
676331060083,Объект Яна море,https://sutochno.ru/front/searchapp/hotels/67633,https://pumpons.github.io/sutochno-feeds/images/50ad0064697ecaf0.png,Сочи,3500 RUB,0,4.6564102564103,5.0,сад;Терраса
624331041259,Объект Первомайский,https://sutochno.ru/front/searchapp/hotels/62433,https://pumpons.github.io/sutochno-feeds/images/98d5638c20d52ec5.png,Сочи,3500 RUB,0,4.6549859943978,5.0,
624331013869,Объект Первомайский,https://sutochno.ru/front/searchapp/hotels/62433,https://pumpons.github.io/sutochno-feeds/images/dcd9e55a3f9d4dd2.png,Сочи,2500 RUB,0,4.6549859943978,5.0,
624331039325,Объект Первомайский,https://sutochno.ru/front/searchapp/hotels/62433,https://pumpons.github.io/sutochno-feeds/images/dcd9e55a3f9d4dd2.png,Сочи,2500 RUB,0,4.6549859943978,5.0,
624331041257,Объект Первомайский,https://sutochno.ru/front/searchapp/hotels/62433,https://pumpons.github.io/sutochno-feeds/images/98d5638c20d52ec5.png,Сочи,3500 RUB,0,4.6549859943978,5.0,
624331039627,Объект Первомайский,https://sutochno.ru/front/searchapp/hotels/62433,https://pumpons.github.io/sutochno-feeds/images/61cdbbcfea1a51c4.png,Сочи,3200 RUB,0,4.6549859943978,5.0,
2643456755,Гостевой дом Фаина,https://sutochno.ru/front/searchapp/hotels/2643,https://pumpons.github.io/sutochno-feeds/images/92f00a117670076a.png,Адлер,4000 RUB,0,4.6542328042328,5.0,трансфер
26431569568,Гостевой дом Фаина,https://sutochno.ru/front/searchapp/hotels/2643,https://pumpons.github.io/sutochno-feeds/images/c0df391488e5ebb8.png,Адлер,2500 RUB,0,4.6542328042328,5.0,трансфер
26431569591,Гостевой дом Фаина,https://sutochno.ru/front/searchapp/hotels/2643,https://pumpons.github.io/sutochno-feeds/images/92f00a117670076a.png,Адлер,4000 RUB,0,4.6542328042328,5.0,трансфер
26431476245,Гостевой дом Фаина,https://sutochno.ru/front/searchapp/hotels/2643,https://pumpons.github.io/sutochno-feeds/images/c0df391488e5ebb8.png,Адлер,2500 RUB,0,4.6542328042328,5.0,трансфер
2643479667,Гостевой дом Фаина,https://sutochno.ru/front/searchapp/hotels/2643,https://pumpons.github.io/sutochno-feeds/images/c0df391488e5ebb8.png,Адлер,2500 RUB,0,4.6542328042328,5.0,трансфер
1346481742577,Отель Грейс Арли,https://sutochno.ru/front/searchapp/hotels/134648,https://pumpons.github.io/sutochno-feeds/images/88eeb2293298e3b2.png,Адлер,3450 RUB,3,4.6527777777778,5.0,трансфер;ресторан;круглосуточная стойка;сауна;Бассейн (открытый);Игровая площадка для детей;детский бассейн;бассейн с подогревом
1346481742628,Отель Грейс Арли,https://sutochno.ru/front/searchapp/hotels/134648,https://pumpons.github.io/sutochno-feeds/images/04944a74e6bd0e9e.png,Адлер,4025 RUB,3,4.6527777777778,5.0,трансфер;ресторан;круглосуточная стойка;сауна;Бассейн (открытый);Игровая площадка для детей;детский бассейн;бассейн с подогревом
1346481742618,Отель Грейс Арли,https://sutochno.ru/front/searchapp/hotels/134648,https://pumpons.github.io/sutochno-feeds/images/b8a0fbc18c426c54.png,Адлер,5175 RUB,3,4.6527777777778,5.0,трансфер;ресторан;круглосуточная стойка;сауна;Бассейн (открытый);Игровая площадка для детей;детский бассейн;бассейн с подогревом
1346481742610,Отель Грейс Арли,https://sutochno.ru/front/searchapp/hotels/134648,https://pumpons.github.io/sutochno-feeds/images/04944a74e6bd0e9e.png,Адлер,4025 RUB,3,4.6527777777778,5.0,трансфер;ресторан;круглосуточная стойка;сауна;Бассейн (открытый);Игровая площадка для детей;детский бассейн;бассейн с подогревом
1346482163775,Отель Грейс Арли,https://sutochno.ru/front/searchapp/hotels/134648,https://pumpons.github.io/sutochno-feeds/images/e1b2192ea67e1315.png,Адлер,4600 RUB,3,4.6527777777778,5.0,трансфер;ресторан;круглосуточная стойка;сауна;Бассейн (открытый);Игровая площадка для детей;детский бассейн;бассейн с подогревом
1346482163158,Отель Грейс Арли,https://sutochno.ru/front/searchapp/hotels/134648,https://pumpons.github.io/sutochno-feeds/images/88eeb2293298e3b2.png,Адлер,3450 RUB,3,4.6527777777778,5.0,трансфер;ресторан;круглосуточная стойка;сауна;Бассейн (открытый);Игровая площадка для детей;детский бассейн;бассейн с подогревом
1346481742646,Отель Грейс Арли,https://sutochno.ru/front/searchapp/hotels/134648,https://pumpons.github.io/sutochno-feeds/images/eb148e2835694cb0.png,Адлер,6210 RUB,3,4.6527777777778,5.0,трансфер;ресторан;круглосуточная стойка;сауна;Бассейн (открытый);Игровая площадка для детей;детский бассейн;бассейн с подогревом
1346482163160,Отель Грейс Арли,https://sutochno.ru/front/searchapp/hotels/134648,https://pumpons.github.io/sutochno-feeds/images/e1b2192ea67e1315.png,Адлер,4600 RUB,3,4.6527777777778,5.0,трансфер;ресторан;круглосуточная стойка;сауна;Бассейн (открытый);Игровая площадка для детей;детский бассейн;бассейн с подогревом
546752264993,Апартаменты Golden Holiday Сочи ,https://sutochno.ru/front/searchapp/hotels/54675,https://pumpons.github.io/sutochno-feeds/images/f024f2c54f774d94.png,Сочи,3981 RUB,0,4.652482260091,5.0,трансфер;ресторан;доставка в номер;круглосуточная стойка;сад;Терраса;Игровая площадка для детей;лифт;камера хранения;прачечная
54675943761,Апартаменты Golden Holiday Сочи ,https://sutochno.ru/front/searchapp/hotels/54675,https://pumpons.github.io/sutochno-feeds/images/418999d6d0590b41.png,Сочи,3729 RUB,0,4.652482260091,5.0,трансфер;ресторан;доставка в номер;круглосуточная стойка;сад;Терраса;Игровая площадка для детей;лифт;камера хранения;прачечная
54675970807,Апартаменты Golden Holiday Сочи ,https://sutochno.ru/front/searchapp/hotels/54675,https://pumpons.github.io/sutochno-feeds/images/830077425cadc649.png,Сочи,1914 RUB,0,4.652482260091,5.0,трансфер;ресторан;доставка в номер;круглосуточная стойка;сад;Терраса;Игровая площадка для детей;лифт;камера хранения;прачечная
688551582264,Гостевой дом Афродита,https://sutochno.ru/front/searchapp/hotels/68855,https://pumpons.github.io/sutochno-feeds/images/dd332774c9ce10d5.png,Адлер,3500 RUB,0,4.6481481481481,5.0,ресторан;круглосуточная стойка;сауна;Бассейн (открытый);Бассейн (крытый);джакузи общего пользования;Игровая площадка для детей;пандус;бассейн с подогревом;камера хранения;прачечная
688551582248,Гостевой дом Афродита,https://sutochno.ru/front/searchapp/hotels/68855,https://pumpons.github.io/sutochno-feeds/images/dc4182d0431229b0.png,Адлер,3000 RUB,0,4.6481481481481,5.0,ресторан;круглосуточная стойка;сауна;Бассейн (открытый);Бассейн (крытый);джакузи общего пользования;Игровая площадка для детей;пандус;бассейн с подогревом;камера хранения;прачечная
688551582258,Гостевой дом Афродита,https://sutochno.ru/front/searchapp/hotels/68855,https://pumpons.github.io/sutochno-feeds/images/2e6253bfa92cddc3.png,Адлер,2500 RUB,0,4.6481481481481,5.0,ресторан;круглосуточная стойка;сауна;Бассейн (открытый);Бассейн (крытый);джакузи общего пользования;Игровая площадка для детей;пандус;бассейн с подогревом;камера хранения;прачечная
688551951493,Гостевой дом Афродита,https://sutochno.ru/front/searchapp/hotels/68855,https://pumpons.github.io/sutochno-feeds/images/dc4182d0431229b0.png,Адлер,3000 RUB,0,4.6481481481481,5.0,ресторан;круглосуточная стойка;сауна;Бассейн (открытый);Бассейн (крытый);джакузи общего пользования;Игровая площадка для детей;пандус;бассейн с подогревом;камера хранения;прачечная
688551352361,Гостевой дом Афродита,https://sutochno.ru/front/searchapp/hotels/68855,https://pumpons.github.io/sutochno-feeds/images/dd332774c9ce10d5.png,Адлер,3500 RUB,0,4.6481481481481,5.0,ресторан;круглосуточная стойка;сауна;Бассейн (открытый);Бассейн (крытый);джакузи общего пользования;Игровая площадка для детей;пандус;бассейн с подогревом;камера хранения;прачечная
688551061071,Гостевой дом Афродита,https://sutochno.ru/front/searchapp/hotels/68855,https://pumpons.github.io/sutochno-feeds/images/2e6253bfa92cddc3.png,Адлер,2500 RUB,0,4.6481481481481,5.0,ресторан;круглосуточная стойка;сауна;Бассейн (открытый);Бассейн (крытый);джакузи общего пользования;Игровая площадка для детей;пандус;бассейн с подогревом;камера хранения;прачечная
908391236331,Бутик-отель  Al Mare,https://sutochno.ru/front/searchapp/hotels/90839,https://pumpons.github.io/sutochno-feeds/images/2610a98dca228346.png,Сочи,4000 RUB,0,4.6434343434343,5.0,трансфер;круглосуточная стойка
908391236299,Бутик-отель  Al Mare,https://sutochno.ru/front/searchapp/hotels/90839,https://pumpons.github.io/sutochno-feeds/images/d0c821d4aae139a7.png,Сочи,3000 RUB,0,4.6434343434343,5.0,трансфер;круглосуточная стойка
1032931365661,Апартаменты Светлана Голд,https://sutochno.ru/front/searchapp/hotels/103293,https://pumpons.github.io/sutochno-feeds/images/77ecf30022b647c3.png,Сочи,3000 RUB,0,4.6426767676768,5.0,круглосуточная стойка;лифт
1032932077782,Апартаменты Светлана Голд,https://sutochno.ru/front/searchapp/hotels/103293,https://pumpons.github.io/sutochno-feeds/images/d569a08f16281c69.png,Сочи,3500 RUB,0,4.6426767676768,5.0,круглосуточная стойка;лифт
695711152243,Гостевой дом MoreLeto,https://sutochno.ru/front/searchapp/hotels/69571,https://pumpons.github.io/sutochno-feeds/images/dcdbe61ee3a2afda.png,Адлер,1980 RUB,0,4.6419046231546,5.0,трансфер;ресторан;бар;круглосуточная стойка;сад;Терраса;Бассейн (открытый);Игровая площадка для детей;детский бассейн;бассейн с подогревом;прачечная
695711701659,Гостевой дом MoreLeto,https://sutochno.ru/front/searchapp/hotels/69571,https://pumpons.github.io/sutochno-feeds/images/c838bd0319e9a7cc.png,Адлер,1440 RUB,0,4.6419046231546,5.0,трансфер;ресторан;бар;круглосуточная стойка;сад;Терраса;Бассейн (открытый);Игровая площадка для детей;детский бассейн;бассейн с подогревом;прачечная
695711152227,Гостевой дом MoreLeto,https://sutochno.ru/front/searchapp/hotels/69571,https://pumpons.github.io/sutochno-feeds/images/087173ae1c91fab1.png,Адлер,1200 RUB,0,4.6419046231546,5.0,трансфер;ресторан;бар;круглосуточная стойка;сад;Терраса;Бассейн (открытый);Игровая площадка для детей;детский бассейн;бассейн с подогревом;прачечная
695711701685,Гостевой дом MoreLeto,https://sutochno.ru/front/searchapp/hotels/69571,https://pumpons.github.io/sutochno-feeds/images/a405a68cdcc5db57.png,Адлер,2340 RUB,0,4.6419046231546,5.0,трансфер;ресторан;бар;круглосуточная стойка;сад;Терраса;Бассейн (открытый);Игровая площадка для детей;детский бассейн;бассейн с подогревом;прачечная
695711152209,Гостевой дом MoreLeto,https://sutochno.ru/front/searchapp/hotels/69571,https://pumpons.github.io/sutochno-feeds/images/c838bd0319e9a7cc.png,Адлер,1440 RUB,0,4.6419046231546,5.0,трансфер;ресторан;бар;круглосуточная стойка;сад;Терраса;Бассейн (открытый);Игровая площадка для детей;детский бассейн;бассейн с подогревом;прачечная
695711152261,Гостевой дом MoreLeto,https://sutochno.ru/front/searchapp/hotels/69571,https://pumpons.github.io/sutochno-feeds/images/889cd2449ba7cbda.png,Адлер,1620 RUB,0,4.6419046231546,5.0,трансфер;ресторан;бар;круглосуточная стойка;сад;Терраса;Бассейн (открытый);Игровая площадка для детей;детский бассейн;бассейн с подогревом;прачечная
1752631990193,Гостевой дом Варвара,https://sutochno.ru/front/searchapp/hotels/175263,https://pumpons.github.io/sutochno-feeds/images/6f46d006c40f02e3.png,Адлер,750 RUB,0,4.641223155929,5.0,круглосуточная стойка
1752631990189,Гостевой дом Варвара,https://sutochno.ru/front/searchapp/hotels/175263,https://pumpons.github.io/sutochno-feeds/images/4fde822fc0e7317b.png,Адлер,950 RUB,0,4.641223155929,5.0,круглосуточная стойка
24487877447,Объект Ариша,https://sutochno.ru/front/searchapp/hotels/24487,https://pumpons.github.io/sutochno-feeds/images/b96b1bcd41d1a522.png,Сочи,2800 RUB,0,4.6388888888889,5.0,сад;Терраса
1146991490459,Отель Возрождение,https://sutochno.ru/front/searchapp/hotels/114699,https://pumpons.github.io/sutochno-feeds/images/802a598adf0e3014.png,Адлер,1900 RUB,0,4.6374007936508,5.0,круглосуточная стойка;Бассейн (открытый);Игровая площадка для детей
1146991490481,Отель Возрождение,https://sutochno.ru/front/searchapp/hotels/114699,https://pumpons.github.io/sutochno-feeds/images/17cb46112e3b35e6.png,Адлер,2000 RUB,0,4.6374007936508,5.0,круглосуточная стойка;Бассейн (открытый);Игровая площадка для детей
1146991490247,Отель Возрождение,https://sutochno.ru/front/searchapp/hotels/114699,https://pumpons.github.io/sutochno-feeds/images/577edd1e165d3094.png,Адлер,1300 RUB,0,4.6374007936508,5.0,круглосуточная стойка;Бассейн (открытый);Игровая площадка для детей
1146991490267,Отель Возрождение,https://sutochno.ru/front/searchapp/hotels/114699,https://pumpons.github.io/sutochno-feeds/images/ed07472470bd24eb.png,Адлер,1400 RUB,0,4.6374007936508,5.0,круглосуточная стойка;Бассейн (открытый);Игровая площадка для детей
1146991490493,Отель Возрождение,https://sutochno.ru/front/searchapp/hotels/114699,https://pumpons.github.io/sutochno-feeds/images/dda1cc9153701a37.png,Адлер,2500 RUB,0,4.6374007936508,5.0,круглосуточная стойка;Бассейн (открытый);Игровая площадка для детей
1146991490299,Отель Возрождение,https://sutochno.ru/front/searchapp/hotels/114699,https://pumpons.github.io/sutochno-feeds/images/06580a18b9787c3f.png,Адлер,1500 RUB,0,4.6374007936508,5.0,круглосуточная стойка;Бассейн (открытый);Игровая площадка для детей
1146991490531,Отель Возрождение,https://sutochno.ru/front/searchapp/hotels/114699,https://pumpons.github.io/sutochno-feeds/images/a6c5be85e0d1fda8.png,Адлер,3100 RUB,0,4.6374007936508,5.0,круглосуточная стойка;Бассейн (открытый);Игровая площадка для детей
1484411913086,Гостевой дом Олимпия,https://sutochno.ru/front/searchapp/hotels/148441,https://pumpons.github.io/sutochno-feeds/images/060e7fdb635c6448.png,Красная Поляна,5500 RUB,0,4.6352678571429,5.0,ресторан;бар;круглосуточная стойка;сауна;Бассейн (открытый);лифт;бассейн с подогревом;переговорная;прачечная
1484411913084,Гостевой дом Олимпия,https://sutochno.ru/front/searchapp/hotels/148441,https://pumpons.github.io/sutochno-feeds/images/1541976397c7fb07.png,Красная Поляна,4200 RUB,0,4.6352678571429,5.0,ресторан;бар;круглосуточная стойка;сауна;Бассейн (открытый);лифт;бассейн с подогревом;переговорная;прачечная
1484411912964,Гостевой дом Олимпия,https://sutochno.ru/front/searchapp/hotels/148441,https://pumpons.github.io/sutochno-feeds/images/c70d06ebf6170c68.png,Красная Поляна,3900 RUB,0,4.6352678571429,5.0,ресторан;бар;круглосуточная стойка;сауна;Бассейн (открытый);лифт;бассейн с подогревом;переговорная;прачечная
1000971327801,Гостиница Фрегат - 1 на берегу моря,https://sutochno.ru/front/searchapp/hotels/100097,https://pumpons.github.io/sutochno-feeds/images/5068768db363a12b.png,Адлер,4224 RUB,0,4.6351587301587,5.0,трансфер;доставка в номер;круглосуточная стойка;камера хранения;прачечная
1000971327793,Гостиница Фрегат - 1 на берегу моря,https://sutochno.ru/front/searchapp/hotels/100097,https://pumpons.github.io/sutochno-feeds/images/f938d76b20979c64.png,Адлер,3120 RUB,0,4.6351587301587,5.0,трансфер;доставка в номер;круглосуточная стойка;камера хранения;прачечная
1000971327807,Гостиница Фрегат - 1 на берегу моря,https://sutochno.ru/front/searchapp/hotels/100097,https://pumpons.github.io/sutochno-feeds/images/bc0316585126b366.png,Адлер,4080 RUB,0,4.6351587301587,5.0,трансфер;доставка в номер;круглосуточная стойка;камера хранения;прачечная
623291040647,Гостевой дом Лидия,https://sutochno.ru/front/searchapp/hotels/62329,https://pumpons.github.io/sutochno-feeds/images/71dfb95b5f153742.png,Адлер,5250 RUB,0,4.6349325980392,5.0,Терраса
623291041665,Гостевой дом Лидия,https://sutochno.ru/front/searchapp/hotels/62329,https://pumpons.github.io/sutochno-feeds/images/5042e69875eff299.png,Адлер,1875 RUB,0,4.6349325980392,5.0,Терраса
623291120127,Гостевой дом Лидия,https://sutochno.ru/front/searchapp/hotels/62329,https://pumpons.github.io/sutochno-feeds/images/1b8613d1c74c504b.png,Адлер,875 RUB,0,4.6349325980392,5.0,Терраса
623291013155,Гостевой дом Лидия,https://sutochno.ru/front/searchapp/hotels/62329,https://pumpons.github.io/sutochno-feeds/images/971842849bbf69a9.png,Адлер,1250 RUB,0,4.6349325980392,5.0,Терраса
623291041667,Гостевой дом Лидия,https://sutochno.ru/front/searchapp/hotels/62329,https://pumpons.github.io/sutochno-feeds/images/f1a2fb9ac26efb26.png,Адлер,1750 RUB,0,4.6349325980392,5.0,Терраса
623291041543,Гостевой дом Лидия,https://sutochno.ru/front/searchapp/hotels/62329,https://pumpons.github.io/sutochno-feeds/images/061f63cc7034b797.png,Адлер,2875 RUB,0,4.6349325980392,5.0,Терраса
1062132291935,Гостевой дом Виноград,https://sutochno.ru/front/searchapp/hotels/106213,https://pumpons.github.io/sutochno-feeds/images/5086f0979e41d4e7.png,Сочи,2530 RUB,0,4.6333333333333,5.0,круглосуточная стойка;Терраса;Бассейн (открытый)
1062131404115,Гостевой дом Виноград,https://sutochno.ru/front/searchapp/hotels/106213,https://pumpons.github.io/sutochno-feeds/images/f3ece40452c52d87.png,Сочи,1980 RUB,0,4.6333333333333,5.0,круглосуточная стойка;Терраса;Бассейн (открытый)
1247181606340,Объект Меги,https://sutochno.ru/front/searchapp/hotels/124718,https://pumpons.github.io/sutochno-feeds/images/274e3640311e6e85.png,Адлер,5000 RUB,0,4.6329966329966,5.0,сад
1247181606324,Объект Меги,https://sutochno.ru/front/searchapp/hotels/124718,https://pumpons.github.io/sutochno-feeds/images/5e2b4819edd6eebb.png,Адлер,2500 RUB,0,4.6329966329966,5.0,сад
1247181606329,Объект Меги,https://sutochno.ru/front/searchapp/hotels/124718,https://pumpons.github.io/sutochno-feeds/images/59500c95e30dddb8.png,Адлер,2700 RUB,0,4.6329966329966,5.0,сад
1507752133736,Гостевой дом Золотой дом,https://sutochno.ru/front/searchapp/hotels/150775,https://pumpons.github.io/sutochno-feeds/images/e48be7b4fdfc103f.png,Сочи,2363 RUB,0,4.6324786324786,5.0,сауна;сад
1507752137216,Гостевой дом Золотой дом,https://sutochno.ru/front/searchapp/hotels/150775,https://pumpons.github.io/sutochno-feeds/images/70a116987a99163a.png,Сочи,3402 RUB,0,4.6324786324786,5.0,сауна;сад
1507751955236,Гостевой дом Золотой дом,https://sutochno.ru/front/searchapp/hotels/150775,https://pumpons.github.io/sutochno-feeds/images/0a059f5c052cad4c.png,Сочи,2079 RUB,0,4.6324786324786,5.0,сауна;сад
1507752137160,Гостевой дом Золотой дом,https://sutochno.ru/front/searchapp/hotels/150775,https://pumpons.github.io/sutochno-feeds/images/8587acce8cecaef2.png,Сочи,2835 RUB,0,4.6324786324786,5.0,сауна;сад
1507751955249,Гостевой дом Золотой дом,https://sutochno.ru/front/searchapp/hotels/150775,https://pumpons.github.io/sutochno-feeds/images/4b18f1f60173f9fd.png,Сочи,2499 RUB,0,4.6324786324786,5.0,сауна;сад
1507751955268,Гостевой дом Золотой дом,https://sutochno.ru/front/searchapp/hotels/150775,https://pumpons.github.io/sutochno-feeds/images/75313c6e79e9d6b4.png,Сочи,3308 RUB,0,4.6324786324786,5.0,сауна;сад
1507751955255,Гостевой дом Золотой дом,https://sutochno.ru/front/searchapp/hotels/150775,https://pumpons.github.io/sutochno-feeds/images/8587acce8cecaef2.png,Сочи,2835 RUB,0,4.6324786324786,5.0,сауна;сад
397931762761,Объект Элит-хаус,https://sutochno.ru/front/searchapp/hotels/39793,https://pumpons.github.io/sutochno-feeds/images/13a74c47716e90a6.png,Сочи,5000 RUB,0,4.6314285714286,5.0,трансфер;доставка в номер;сауна;сад;Терраса;Бассейн (открытый);бассейн с подогревом;прачечная
39793824169,Объект Элит-хаус,https://sutochno.ru/front/searchapp/hotels/39793,https://pumpons.github.io/sutochno-feeds/images/3c3f37f852d4e57d.png,Сочи,3500 RUB,0,4.6314285714286,5.0,трансфер;доставка в номер;сауна;сад;Терраса;Бассейн (открытый);бассейн с подогревом;прачечная
39793824141,Объект Элит-хаус,https://sutochno.ru/front/searchapp/hotels/39793,https://pumpons.github.io/sutochno-feeds/images/5ca5e8d6a0f2f6f3.png,Сочи,3000 RUB,0,4.6314285714286,5.0,трансфер;доставка в номер;сауна;сад;Терраса;Бассейн (открытый);бассейн с подогревом;прачечная
39793824157,Объект Элит-хаус,https://sutochno.ru/front/searchapp/hotels/39793,https://pumpons.github.io/sutochno-feeds/images/9f9c5ffda7da72a1.png,Сочи,4000 RUB,0,4.6314285714286,5.0,трансфер;доставка в номер;сауна;сад;Терраса;Бассейн (открытый);бассейн с подогревом;прачечная
39793824175,Объект Элит-хаус,https://sutochno.ru/front/searchapp/hotels/39793,https://pumpons.github.io/sutochno-feeds/images/3c95ffdb0d0841db.png,Сочи,4250 RUB,0,4.6314285714286,5.0,трансфер;доставка в номер;сауна;сад;Терраса;Бассейн (открытый);бассейн с подогревом;прачечная
1275971652936,Гостевой дом Империя,https://sutochno.ru/front/searchapp/hotels/127597,https://pumpons.github.io/sutochno-feeds/images/cbb630103cb53980.png,Адлер,1656 RUB,0,4.6285760553517,5.0,трансфер;ресторан;круглосуточная стойка;лифт;пандус;прачечная
1275971654015,Гостевой дом Империя,https://sutochno.ru/front/searchapp/hotels/127597,https://pumpons.github.io/sutochno-feeds/images/d083a1f903bc29de.png,Адлер,2208 RUB,0,4.6285760553517,5.0,трансфер;ресторан;круглосуточная стойка;лифт;пандус;прачечная
1275971654028,Гостевой дом Империя,https://sutochno.ru/front/searchapp/hotels/127597,https://pumpons.github.io/sutochno-feeds/images/8e6d00a5a7657d5a.png,Адлер,3128 RUB,0,4.6285760553517,5.0,трансфер;ресторан;круглосуточная стойка;лифт;пандус;прачечная
1275971649614,Гостевой дом Империя,https://sutochno.ru/front/searchapp/hotels/127597,https://pumpons.github.io/sutochno-feeds/images/fcb5b15e697d4743.png,Адлер,4600 RUB,0,4.6285760553517,5.0,трансфер;ресторан;круглосуточная стойка;лифт;пандус;прачечная
655371036737,Объект NOY,https://sutochno.ru/front/searchapp/hotels/65537,https://pumpons.github.io/sutochno-feeds/images/cab8f710b3815ad0.png,Сочи,3000 RUB,0,4.6280077086656,5.0,трансфер;ресторан;бар;сад;Терраса;Бассейн (открытый);Игровая площадка для детей
655371036883,Объект NOY,https://sutochno.ru/front/searchapp/hotels/65537,https://pumpons.github.io/sutochno-feeds/images/3f6599809c8738e9.png,Сочи,2500 RUB,0,4.6280077086656,5.0,трансфер;ресторан;бар;сад;Терраса;Бассейн (открытый);Игровая площадка для детей
655371037051,Объект NOY,https://sutochno.ru/front/searchapp/hotels/65537,https://pumpons.github.io/sutochno-feeds/images/415bf5d3acc85de8.png,Сочи,4000 RUB,0,4.6280077086656,5.0,трансфер;ресторан;бар;сад;Терраса;Бассейн (открытый);Игровая площадка для детей
1289281670027,Гостевой дом Лео Регул(Алые Паруса),https://sutochno.ru/front/searchapp/hotels/128928,https://pumpons.github.io/sutochno-feeds/images/bb8f0a22c77ce7e1.png,Адлер,500 RUB,0,4.6273111944522,5.0,трансфер;сад;Терраса
1289281691815,Гостевой дом Лео Регул(Алые Паруса),https://sutochno.ru/front/searchapp/hotels/128928,https://pumpons.github.io/sutochno-feeds/images/bb8f0a22c77ce7e1.png,Адлер,500 RUB,0,4.6273111944522,5.0,трансфер;сад;Терраса
1289281670036,Гостевой дом Лео Регул(Алые Паруса),https://sutochno.ru/front/searchapp/hotels/128928,https://pumpons.github.io/sutochno-feeds/images/4fad13a5b3778f05.png,Адлер,800 RUB,0,4.6273111944522,5.0,трансфер;сад;Терраса
1289281670046,Гостевой дом Лео Регул(Алые Паруса),https://sutochno.ru/front/searchapp/hotels/128928,https://pumpons.github.io/sutochno-feeds/images/4fad13a5b3778f05.png,Адлер,800 RUB,0,4.6273111944522,5.0,трансфер;сад;Терраса
210711558162,Гостевой дом На Ленина,https://sutochno.ru/front/searchapp/hotels/21071,https://pumpons.github.io/sutochno-feeds/images/dce0a46f7ee4002b.png,Адлер,1350 RUB,0,4.6268296980797,5.0,бар
21071670611,Гостевой дом На Ленина,https://sutochno.ru/front/searchapp/hotels/21071,https://pumpons.github.io/sutochno-feeds/images/460370b46fa54a02.png,Адлер,1200 RUB,0,4.6268296980797,5.0,бар
21071806141,Гостевой дом На Ленина,https://sutochno.ru/front/searchapp/hotels/21071,https://pumpons.github.io/sutochno-feeds/images/dce0a46f7ee4002b.png,Адлер,1350 RUB,0,4.6268296980797,5.0,бар
694471071285,Объект Джона,https://sutochno.ru/front/searchapp/hotels/69447,https://pumpons.github.io/sutochno-feeds/images/f9a7f0f7d6143877.png,Адлер,5000 RUB,0,4.6264752052324,5.0,трансфер;круглосуточная стойка;Терраса
694931065763,Гостевой дом Willa Roze,https://sutochno.ru/front/searchapp/hotels/69493,https://pumpons.github.io/sutochno-feeds/images/1422fd9c90131a60.png,Адлер,1500 RUB,0,4.6264285714286,5.0,Терраса
694931067533,Гостевой дом Willa Roze,https://sutochno.ru/front/searchapp/hotels/69493,https://pumpons.github.io/sutochno-feeds/images/15467972edcf287b.png,Адлер,2000 RUB,0,4.6264285714286,5.0,Терраса
694931067477,Гостевой дом Willa Roze,https://sutochno.ru/front/searchapp/hotels/69493,https://pumpons.github.io/sutochno-feeds/images/1422fd9c90131a60.png,Адлер,1500 RUB,0,4.6264285714286,5.0,Терраса
54581959569,Гостевой дом Десятка,https://sutochno.ru/front/searchapp/hotels/54581,https://pumpons.github.io/sutochno-feeds/images/b94615d692746414.png,Адлер,1700 RUB,0,4.625526029526,5.0,круглосуточная стойка
54581959683,Гостевой дом Десятка,https://sutochno.ru/front/searchapp/hotels/54581,https://pumpons.github.io/sutochno-feeds/images/497860b8ee553068.png,Адлер,1500 RUB,0,4.625526029526,5.0,круглосуточная стойка
54581959643,Гостевой дом Десятка,https://sutochno.ru/front/searchapp/hotels/54581,https://pumpons.github.io/sutochno-feeds/images/64ac2743d2b5933b.png,Адлер,2500 RUB,0,4.625526029526,5.0,круглосуточная стойка
54581954105,Гостевой дом Десятка,https://sutochno.ru/front/searchapp/hotels/54581,https://pumpons.github.io/sutochno-feeds/images/dd041ae18a93085a.png,Адлер,1600 RUB,0,4.625526029526,5.0,круглосуточная стойка
570332309587,Гостевой дом Мария,https://sutochno.ru/front/searchapp/hotels/57033,https://pumpons.github.io/sutochno-feeds/images/a98a3390d7720969.png,Адлер,3000 RUB,0,4.625,5.0,трансфер;Терраса
570331819665,Гостевой дом Мария,https://sutochno.ru/front/searchapp/hotels/57033,https://pumpons.github.io/sutochno-feeds/images/b31560709240614b.png,Адлер,4000 RUB,0,4.625,5.0,трансфер;Терраса
570331595127,Гостевой дом Мария,https://sutochno.ru/front/searchapp/hotels/57033,https://pumpons.github.io/sutochno-feeds/images/a98a3390d7720969.png,Адлер,3000 RUB,0,4.625,5.0,трансфер;Терраса
1253822281409,Гостевой дом Морская Звезда,https://sutochno.ru/front/searchapp/hotels/125382,https://pumpons.github.io/sutochno-feeds/images/29e7e25681846f9a.png,Адлер,2300 RUB,0,4.6236111111111,5.0,ресторан
1253821617134,Гостевой дом Морская Звезда,https://sutochno.ru/front/searchapp/hotels/125382,https://pumpons.github.io/sutochno-feeds/images/29e7e25681846f9a.png,Адлер,2300 RUB,0,4.6236111111111,5.0,ресторан
1253821617119,Гостевой дом Морская Звезда,https://sutochno.ru/front/searchapp/hotels/125382,https://pumpons.github.io/sutochno-feeds/images/f6ebd107ae67fff6.png,Адлер,2500 RUB,0,4.6236111111111,5.0,ресторан
45727867943,Мини-гостиница Алёнка,https://sutochno.ru/front/searchapp/hotels/45727,https://pumpons.github.io/sutochno-feeds/images/058e687fa4e4da9e.png,Адлер,3000 RUB,1,4.6233766233766,5.0,доставка в номер;круглосуточная стойка;камера хранения;прачечная
45727867937,Мини-гостиница Алёнка,https://sutochno.ru/front/searchapp/hotels/45727,https://pumpons.github.io/sutochno-feeds/images/494bca9b86cac585.png,Адлер,2000 RUB,1,4.6233766233766,5.0,доставка в номер;круглосуточная стойка;камера хранения;прачечная
23345695035,Гостевой дом На Санаторной,https://sutochno.ru/front/searchapp/hotels/23345,https://pumpons.github.io/sutochno-feeds/images/db62de229723460f.png,Сочи,2500 RUB,0,4.6190857142857,5.0,
23345695041,Гостевой дом На Санаторной,https://sutochno.ru/front/searchapp/hotels/23345,https://pumpons.github.io/sutochno-feeds/images/db62de229723460f.png,Сочи,2500 RUB,0,4.6190857142857,5.0,
499211940027,Объект Верещагинский,https://sutochno.ru/front/searchapp/hotels/49921,https://pumpons.github.io/sutochno-feeds/images/bd7ac316d3e8382b.png,Сочи,3500 RUB,0,4.6178280542986,5.0,
1356861762628,Гостевой дом АрЕв,https://sutochno.ru/front/searchapp/hotels/135686,https://pumpons.github.io/sutochno-feeds/images/991fc35412080066.png,Адлер,3800 RUB,0,4.6177394034537,5.0,Терраса
1356861762600,Гостевой дом АрЕв,https://sutochno.ru/front/searchapp/hotels/135686,https://pumpons.github.io/sutochno-feeds/images/6523633247436a02.png,Адлер,2100 RUB,0,4.6177394034537,5.0,Терраса
1356861762609,Гостевой дом АрЕв,https://sutochno.ru/front/searchapp/hotels/135686,https://pumpons.github.io/sutochno-feeds/images/90966c2ef7e62fb5.png,Адлер,3200 RUB,0,4.6177394034537,5.0,Терраса
1356861755613,Гостевой дом АрЕв,https://sutochno.ru/front/searchapp/hotels/135686,https://pumpons.github.io/sutochno-feeds/images/2759ddfc75553f4f.png,Адлер,3000 RUB,0,4.6177394034537,5.0,Терраса
926331253205,Объект Наталья,https://sutochno.ru/front/searchapp/hotels/92633,https://pumpons.github.io/sutochno-feeds/images/ce426517d490bffd.png,Адлер,2200 RUB,0,4.6117216117216,5.0,Терраса
1525031990852,Объект Летнее Море,https://sutochno.ru/front/searchapp/hotels/152503,https://pumpons.github.io/sutochno-feeds/images/643a219fcc0b2745.png,Сочи,3000 RUB,0,4.6111111111111,5.0,Терраса
1525031981177,Объект Летнее Море,https://sutochno.ru/front/searchapp/hotels/152503,https://pumpons.github.io/sutochno-feeds/images/329854bd5ed22693.png,Сочи,5000 RUB,0,4.6111111111111,5.0,Терраса
1525031981174,Объект Летнее Море,https://sutochno.ru/front/searchapp/hotels/152503,https://pumpons.github.io/sutochno-feeds/images/0c13d585c45667d6.png,Сочи,2500 RUB,0,4.6111111111111,5.0,Терраса
1525031981179,Объект Летнее Море,https://sutochno.ru/front/searchapp/hotels/152503,https://pumpons.github.io/sutochno-feeds/images/64a738bda6a49375.png,Сочи,3300 RUB,0,4.6111111111111,5.0,Терраса
1525031981176,Объект Летнее Море,https://sutochno.ru/front/searchapp/hotels/152503,https://pumpons.github.io/sutochno-feeds/images/963f5c041f867b80.png,Сочи,2800 RUB,0,4.6111111111111,5.0,Терраса
1466981884651,Гостевой дом Азалия-Мимоза,https://sutochno.ru/front/searchapp/hotels/146698,https://pumpons.github.io/sutochno-feeds/images/cdd02e4c2bb4c79d.png,Адлер,2600 RUB,0,4.6072203277446,5.0,круглосуточная стойка;Терраса;Бассейн (открытый);детский бассейн
1466981884648,Гостевой дом Азалия-Мимоза,https://sutochno.ru/front/searchapp/hotels/146698,https://pumpons.github.io/sutochno-feeds/images/ac462e43cfc65088.png,Адлер,2000 RUB,0,4.6072203277446,5.0,круглосуточная стойка;Терраса;Бассейн (открытый);детский бассейн
1466981884630,Гостевой дом Азалия-Мимоза,https://sutochno.ru/front/searchapp/hotels/146698,https://pumpons.github.io/sutochno-feeds/images/14d857f38c21362b.png,Адлер,2300 RUB,0,4.6072203277446,5.0,круглосуточная стойка;Терраса;Бассейн (открытый);детский бассейн
1466981884643,Гостевой дом Азалия-Мимоза,https://sutochno.ru/front/searchapp/hotels/146698,https://pumpons.github.io/sutochno-feeds/images/14d857f38c21362b.png,Адлер,2300 RUB,0,4.6072203277446,5.0,круглосуточная стойка;Терраса;Бассейн (открытый);детский бассейн
1524171977014,Отель Марэ,https://sutochno.ru/front/searchapp/hotels/152417,https://pumpons.github.io/sutochno-feeds/images/e487df1f8dd148a7.png,Адлер,2244 RUB,0,4.6070665445665,5.0,трансфер;доставка в номер;круглосуточная стойка;Бассейн (открытый);бассейн с подогревом;прачечная
1524171976961,Отель Марэ,https://sutochno.ru/front/searchapp/hotels/152417,https://pumpons.github.io/sutochno-feeds/images/e3892406d382a430.png,Адлер,1734 RUB,0,4.6070665445665,5.0,трансфер;доставка в номер;круглосуточная стойка;Бассейн (открытый);бассейн с подогревом;прачечная
1524171976971,Отель Марэ,https://sutochno.ru/front/searchapp/hotels/152417,https://pumpons.github.io/sutochno-feeds/images/a9072d3e8d3cf8dd.png,Адлер,1836 RUB,0,4.6070665445665,5.0,трансфер;доставка в номер;круглосуточная стойка;Бассейн (открытый);бассейн с подогревом;прачечная
1524171976997,Отель Марэ,https://sutochno.ru/front/searchapp/hotels/152417,https://pumpons.github.io/sutochno-feeds/images/a9072d3e8d3cf8dd.png,Адлер,1836 RUB,0,4.6070665445665,5.0,трансфер;доставка в номер;круглосуточная стойка;Бассейн (открытый);бассейн с подогревом;прачечная
3445478347,Гостевой дом Дом у моря,https://sutochno.ru/front/searchapp/hotels/3445,https://pumpons.github.io/sutochno-feeds/images/96d837fe73c9e397.png,Адлер,2000 RUB,0,4.6055555555556,5.0,трансфер;круглосуточная стойка;Терраса;Игровая площадка для детей
3445498997,Гостевой дом Дом у моря,https://sutochno.ru/front/searchapp/hotels/3445,https://pumpons.github.io/sutochno-feeds/images/96d837fe73c9e397.png,Адлер,2000 RUB,0,4.6055555555556,5.0,трансфер;круглосуточная стойка;Терраса;Игровая площадка для детей
832351169713,Гостевой дом Оазис,https://sutochno.ru/front/searchapp/hotels/83235,https://pumpons.github.io/sutochno-feeds/images/dc245ca69374e563.png,Сочи,6000 RUB,0,4.6044412377746,5.0,круглосуточная стойка;пандус
832351474505,Гостевой дом Оазис,https://sutochno.ru/front/searchapp/hotels/83235,https://pumpons.github.io/sutochno-feeds/images/b3fef02d691b1b5d.png,Сочи,2100 RUB,0,4.6044412377746,5.0,круглосуточная стойка;пандус
832351474421,Гостевой дом Оазис,https://sutochno.ru/front/searchapp/hotels/83235,https://pumpons.github.io/sutochno-feeds/images/9baf84d1d6c1837e.png,Сочи,1000 RUB,0,4.6044412377746,5.0,круглосуточная стойка;пандус
1031871365067,Объект Ring hom,https://sutochno.ru/front/searchapp/hotels/103187,https://pumpons.github.io/sutochno-feeds/images/ed4005c423fceac0.png,Адлер,900 RUB,0,4.5989261721336,5.0,
1031871728331,Объект Ring hom,https://sutochno.ru/front/searchapp/hotels/103187,https://pumpons.github.io/sutochno-feeds/images/29f836fa400eba0b.png,Адлер,800 RUB,0,4.5989261721336,5.0,
21893678855,Апарт-отель Center Plaza,https://sutochno.ru/front/searchapp/hotels/21893,https://pumpons.github.io/sutochno-feeds/images/bd79cd9cf2cf269c.png,Адлер,1800 RUB,0,4.5949809872967,5.0,лифт
805651161271,Объект Наталия,https://sutochno.ru/front/searchapp/hotels/80565,https://pumpons.github.io/sutochno-feeds/images/8723f21a712b8bfb.png,Адлер,3438 RUB,0,4.5930555555556,5.0,
805651161709,Объект Наталия,https://sutochno.ru/front/searchapp/hotels/80565,https://pumpons.github.io/sutochno-feeds/images/106fb7507f0ba938.png,Адлер,3875 RUB,0,4.5930555555556,5.0,
805651150161,Объект Наталия,https://sutochno.ru/front/searchapp/hotels/80565,https://pumpons.github.io/sutochno-feeds/images/5016bd57ce5fa1d8.png,Адлер,2750 RUB,0,4.5930555555556,5.0,
1044671381373,Объект Баязет,https://sutochno.ru/front/searchapp/hotels/104467,https://pumpons.github.io/sutochno-feeds/images/8d44de2b248f744a.png,Адлер,3000 RUB,0,4.5913095238095,5.0,сауна;Терраса;Бассейн (открытый);Бассейн (крытый);джакузи общего пользования;детский бассейн;бассейн с подогревом
1044671800192,Объект Баязет,https://sutochno.ru/front/searchapp/hotels/104467,https://pumpons.github.io/sutochno-feeds/images/b218002c882b74ac.png,Адлер,3600 RUB,0,4.5913095238095,5.0,сауна;Терраса;Бассейн (открытый);Бассейн (крытый);джакузи общего пользования;детский бассейн;бассейн с подогревом
1045891439283,Гостевой дом Зорэмма,https://sutochno.ru/front/searchapp/hotels/104589,https://pumpons.github.io/sutochno-feeds/images/255ab7b7de19de2c.png,Адлер,2016 RUB,0,4.5895833333333,5.0,трансфер;круглосуточная стойка;Терраса
1035011370471,Объект Маргарита,https://sutochno.ru/front/searchapp/hotels/103501,https://pumpons.github.io/sutochno-feeds/images/3da249b168f5b890.png,Адлер,3300 RUB,0,4.587962962963,5.0,трансфер;Игровая площадка для детей;детский бассейн
1035011595164,Объект Маргарита,https://sutochno.ru/front/searchapp/hotels/103501,https://pumpons.github.io/sutochno-feeds/images/6fbd0928174110cd.png,Адлер,6000 RUB,0,4.587962962963,5.0,трансфер;Игровая площадка для детей;детский бассейн
1035011369477,Объект Маргарита,https://sutochno.ru/front/searchapp/hotels/103501,https://pumpons.github.io/sutochno-feeds/images/138daecd0b42664f.png,Адлер,1700 RUB,0,4.587962962963,5.0,трансфер;Игровая площадка для детей;детский бассейн
1131311474449,Объект Viva Камелия,https://sutochno.ru/front/searchapp/hotels/113131,https://pumpons.github.io/sutochno-feeds/images/33b46e7ab343a16a.png,Адлер,1920 RUB,0,4.5868923611111,5.0,трансфер;ресторан;круглосуточная стойка;прачечная
1131311474403,Объект Viva Камелия,https://sutochno.ru/front/searchapp/hotels/113131,https://pumpons.github.io/sutochno-feeds/images/df37eb0b1a886918.png,Адлер,1536 RUB,0,4.5868923611111,5.0,трансфер;ресторан;круглосуточная стойка;прачечная
1131311474271,Объект Viva Камелия,https://sutochno.ru/front/searchapp/hotels/113131,https://pumpons.github.io/sutochno-feeds/images/96d9cca3557ba269.png,Адлер,1800 RUB,0,4.5868923611111,5.0,трансфер;ресторан;круглосуточная стойка;прачечная
1032151365375,Гостевой дом Аркадия +,https://sutochno.ru/front/searchapp/hotels/103215,https://pumpons.github.io/sutochno-feeds/images/95f131f5e405d02d.png,Адлер,4725 RUB,0,4.5864594868955,5.0,круглосуточная стойка;Терраса;Бассейн (открытый);бассейн с подогревом;камера хранения;прачечная
1032151365353,Гостевой дом Аркадия +,https://sutochno.ru/front/searchapp/hotels/103215,https://pumpons.github.io/sutochno-feeds/images/10e787a30e4b9d71.png,Адлер,2160 RUB,0,4.5864594868955,5.0,круглосуточная стойка;Терраса;Бассейн (открытый);бассейн с подогревом;камера хранения;прачечная
1032151365383,Гостевой дом Аркадия +,https://sutochno.ru/front/searchapp/hotels/103215,https://pumpons.github.io/sutochno-feeds/images/e9b0ad91a80e3fd6.png,Адлер,3375 RUB,0,4.5864594868955,5.0,круглосуточная стойка;Терраса;Бассейн (открытый);бассейн с подогревом;камера хранения;прачечная
1032151365555,Гостевой дом Аркадия +,https://sutochno.ru/front/searchapp/hotels/103215,https://pumpons.github.io/sutochno-feeds/images/04a02a4692295e8f.png,Адлер,4455 RUB,0,4.5864594868955,5.0,круглосуточная стойка;Терраса;Бассейн (открытый);бассейн с подогревом;камера хранения;прачечная
1032151365381,Гостевой дом Аркадия +,https://sutochno.ru/front/searchapp/hotels/103215,https://pumpons.github.io/sutochno-feeds/images/92e293e2589a883c.png,Адлер,2700 RUB,0,4.5864594868955,5.0,круглосуточная стойка;Терраса;Бассейн (открытый);бассейн с подогревом;камера хранения;прачечная
1032151365559,Гостевой дом Аркадия +,https://sutochno.ru/front/searchapp/hotels/103215,https://pumpons.github.io/sutochno-feeds/images/5eeddc40dcd3543c.png,Адлер,4050 RUB,0,4.5864594868955,5.0,круглосуточная стойка;Терраса;Бассейн (открытый);бассейн с подогревом;камера хранения;прачечная
638911121507,Апартаменты Мира на Курортном,https://sutochno.ru/front/searchapp/hotels/63891,https://pumpons.github.io/sutochno-feeds/images/e71e2025116c124d.png,Сочи,2500 RUB,0,4.5859232297771,5.0,лифт
638911539632,Апартаменты Мира на Курортном,https://sutochno.ru/front/searchapp/hotels/63891,https://pumpons.github.io/sutochno-feeds/images/e71e2025116c124d.png,Сочи,2500 RUB,0,4.5859232297771,5.0,лифт
1588872080333,Объект Altera,https://sutochno.ru/front/searchapp/hotels/158887,https://pumpons.github.io/sutochno-feeds/images/0ff038e518a2d3ff.png,Адлер,2500 RUB,0,4.5833333333333,5.0,Бассейн (открытый)
1648172124317,Объект Релакс,https://sutochno.ru/front/searchapp/hotels/164817,https://pumpons.github.io/sutochno-feeds/images/6ba620856ea731e6.png,Адлер,3500 RUB,0,4.5833333333333,5.0,
1588872065293,Объект Altera,https://sutochno.ru/front/searchapp/hotels/158887,https://pumpons.github.io/sutochno-feeds/images/ab048e8c35e1636e.png,Адлер,4500 RUB,0,4.5833333333333,5.0,Бассейн (открытый)
1525802143174,Объект У Марины,https://sutochno.ru/front/searchapp/hotels/152580,https://pumpons.github.io/sutochno-feeds/images/7541fa8aecf54102.png,Сочи,4000 RUB,0,4.5833333333333,5.0,
1682882171251,Отель Undersun Булгаков,https://sutochno.ru/front/searchapp/hotels/168288,https://pumpons.github.io/sutochno-feeds/images/91e45cf469161e02.png,Сочи,2700 RUB,0,4.5833333333333,5.0,ресторан;круглосуточная стойка;Терраса;Бассейн (открытый);бассейн с подогревом;прачечная
1682882235814,Отель Undersun Булгаков,https://sutochno.ru/front/searchapp/hotels/168288,https://pumpons.github.io/sutochno-feeds/images/8b3219f6b6e3a8f4.png,Сочи,1900 RUB,0,4.5833333333333,5.0,ресторан;круглосуточная стойка;Терраса;Бассейн (открытый);бассейн с подогревом;прачечная
1682882171264,Отель Undersun Булгаков,https://sutochno.ru/front/searchapp/hotels/168288,https://pumpons.github.io/sutochno-feeds/images/9ab3358e601e31a4.png,Сочи,3300 RUB,0,4.5833333333333,5.0,ресторан;круглосуточная стойка;Терраса;Бассейн (открытый);бассейн с подогревом;прачечная
1525802105812,Объект У Марины,https://sutochno.ru/front/searchapp/hotels/152580,https://pumpons.github.io/sutochno-feeds/images/7541fa8aecf54102.png,Сочи,4000 RUB,0,4.5833333333333,5.0,
1682882171389,Отель Undersun Булгаков,https://sutochno.ru/front/searchapp/hotels/168288,https://pumpons.github.io/sutochno-feeds/images/f9d5346ac7e899cd.png,Сочи,2900 RUB,0,4.5833333333333,5.0,ресторан;круглосуточная стойка;Терраса;Бассейн (открытый);бассейн с подогревом;прачечная
1682882171255,Отель Undersun Булгаков,https://sutochno.ru/front/searchapp/hotels/168288,https://pumpons.github.io/sutochno-feeds/images/1629001ec6169e68.png,Сочи,3350 RUB,0,4.5833333333333,5.0,ресторан;круглосуточная стойка;Терраса;Бассейн (открытый);бассейн с подогревом;прачечная
1682882172593,Отель Undersun Булгаков,https://sutochno.ru/front/searchapp/hotels/168288,https://pumpons.github.io/sutochno-feeds/images/862fc6e22a385b8f.png,Сочи,2000 RUB,0,4.5833333333333,5.0,ресторан;круглосуточная стойка;Терраса;Бассейн (открытый);бассейн с подогревом;прачечная
1682882172582,Отель Undersun Булгаков,https://sutochno.ru/front/searchapp/hotels/168288,https://pumpons.github.io/sutochno-feeds/images/8b3219f6b6e3a8f4.png,Сочи,1900 RUB,0,4.5833333333333,5.0,ресторан;круглосуточная стойка;Терраса;Бассейн (открытый);бассейн с подогревом;прачечная
1682882171257,Отель Undersun Булгаков,https://sutochno.ru/front/searchapp/hotels/168288,https://pumpons.github.io/sutochno-feeds/images/50bea178f44808ad.png,Сочи,3000 RUB,0,4.5833333333333,5.0,ресторан;круглосуточная стойка;Терраса;Бассейн (открытый);бассейн с подогревом;прачечная
1682882171232,Отель Undersun Булгаков,https://sutochno.ru/front/searchapp/hotels/168288,https://pumpons.github.io/sutochno-feeds/images/3661b2baa8f084ff.png,Сочи,3100 RUB,0,4.5833333333333,5.0,ресторан;круглосуточная стойка;Терраса;Бассейн (открытый);бассейн с подогревом;прачечная
53161956899,Объект Ульяна,https://sutochno.ru/front/searchapp/hotels/53161,https://pumpons.github.io/sutochno-feeds/images/a580113b128dbe32.png,Адлер,1400 RUB,0,4.5777777777778,5.0,
1136251479433,Апартаменты Sea Breeze,https://sutochno.ru/front/searchapp/hotels/113625,https://pumpons.github.io/sutochno-feeds/images/08fa16476a2c9966.png,Сочи,3000 RUB,0,4.5679487179487,5.0,
1004971332923,Гостевой дом Рица,https://sutochno.ru/front/searchapp/hotels/100497,https://pumpons.github.io/sutochno-feeds/images/d6cba914d899c9c9.png,Адлер,4428 RUB,0,4.5677777777778,5.0,ресторан;круглосуточная стойка
1004972113434,Гостевой дом Рица,https://sutochno.ru/front/searchapp/hotels/100497,https://pumpons.github.io/sutochno-feeds/images/f6e38a4df85143c5.png,Адлер,4871 RUB,0,4.5677777777778,5.0,ресторан;круглосуточная стойка
1004971332887,Гостевой дом Рица,https://sutochno.ru/front/searchapp/hotels/100497,https://pumpons.github.io/sutochno-feeds/images/2a7d586739fa8d46.png,Адлер,4025 RUB,0,4.5677777777778,5.0,ресторан;круглосуточная стойка
1004972113447,Гостевой дом Рица,https://sutochno.ru/front/searchapp/hotels/100497,https://pumpons.github.io/sutochno-feeds/images/36348c8fbe0d346d.png,Адлер,6429 RUB,0,4.5677777777778,5.0,ресторан;круглосуточная стойка
1004971332951,Гостевой дом Рица,https://sutochno.ru/front/searchapp/hotels/100497,https://pumpons.github.io/sutochno-feeds/images/aecebce10a294b3d.png,Адлер,5845 RUB,0,4.5677777777778,5.0,ресторан;круглосуточная стойка
1004972046596,Гостевой дом Рица,https://sutochno.ru/front/searchapp/hotels/100497,https://pumpons.github.io/sutochno-feeds/images/99c16af4b670fba4.png,Адлер,3450 RUB,0,4.5677777777778,5.0,ресторан;круглосуточная стойка
1652242128784,Отель Arriva,https://sutochno.ru/front/searchapp/hotels/165224,https://pumpons.github.io/sutochno-feeds/images/1174ea6d318519e7.png,Адлер,4000 RUB,2,4.5668025362319,5.0,круглосуточная стойка;прачечная
1652242128696,Отель Arriva,https://sutochno.ru/front/searchapp/hotels/165224,https://pumpons.github.io/sutochno-feeds/images/beb0f275f1182d3e.png,Адлер,5500 RUB,2,4.5668025362319,5.0,круглосуточная стойка;прачечная
1652242128748,Отель Arriva,https://sutochno.ru/front/searchapp/hotels/165224,https://pumpons.github.io/sutochno-feeds/images/cf06c18c5426f89a.png,Адлер,3500 RUB,2,4.5668025362319,5.0,круглосуточная стойка;прачечная
1652242128793,Отель Arriva,https://sutochno.ru/front/searchapp/hotels/165224,https://pumpons.github.io/sutochno-feeds/images/c25daab28b1de8c9.png,Адлер,4500 RUB,2,4.5668025362319,5.0,круглосуточная стойка;прачечная
1726222253556,Гостевой дом Фиджи,https://sutochno.ru/front/searchapp/hotels/172622,https://pumpons.github.io/sutochno-feeds/images/307df3d4c72043c3.png,Адлер,1000 RUB,0,4.5666666666667,5.0,трансфер;сад;Бассейн (открытый);прачечная
1345661752384,Гостевой дом Ветер Сочи,https://sutochno.ru/front/searchapp/hotels/134566,https://pumpons.github.io/sutochno-feeds/images/c7946f2078606e41.png,Сочи,2500 RUB,0,4.565873015873,5.0,круглосуточная стойка;Терраса
1345661742415,Гостевой дом Ветер Сочи,https://sutochno.ru/front/searchapp/hotels/134566,https://pumpons.github.io/sutochno-feeds/images/c7946f2078606e41.png,Сочи,2500 RUB,0,4.565873015873,5.0,круглосуточная стойка;Терраса
622811769327,Гостевой дом Магнолия,https://sutochno.ru/front/searchapp/hotels/62281,https://pumpons.github.io/sutochno-feeds/images/9b10ba83fa1acca7.png,Адлер,1824 RUB,0,4.563980194961,5.0,трансфер;ресторан;круглосуточная стойка;прачечная
622811012757,Гостевой дом Магнолия,https://sutochno.ru/front/searchapp/hotels/62281,https://pumpons.github.io/sutochno-feeds/images/55c6e20a8f0d4f4b.png,Адлер,3072 RUB,0,4.563980194961,5.0,трансфер;ресторан;круглосуточная стойка;прачечная
667251063713,Объект Рафаэль,https://sutochno.ru/front/searchapp/hotels/66725,https://pumpons.github.io/sutochno-feeds/images/0cfe5962340248e7.png,Адлер,2200 RUB,0,4.5629038065844,5.0,ресторан
667251045483,Объект Рафаэль,https://sutochno.ru/front/searchapp/hotels/66725,https://pumpons.github.io/sutochno-feeds/images/2d3157d043a105b1.png,Адлер,1300 RUB,0,4.5629038065844,5.0,ресторан
667251044997,Объект Рафаэль,https://sutochno.ru/front/searchapp/hotels/66725,https://pumpons.github.io/sutochno-feeds/images/267cb8d64fb50c54.png,Адлер,1200 RUB,0,4.5629038065844,5.0,ресторан
1532401988051,Объект Белый Лев,https://sutochno.ru/front/searchapp/hotels/153240,https://pumpons.github.io/sutochno-feeds/images/23e1ae34894042d5.png,Адлер,6000 RUB,0,4.5625,5.0,бар;Терраса
1532401988068,Объект Белый Лев,https://sutochno.ru/front/searchapp/hotels/153240,https://pumpons.github.io/sutochno-feeds/images/0217573ad719f455.png,Адлер,6500 RUB,0,4.5625,5.0,бар;Терраса
1493222050621,Гостевой дом Тенистый Берег,https://sutochno.ru/front/searchapp/hotels/149322,https://pumpons.github.io/sutochno-feeds/images/5ed93616bd869bc5.png,Адлер,1098 RUB,0,4.5614814814815,5.0,ресторан;круглосуточная стойка;сауна;Терраса;Бассейн (открытый);Бассейн (крытый);Игровая площадка для детей
1493221927979,Гостевой дом Тенистый Берег,https://sutochno.ru/front/searchapp/hotels/149322,https://pumpons.github.io/sutochno-feeds/images/b60cfd12ab54c6a0.png,Адлер,1598 RUB,0,4.5614814814815,5.0,ресторан;круглосуточная стойка;сауна;Терраса;Бассейн (открытый);Бассейн (крытый);Игровая площадка для детей
1493221944763,Гостевой дом Тенистый Берег,https://sutochno.ru/front/searchapp/hotels/149322,https://pumpons.github.io/sutochno-feeds/images/5fc818447c5d63a8.png,Адлер,1398 RUB,0,4.5614814814815,5.0,ресторан;круглосуточная стойка;сауна;Терраса;Бассейн (открытый);Бассейн (крытый);Игровая площадка для детей
616191008023,Апартаменты Апартаменты Люкс,https://sutochno.ru/front/searchapp/hotels/61619,https://pumpons.github.io/sutochno-feeds/images/f1dd718727811e93.png,Сочи,2500 RUB,0,4.5589285714286,5.0,
378731554387,Объект Маргарита,https://sutochno.ru/front/searchapp/hotels/37873,https://pumpons.github.io/sutochno-feeds/images/7309fe00c92e8036.png,Адлер,4000 RUB,0,4.5578703703704,5.0,круглосуточная стойка;Терраса;Игровая площадка для детей
37873810359,Объект Маргарита,https://sutochno.ru/front/searchapp/hotels/37873,https://pumpons.github.io/sutochno-feeds/images/ad48032554de2b65.png,Адлер,2500 RUB,0,4.5578703703704,5.0,круглосуточная стойка;Терраса;Игровая площадка для детей
1307881696812,Отель Театральный,https://sutochno.ru/front/searchapp/hotels/130788,https://pumpons.github.io/sutochno-feeds/images/75997503c03a2e04.png,Сочи,2950 RUB,3,4.5567005398539,5.0,ресторан;бар;круглосуточная стойка
1307882127603,Отель Театральный,https://sutochno.ru/front/searchapp/hotels/130788,https://pumpons.github.io/sutochno-feeds/images/19c5f8ab337a4fe4.png,Сочи,2760 RUB,3,4.5567005398539,5.0,ресторан;бар;круглосуточная стойка
1307882184154,Отель Театральный,https://sutochno.ru/front/searchapp/hotels/130788,https://pumpons.github.io/sutochno-feeds/images/598971ee123805da.png,Сочи,3870 RUB,3,4.5567005398539,5.0,ресторан;бар;круглосуточная стойка
1307881727540,Отель Театральный,https://sutochno.ru/front/searchapp/hotels/130788,https://pumpons.github.io/sutochno-feeds/images/62c3dbc86bb9ddec.png,Сочи,3500 RUB,3,4.5567005398539,5.0,ресторан;бар;круглосуточная стойка
1307881696817,Отель Театральный,https://sutochno.ru/front/searchapp/hotels/130788,https://pumpons.github.io/sutochno-feeds/images/ff280f8adfa89db4.png,Сочи,3040 RUB,3,4.5567005398539,5.0,ресторан;бар;круглосуточная стойка
1272141643340,Гостевой дом Грант-2,https://sutochno.ru/front/searchapp/hotels/127214,https://pumpons.github.io/sutochno-feeds/images/3e77b34ca87b0c5d.png,Адлер,1955 RUB,0,4.5550775046058,5.0,трансфер;ресторан;круглосуточная стойка;Терраса;прачечная
1272141643374,Гостевой дом Грант-2,https://sutochno.ru/front/searchapp/hotels/127214,https://pumpons.github.io/sutochno-feeds/images/60ee27a11d89b70c.png,Адлер,2990 RUB,0,4.5550775046058,5.0,трансфер;ресторан;круглосуточная стойка;Терраса;прачечная
1272142056494,Гостевой дом Грант-2,https://sutochno.ru/front/searchapp/hotels/127214,https://pumpons.github.io/sutochno-feeds/images/7d7c9498cc47ac72.png,Адлер,3312 RUB,0,4.5550775046058,5.0,трансфер;ресторан;круглосуточная стойка;Терраса;прачечная
1657121546302,Гостиница Анжелика,https://sutochno.ru/front/searchapp/hotels/165712,https://pumpons.github.io/sutochno-feeds/images/ae1f914b2aee8d2b.png,Адлер,4500 RUB,0,4.5533333333333,5.0,трансфер
54375952051,Гостевой дом Гаваи,https://sutochno.ru/front/searchapp/hotels/54375,https://pumpons.github.io/sutochno-feeds/images/e27196cd49dd0979.png,Адлер,1100 RUB,0,4.5529054226475,5.0,сауна;Бассейн (открытый)
54375953287,Гостевой дом Гаваи,https://sutochno.ru/front/searchapp/hotels/54375,https://pumpons.github.io/sutochno-feeds/images/a1db4af25b06ba05.png,Адлер,1000 RUB,0,4.5529054226475,5.0,сауна;Бассейн (открытый)
54375953243,Гостевой дом Гаваи,https://sutochno.ru/front/searchapp/hotels/54375,https://pumpons.github.io/sutochno-feeds/images/491e112835b42b86.png,Адлер,1300 RUB,0,4.5529054226475,5.0,сауна;Бассейн (открытый)
1180701527786,Объект Морская Звезда,https://sutochno.ru/front/searchapp/hotels/118070,https://pumpons.github.io/sutochno-feeds/images/a5eb2ebe135d579b.png,Сочи,5200 RUB,0,4.5486111111111,5.0,трансфер;ресторан;Терраса;Спа;Аквапарк;Бассейн (открытый);Бассейн (крытый);лифт
1180701783487,Объект Морская Звезда,https://sutochno.ru/front/searchapp/hotels/118070,https://pumpons.github.io/sutochno-feeds/images/40b6b655edabaa83.png,Сочи,4000 RUB,0,4.5486111111111,5.0,трансфер;ресторан;Терраса;Спа;Аквапарк;Бассейн (открытый);Бассейн (крытый);лифт
779891132037,Объект у Аллы,https://sutochno.ru/front/searchapp/hotels/77989,https://pumpons.github.io/sutochno-feeds/images/b354eae1d11d3a86.png,Сочи,1700 RUB,0,4.5483276643991,5.0,трансфер
779891132011,Объект у Аллы,https://sutochno.ru/front/searchapp/hotels/77989,https://pumpons.github.io/sutochno-feeds/images/a3b1261bc25e3f5c.png,Сочи,2200 RUB,0,4.5483276643991,5.0,трансфер
779891158601,Объект у Аллы,https://sutochno.ru/front/searchapp/hotels/77989,https://pumpons.github.io/sutochno-feeds/images/1050d668023c5631.png,Сочи,2490 RUB,0,4.5483276643991,5.0,трансфер
294391964279,Объект Отель MiGal,https://sutochno.ru/front/searchapp/hotels/29439,https://pumpons.github.io/sutochno-feeds/images/ce0921e50c32c313.png,Сочи,7500 RUB,0,4.547619047619,5.0,круглосуточная стойка;Терраса
29439744323,Объект Отель MiGal,https://sutochno.ru/front/searchapp/hotels/29439,https://pumpons.github.io/sutochno-feeds/images/6f2f408a368b608a.png,Сочи,6000 RUB,0,4.547619047619,5.0,круглосуточная стойка;Терраса
29439755853,Объект Отель MiGal,https://sutochno.ru/front/searchapp/hotels/29439,https://pumpons.github.io/sutochno-feeds/images/ce0921e50c32c313.png,Сочи,7500 RUB,0,4.547619047619,5.0,круглосуточная стойка;Терраса
661871041523,Гостевой дом Домик на Акациях,https://sutochno.ru/front/searchapp/hotels/66187,https://pumpons.github.io/sutochno-feeds/images/fec19e57e6b988cf.png,Сочи,3700 RUB,0,4.547619047619,5.0,
29439755855,Объект Отель MiGal,https://sutochno.ru/front/searchapp/hotels/29439,https://pumpons.github.io/sutochno-feeds/images/7d5ae0800404c5c0.png,Сочи,13000 RUB,0,4.547619047619,5.0,круглосуточная стойка;Терраса
661871128211,Гостевой дом Домик на Акациях,https://sutochno.ru/front/searchapp/hotels/66187,https://pumpons.github.io/sutochno-feeds/images/942dde1d380caf22.png,Сочи,2500 RUB,0,4.547619047619,5.0,
1001071327841,Гостевой дом Viva Лариса,https://sutochno.ru/front/searchapp/hotels/100107,https://pumpons.github.io/sutochno-feeds/images/98782f2167dec06f.png,Адлер,2652 RUB,0,4.5455452162559,5.0,трансфер;доставка в номер;круглосуточная стойка;Терраса;детский бассейн;прачечная
1001071327831,Гостевой дом Viva Лариса,https://sutochno.ru/front/searchapp/hotels/100107,https://pumpons.github.io/sutochno-feeds/images/97afb58b744def3a.png,Адлер,2160 RUB,0,4.5455452162559,5.0,трансфер;доставка в номер;круглосуточная стойка;Терраса;детский бассейн;прачечная
1001071327847,Гостевой дом Viva Лариса,https://sutochno.ru/front/searchapp/hotels/100107,https://pumpons.github.io/sutochno-feeds/images/becae5ba02e9de12.png,Адлер,2856 RUB,0,4.5455452162559,5.0,трансфер;доставка в номер;круглосуточная стойка;Терраса;детский бассейн;прачечная
1001071327835,Гостевой дом Viva Лариса,https://sutochno.ru/front/searchapp/hotels/100107,https://pumpons.github.io/sutochno-feeds/images/b8dafeef5b07f230.png,Адлер,2640 RUB,0,4.5455452162559,5.0,трансфер;доставка в номер;круглосуточная стойка;Терраса;детский бассейн;прачечная
1268371659973,Объект Аурелия-Версаль,https://sutochno.ru/front/searchapp/hotels/126837,https://pumpons.github.io/sutochno-feeds/images/78bd10c6e5eed2aa.png,Сочи,5000 RUB,0,4.5413695781343,5.0,
1268371637962,Объект Аурелия-Версаль,https://sutochno.ru/front/searchapp/hotels/126837,https://pumpons.github.io/sutochno-feeds/images/78bd10c6e5eed2aa.png,Сочи,5000 RUB,0,4.5413695781343,5.0,
1268371653021,Объект Аурелия-Версаль,https://sutochno.ru/front/searchapp/hotels/126837,https://pumpons.github.io/sutochno-feeds/images/78bd10c6e5eed2aa.png,Сочи,5000 RUB,0,4.5413695781343,5.0,
1268371673878,Объект Аурелия-Версаль,https://sutochno.ru/front/searchapp/hotels/126837,https://pumpons.github.io/sutochno-feeds/images/78bd10c6e5eed2aa.png,Сочи,5000 RUB,0,4.5413695781343,5.0,
7678550791,Объект На Азовской,https://sutochno.ru/front/searchapp/hotels/7678,https://pumpons.github.io/sutochno-feeds/images/cc5fdac9ebe61fed.png,Сочи,6000 RUB,0,4.5351851851852,5.0,
7678551247,Объект На Азовской,https://sutochno.ru/front/searchapp/hotels/7678,https://pumpons.github.io/sutochno-feeds/images/42bdadec5b604aae.png,Сочи,2000 RUB,0,4.5351851851852,5.0,
1215741565864,Объект На Крупской ,https://sutochno.ru/front/searchapp/hotels/121574,https://pumpons.github.io/sutochno-feeds/images/ba2b2f4090932787.png,Адлер,3000 RUB,0,4.5344827586207,5.0,
1523691976125,Гостевой дом Австерия,https://sutochno.ru/front/searchapp/hotels/152369,https://pumpons.github.io/sutochno-feeds/images/9b8185a84e68065d.png,Адлер,1700 RUB,0,4.5316553592763,5.0,трансфер;круглосуточная стойка;камера хранения;прачечная
1523691976122,Гостевой дом Австерия,https://sutochno.ru/front/searchapp/hotels/152369,https://pumpons.github.io/sutochno-feeds/images/00326a53e6299940.png,Адлер,1530 RUB,0,4.5316553592763,5.0,трансфер;круглосуточная стойка;камера хранения;прачечная
1523691976117,Гостевой дом Австерия,https://sutochno.ru/front/searchapp/hotels/152369,https://pumpons.github.io/sutochno-feeds/images/e971a82db3a35bab.png,Адлер,1600 RUB,0,4.5316553592763,5.0,трансфер;круглосуточная стойка;камера хранения;прачечная
1523691976124,Гостевой дом Австерия,https://sutochno.ru/front/searchapp/hotels/152369,https://pumpons.github.io/sutochno-feeds/images/03e174096bf9c6a8.png,Адлер,1615 RUB,0,4.5316553592763,5.0,трансфер;круглосуточная стойка;камера хранения;прачечная
1523691976123,Гостевой дом Австерия,https://sutochno.ru/front/searchapp/hotels/152369,https://pumpons.github.io/sutochno-feeds/images/3f8bf4b8c92a22b2.png,Адлер,1620 RUB,0,4.5316553592763,5.0,трансфер;круглосуточная стойка;камера хранения;прачечная
1523691976120,Гостевой дом Австерия,https://sutochno.ru/front/searchapp/hotels/152369,https://pumpons.github.io/sutochno-feeds/images/101bf3a1c0042ccb.png,Адлер,1440 RUB,0,4.5316553592763,5.0,трансфер;круглосуточная стойка;камера хранения;прачечная
23001691073,Объект Цитрус,https://sutochno.ru/front/searchapp/hotels/23001,https://pumpons.github.io/sutochno-feeds/images/ac0f062ce02df1e9.png,Сочи,1500 RUB,0,4.5254882154882,5.0,сад;Терраса;Бассейн (открытый)
230011764907,Объект Цитрус,https://sutochno.ru/front/searchapp/hotels/23001,https://pumpons.github.io/sutochno-feeds/images/cd2176af60f6ce2d.png,Сочи,2800 RUB,0,4.5254882154882,5.0,сад;Терраса;Бассейн (открытый)
230011225311,Объект Цитрус,https://sutochno.ru/front/searchapp/hotels/23001,https://pumpons.github.io/sutochno-feeds/images/ac0f062ce02df1e9.png,Сочи,1500 RUB,0,4.5254882154882,5.0,сад;Терраса;Бассейн (открытый)
23001741151,Объект Цитрус,https://sutochno.ru/front/searchapp/hotels/23001,https://pumpons.github.io/sutochno-feeds/images/06565dceb7c48fd3.png,Сочи,2000 RUB,0,4.5254882154882,5.0,сад;Терраса;Бассейн (открытый)
23001854245,Объект Цитрус,https://sutochno.ru/front/searchapp/hotels/23001,https://pumpons.github.io/sutochno-feeds/images/06565dceb7c48fd3.png,Сочи,2000 RUB,0,4.5254882154882,5.0,сад;Терраса;Бассейн (открытый)
1320121712658,Объект Морской Бриз,https://sutochno.ru/front/searchapp/hotels/132012,https://pumpons.github.io/sutochno-feeds/images/c5c082679ef8d917.png,Адлер,10000 RUB,0,4.5219576719577,5.0,трансфер;круглосуточная стойка;камера хранения;прачечная
1320121712651,Объект Морской Бриз,https://sutochno.ru/front/searchapp/hotels/132012,https://pumpons.github.io/sutochno-feeds/images/65a221e91d41972d.png,Адлер,8000 RUB,0,4.5219576719577,5.0,трансфер;круглосуточная стойка;камера хранения;прачечная
1320121712663,Объект Морской Бриз,https://sutochno.ru/front/searchapp/hotels/132012,https://pumpons.github.io/sutochno-feeds/images/c5c082679ef8d917.png,Адлер,10000 RUB,0,4.5219576719577,5.0,трансфер;круглосуточная стойка;камера хранения;прачечная
1397941822034,Объект Замок,https://sutochno.ru/front/searchapp/hotels/139794,https://pumpons.github.io/sutochno-feeds/images/b0a7936e36b954d3.png,Адлер,7150 RUB,0,4.5216049382716,5.0,доставка в номер;Бассейн (открытый);Игровая площадка для детей;лифт
1397941803735,Объект Замок,https://sutochno.ru/front/searchapp/hotels/139794,https://pumpons.github.io/sutochno-feeds/images/b3e4d817e979842d.png,Адлер,6500 RUB,0,4.5216049382716,5.0,доставка в номер;Бассейн (открытый);Игровая площадка для детей;лифт
1397942106934,Объект Замок,https://sutochno.ru/front/searchapp/hotels/139794,https://pumpons.github.io/sutochno-feeds/images/b3e4d817e979842d.png,Адлер,6500 RUB,0,4.5216049382716,5.0,доставка в номер;Бассейн (открытый);Игровая площадка для детей;лифт
884611218221,Гостевой дом Анна,https://sutochno.ru/front/searchapp/hotels/88461,https://pumpons.github.io/sutochno-feeds/images/abaa6b6314f47cb7.png,Адлер,1890 RUB,0,4.515873015873,5.0,круглосуточная стойка;сад;Терраса
884611218235,Гостевой дом Анна,https://sutochno.ru/front/searchapp/hotels/88461,https://pumpons.github.io/sutochno-feeds/images/8085a6174f7c0707.png,Адлер,2565 RUB,0,4.515873015873,5.0,круглосуточная стойка;сад;Терраса
884611218209,Гостевой дом Анна,https://sutochno.ru/front/searchapp/hotels/88461,https://pumpons.github.io/sutochno-feeds/images/f11c178b0ce2fba0.png,Адлер,1620 RUB,0,4.515873015873,5.0,круглосуточная стойка;сад;Терраса
884611218243,Гостевой дом Анна,https://sutochno.ru/front/searchapp/hotels/88461,https://pumpons.github.io/sutochno-feeds/images/a2363090e2c9191b.png,Адлер,2700 RUB,0,4.515873015873,5.0,круглосуточная стойка;сад;Терраса
31985758861,Объект Командор,https://sutochno.ru/front/searchapp/hotels/31985,https://pumpons.github.io/sutochno-feeds/images/f424586b7a44081b.png,Сочи,1000 RUB,0,4.5097619047619,5.0,круглосуточная стойка;Терраса
31985758853,Объект Командор,https://sutochno.ru/front/searchapp/hotels/31985,https://pumpons.github.io/sutochno-feeds/images/f424586b7a44081b.png,Сочи,1000 RUB,0,4.5097619047619,5.0,круглосуточная стойка;Терраса
1617522094014,Объект Апартаменты Golden Holiday Мацеста,https://sutochno.ru/front/searchapp/hotels/161752,https://pumpons.github.io/sutochno-feeds/images/193ba579f5cd845f.png,Сочи,6960 RUB,0,4.5094696969697,5.0,ресторан;сауна;Спа;Бассейн (открытый);Игровая площадка для детей;бассейн с подогревом
55563968381,Объект Laura ,https://sutochno.ru/front/searchapp/hotels/55563,https://pumpons.github.io/sutochno-feeds/images/527c63f59642c917.png,Адлер,1300 RUB,0,4.509217325228,5.0,
55563968259,Объект Laura ,https://sutochno.ru/front/searchapp/hotels/55563,https://pumpons.github.io/sutochno-feeds/images/45a0db36df1d9be6.png,Адлер,900 RUB,0,4.509217325228,5.0,
55563968311,Объект Laura ,https://sutochno.ru/front/searchapp/hotels/55563,https://pumpons.github.io/sutochno-feeds/images/c8c985d0d1c9dce7.png,Адлер,1000 RUB,0,4.509217325228,5.0,
610191002765,Объект Флибустьер,https://sutochno.ru/front/searchapp/hotels/61019,https://pumpons.github.io/sutochno-feeds/images/2e056739828e6197.png,Сочи,4500 RUB,0,4.5041666666667,5.0,Терраса
1574612046323,Гостевой дом Море,https://sutochno.ru/front/searchapp/hotels/157461,https://pumpons.github.io/sutochno-feeds/images/039ca963250612c8.png,Адлер,3000 RUB,0,4.5,5.0,бассейн с подогревом
1574612046309,Гостевой дом Море,https://sutochno.ru/front/searchapp/hotels/157461,https://pumpons.github.io/sutochno-feeds/images/b814a58a51455b8c.png,Адлер,2500 RUB,0,4.5,5.0,бассейн с подогревом
1583032131044,Объект Рукавичка,https://sutochno.ru/front/searchapp/hotels/158303,https://pumpons.github.io/sutochno-feeds/images/0d4db9ea6d4fd0ef.png,Адлер,4000 RUB,0,4.5,5.0,заказ экскурсий
1574612046326,Гостевой дом Море,https://sutochno.ru/front/searchapp/hotels/157461,https://pumpons.github.io/sutochno-feeds/images/d36c09fa0b2a5a58.png,Адлер,4000 RUB,0,4.5,5.0,бассейн с подогревом
1583032131043,Объект Рукавичка,https://sutochno.ru/front/searchapp/hotels/158303,https://pumpons.github.io/sutochno-feeds/images/a27ff52435193010.png,Адлер,3800 RUB,0,4.5,5.0,заказ экскурсий
1574612046319,Гостевой дом Море,https://sutochno.ru/front/searchapp/hotels/157461,https://pumpons.github.io/sutochno-feeds/images/b814a58a51455b8c.png,Адлер,2500 RUB,0,4.5,5.0,бассейн с подогревом
1593932068939,Объект Летуаль,https://sutochno.ru/front/searchapp/hotels/159393,https://pumpons.github.io/sutochno-feeds/images/166f8c433c77cc8f.png,Сочи,7500 RUB,0,4.5,5.0,Бассейн (открытый)
717991084941,Объект SADовое,https://sutochno.ru/front/searchapp/hotels/71799,https://pumpons.github.io/sutochno-feeds/images/2b417ebb6dd3c467.png,Сочи,1700 RUB,0,4.5,5.0,трансфер;сад;Терраса
1593932068918,Объект Летуаль,https://sutochno.ru/front/searchapp/hotels/159393,https://pumpons.github.io/sutochno-feeds/images/246f47cb7144b0b9.png,Сочи,6250 RUB,0,4.5,5.0,Бассейн (открытый)
717991072503,Объект SADовое,https://sutochno.ru/front/searchapp/hotels/71799,https://pumpons.github.io/sutochno-feeds/images/6d66af33242fa82c.png,Сочи,1500 RUB,0,4.5,5.0,трансфер;сад;Терраса
1662192138064,Объект Deus,https://sutochno.ru/front/searchapp/hotels/166219,https://pumpons.github.io/sutochno-feeds/images/37bb44503dae309c.png,Сочи,3875 RUB,0,4.5,5.0,Игровая площадка для детей
